ts,temperature,humidity,gas,pir,anomaly_type,label
0,22.0,50.0,300.0,0,normal,0
2,22.07,50.31,305.0,0,normal,0
4,22.1,50.59,307.5,0,normal,0
6,21.99,50.44,302.4,0,normal,0
8,22.07,50.36,298.3,0,normal,0
10,22.11,50.08,299.6,0,normal,0
12,22.06,49.66,302.0,0,normal,0
14,22.11,49.55,298.7,0,normal,0
16,22.14,49.78,303.0,0,normal,0
18,22.15,49.48,308.2,0,normal,0
20,22.15,49.6,306.8,0,normal,0
22,22.19,49.67,300.2,0,normal,0
24,22.12,49.39,303.7,0,normal,0
26,22.11,49.44,300.2,0,normal,0
28,22.07,49.5,299.6,0,normal,0
30,22.13,49.57,296.0,0,normal,0
32,22.13,49.53,297.7,0,normal,0
34,22.11,49.54,298.3,0,normal,0
36,22.05,49.42,298.2,0,normal,0
38,22.04,49.35,296.8,0,normal,0
40,22.05,49.31,298.9,0,normal,0
42,22.04,49.27,302.5,0,normal,0
44,22.15,49.27,301.5,0,normal,0
46,22.24,49.34,300.0,0,normal,0
48,22.01,49.58,300.4,0,normal,0
50,21.88,49.42,297.5,0,normal,0
52,21.89,49.45,299.2,0,normal,0
54,21.89,49.75,299.8,0,normal,0
56,21.94,50.08,303.2,0,normal,0
58,21.98,50.08,299.0,0,normal,0
60,22.17,50.09,302.3,0,normal,0
62,22.09,50.37,303.2,0,normal,0
64,22.07,50.1,297.2,0,normal,0
66,22.25,50.07,299.9,0,normal,0
68,22.3,50.04,296.5,0,normal,0
70,22.34,49.95,293.2,0,normal,0
72,22.29,50.37,288.5,0,normal,0
74,22.15,50.44,292.2,0,normal,0
76,22.18,50.23,292.9,0,normal,0
78,22.19,50.07,294.3,0,normal,0
80,22.1,50.44,301.9,0,normal,0
82,22.06,50.49,298.8,1,normal,0
84,22.08,50.37,298.1,0,normal,0
86,22.02,50.35,298.6,0,normal,0
88,22.04,50.31,299.6,0,normal,0
90,22.07,50.21,302.0,0,normal,0
92,22.09,50.13,293.3,0,normal,0
94,22.07,50.17,292.5,1,normal,0
96,22.14,50.19,296.5,0,normal,0
98,22.23,50.07,292.8,0,normal,0
100,22.26,50.14,293.2,0,normal,0
102,22.2,50.3,297.6,0,normal,0
104,22.27,50.34,297.8,0,normal,0
106,22.24,50.77,301.1,0,normal,0
108,22.32,50.73,296.3,0,normal,0
110,22.23,50.87,299.8,0,normal,0
112,22.32,50.63,292.6,0,normal,0
114,22.32,50.37,297.3,0,normal,0
116,22.22,50.47,300.2,0,normal,0
118,22.21,50.32,299.6,0,normal,0
120,22.23,50.21,296.7,0,normal,0
122,22.26,50.15,299.7,0,normal,0
124,22.2,49.89,302.2,0,normal,0
126,22.12,49.92,305.1,0,normal,0
128,22.17,49.99,299.2,0,normal,0
130,22.15,49.84,295.9,0,normal,0
132,22.19,49.74,299.3,0,normal,0
134,22.27,49.22,300.6,0,normal,0
136,22.15,49.36,297.9,0,normal,0
138,22.2,49.55,297.1,0,normal,0
140,22.32,49.46,302.3,0,normal,0
142,22.3,49.3,294.1,0,normal,0
144,22.25,49.37,291.0,0,normal,0
146,22.33,49.79,297.9,0,normal,0
148,22.36,50.01,296.1,0,normal,0
150,22.44,50.06,295.1,0,normal,0
152,22.41,49.94,295.5,0,normal,0
154,22.3,49.94,294.6,0,normal,0
156,22.3,50.08,294.1,0,normal,0
158,22.28,50.5,292.5,0,normal,0
160,22.36,50.43,289.7,0,normal,0
162,22.39,50.65,294.0,0,normal,0
164,22.26,50.64,297.2,0,normal,0
166,22.19,50.67,300.6,0,normal,0
168,22.29,50.39,301.1,0,normal,0
170,22.36,50.04,303.7,0,normal,0
172,22.32,50.07,300.6,0,normal,0
174,22.34,49.87,304.2,0,normal,0
176,22.39,49.79,306.6,0,normal,0
178,22.44,49.61,302.3,0,normal,0
180,22.52,49.9,307.3,0,normal,0
182,22.54,49.87,310.3,0,normal,0
184,22.53,49.55,306.9,0,normal,0
186,22.51,49.4,302.0,0,normal,0
188,22.59,49.68,303.3,0,normal,0
190,22.41,49.61,303.0,0,normal,0
192,22.41,49.67,299.5,0,normal,0
194,22.43,49.41,299.1,0,normal,0
196,22.32,49.45,298.9,0,normal,0
198,22.37,49.34,299.5,0,normal,0
200,22.34,49.4,300.5,0,normal,0
202,22.43,49.18,300.7,0,normal,0
204,22.43,49.23,296.1,0,normal,0
206,22.5,49.36,299.9,0,normal,0
208,22.61,49.13,301.1,0,normal,0
210,22.63,49.34,297.7,0,normal,0
212,22.56,49.27,296.4,0,normal,0
214,22.44,49.33,297.3,0,normal,0
216,22.6,49.06,298.0,0,normal,0
218,22.59,48.8,301.9,0,normal,0
220,22.54,48.81,298.8,0,normal,0
222,22.55,49.07,293.0,0,normal,0
224,22.55,48.89,298.3,0,normal,0
226,22.62,49.01,295.7,0,normal,0
228,22.62,48.79,298.2,0,normal,0
230,22.63,48.45,300.4,0,normal,0
232,22.57,48.68,298.6,0,normal,0
234,22.61,48.87,300.9,0,normal,0
236,22.53,48.96,303.2,0,normal,0
238,22.6,48.98,302.2,0,normal,0
240,22.73,49.18,301.6,0,normal,0
242,22.6,49.18,297.1,0,normal,0
244,22.41,49.1,298.6,0,normal,0
246,22.48,48.98,301.5,0,normal,0
248,22.7,48.53,302.9,0,normal,0
250,22.62,48.57,303.2,0,normal,0
252,22.53,48.74,306.2,0,normal,0
254,22.59,48.53,304.4,0,normal,0
256,22.53,48.69,305.0,0,normal,0
258,22.51,49.01,302.4,0,normal,0
260,22.5,48.97,303.4,0,normal,0
262,22.56,48.98,297.5,0,normal,0
264,22.55,49.24,298.1,0,normal,0
266,22.58,49.56,296.0,0,normal,0
268,22.58,49.54,297.4,0,normal,0
270,22.53,49.32,299.9,0,normal,0
272,22.52,49.26,302.6,0,normal,0
274,22.47,49.3,303.6,0,normal,0
276,22.5,49.46,303.7,0,normal,0
278,22.43,49.73,305.3,0,normal,0
280,22.38,49.61,303.8,0,normal,0
282,22.53,49.61,302.3,0,normal,0
284,22.55,49.64,305.7,0,normal,0
286,22.56,49.82,307.1,0,normal,0
288,22.63,49.31,308.5,0,normal,0
290,22.61,49.29,309.3,0,normal,0
292,22.6,49.22,299.3,0,normal,0
294,22.66,49.4,297.6,0,normal,0
296,22.69,49.24,299.7,0,normal,0
298,22.61,49.33,296.8,0,normal,0
300,22.69,49.59,297.7,0,normal,0
302,22.66,49.39,303.1,0,normal,0
304,22.59,49.14,302.4,0,normal,0
306,22.54,48.9,303.8,0,normal,0
308,22.53,48.91,303.5,0,normal,0
310,22.69,48.68,303.7,0,normal,0
312,22.61,48.86,307.8,0,normal,0
314,22.64,48.83,305.6,0,normal,0
316,22.49,48.92,301.7,0,normal,0
318,22.52,48.92,305.1,0,normal,0
320,22.63,49.24,306.2,0,normal,0
322,22.63,49.45,307.2,0,normal,0
324,22.6,49.03,309.4,0,normal,0
326,22.64,49.26,308.1,0,normal,0
328,22.72,49.29,308.6,0,normal,0
330,22.79,49.15,310.3,0,normal,0
332,22.95,49.31,309.4,0,normal,0
334,22.96,49.42,306.5,0,normal,0
336,22.9,49.47,307.6,0,normal,0
338,22.89,49.42,305.9,0,normal,0
340,22.88,49.37,305.9,0,normal,0
342,22.89,49.27,298.7,0,normal,0
344,22.89,49.45,297.8,0,normal,0
346,22.9,49.17,300.0,0,normal,0
348,22.77,49.52,296.8,0,normal,0
350,22.85,49.78,295.6,0,normal,0
352,22.81,49.66,303.3,0,normal,0
354,22.72,49.59,305.5,0,normal,0
356,22.79,49.61,304.9,0,normal,0
358,22.91,49.69,303.2,0,normal,0
360,22.95,49.67,304.9,0,normal,0
362,22.96,49.49,306.9,0,normal,0
364,22.88,49.24,304.9,0,normal,0
366,23.12,49.13,308.8,0,normal,0
368,23.17,48.89,303.9,0,normal,0
370,23.06,48.95,300.0,0,normal,0
372,22.98,49.08,306.5,0,normal,0
374,22.99,49.5,300.7,0,normal,0
376,22.86,49.31,306.3,0,normal,0
378,22.88,49.11,312.2,0,normal,0
380,22.85,49.08,306.0,0,normal,0
382,22.96,49.0,306.5,0,normal,0
384,23.04,48.86,310.1,0,normal,0
386,22.82,49.02,306.2,0,normal,0
388,22.84,49.07,305.2,0,normal,0
390,22.72,49.04,306.3,0,normal,0
392,22.84,48.8,304.8,0,normal,0
394,22.86,48.58,304.0,0,normal,0
396,22.92,48.63,298.9,0,normal,0
398,22.84,48.62,302.1,0,normal,0
400,23.01,48.41,298.7,0,normal,0
402,23.17,48.66,300.9,0,normal,0
404,23.07,48.63,307.3,0,normal,0
406,23.09,48.64,309.3,1,normal,0
408,23.03,48.69,309.2,0,normal,0
410,23.03,48.45,309.9,0,normal,0
412,22.92,48.39,309.1,0,normal,0
414,23.08,48.01,306.6,0,normal,0
416,23.0,48.24,308.8,0,normal,0
418,22.98,48.16,310.3,0,normal,0
420,23.03,48.02,307.9,0,normal,0
422,22.98,47.99,306.1,0,normal,0
424,22.96,48.31,308.7,0,normal,0
426,22.93,48.46,308.3,0,normal,0
428,22.93,48.8,310.1,0,normal,0
430,22.85,49.09,308.0,0,normal,0
432,22.84,49.13,313.8,0,normal,0
434,22.84,49.29,310.1,0,normal,0
436,22.84,49.23,311.8,0,normal,0
438,22.87,48.75,308.3,0,normal,0
440,22.86,48.88,309.7,0,normal,0
442,22.95,48.93,306.6,0,normal,0
444,22.93,48.87,309.3,0,normal,0
446,22.94,48.65,307.2,0,normal,0
448,22.9,48.72,299.1,0,normal,0
450,22.88,48.53,301.6,0,normal,0
452,22.8,48.71,302.6,0,normal,0
454,22.87,48.86,303.4,0,normal,0
456,22.8,48.83,304.3,0,normal,0
458,22.77,48.54,304.5,0,normal,0
460,22.84,48.59,301.1,0,normal,0
462,22.9,48.58,301.6,0,normal,0
464,22.89,48.54,303.0,0,normal,0
466,22.75,48.75,301.9,0,normal,0
468,22.82,48.87,306.4,0,normal,0
470,22.87,48.39,308.1,0,normal,0
472,22.78,48.58,306.6,0,normal,0
474,22.88,48.8,307.9,0,normal,0
476,22.85,48.66,304.2,0,normal,0
478,22.79,48.66,303.7,0,normal,0
480,22.83,48.5,302.2,0,normal,0
482,22.85,48.76,303.5,0,normal,0
484,22.9,48.61,303.2,0,normal,0
486,22.79,48.52,308.6,0,normal,0
488,22.98,48.38,303.6,0,normal,0
490,22.95,48.33,309.0,0,normal,0
492,22.85,48.49,304.7,0,normal,0
494,22.93,48.21,301.4,0,normal,0
496,22.92,48.34,300.6,0,normal,0
498,22.97,48.34,304.4,0,normal,0
500,22.97,48.39,303.6,0,normal,0
502,22.98,48.64,299.7,0,normal,0
504,23.02,48.52,293.7,0,normal,0
506,22.98,48.36,300.4,0,normal,0
508,23.06,48.41,300.1,0,normal,0
510,23.03,48.26,307.4,0,normal,0
512,22.98,48.37,305.1,1,normal,0
514,23.01,48.37,306.2,0,normal,0
516,23.06,48.22,304.2,0,normal,0
518,23.06,48.26,306.0,0,normal,0
520,23.01,48.37,300.5,0,normal,0
522,23.08,48.1,302.5,0,normal,0
524,22.95,48.36,306.5,0,normal,0
526,22.89,48.2,307.6,0,normal,0
528,22.93,48.43,307.6,0,normal,0
530,22.85,48.28,307.1,0,normal,0
532,22.89,48.32,307.0,0,normal,0
534,22.92,48.38,305.0,0,normal,0
536,23.02,48.74,308.1,0,normal,0
538,22.97,48.91,304.2,0,normal,0
540,22.95,48.8,305.3,0,normal,0
542,23.01,48.88,300.9,0,normal,0
544,22.83,48.85,297.8,0,normal,0
546,23.12,48.83,299.0,0,normal,0
548,23.08,48.67,298.8,0,normal,0
550,23.04,48.67,298.5,0,normal,0
552,23.13,48.67,302.0,0,normal,0
554,23.14,48.45,302.7,0,normal,0
556,23.01,48.52,302.7,0,normal,0
558,23.09,48.43,300.8,0,normal,0
560,23.17,48.69,299.3,0,normal,0
562,23.15,48.31,297.9,0,normal,0
564,23.14,48.46,295.3,0,normal,0
566,23.19,48.21,295.4,0,normal,0
568,23.13,48.3,298.1,0,normal,0
570,23.18,48.33,302.4,0,normal,0
572,23.2,48.17,300.3,0,normal,0
574,23.16,48.06,298.9,0,normal,0
576,23.06,48.29,295.5,0,normal,0
578,23.07,48.41,302.1,0,normal,0
580,23.02,48.45,301.5,0,normal,0
582,23.13,48.63,304.1,0,normal,0
584,23.16,48.75,301.7,0,normal,0
586,23.23,48.77,303.3,0,normal,0
588,23.25,48.84,301.6,0,normal,0
590,23.28,48.73,303.3,0,normal,0
592,23.22,48.79,304.0,0,normal,0
594,23.28,48.63,308.7,0,normal,0
596,23.43,48.63,307.5,0,normal,0
598,23.39,48.61,302.3,0,normal,0
600,23.34,48.61,307.4,0,normal,0
602,23.32,48.61,307.4,0,normal,0
604,23.29,48.73,308.9,0,normal,0
606,23.23,48.74,305.8,0,normal,0
608,23.26,48.48,309.6,0,normal,0
610,23.24,48.28,317.5,0,normal,0
612,23.37,48.4,313.4,0,normal,0
614,23.36,48.4,308.1,0,normal,0
616,23.39,48.34,314.5,0,normal,0
618,23.46,48.5,310.1,0,normal,0
620,23.42,48.49,303.1,0,normal,0
622,23.53,48.44,298.9,1,normal,0
624,23.46,48.47,301.3,0,normal,0
626,23.39,48.7,306.1,0,normal,0
628,23.35,48.85,306.2,0,normal,0
630,23.35,49.05,307.2,0,normal,0
632,23.23,48.87,308.7,0,normal,0
634,23.24,48.77,310.0,0,normal,0
636,23.12,48.9,308.8,0,normal,0
638,23.26,48.39,310.7,0,normal,0
640,23.26,48.65,307.3,0,normal,0
642,23.22,48.31,305.9,0,normal,0
644,23.17,48.05,297.9,0,normal,0
646,23.16,47.85,301.0,0,normal,0
648,23.16,47.75,303.6,0,normal,0
650,23.1,47.76,302.3,0,normal,0
652,23.05,48.23,306.0,0,normal,0
654,23.07,48.21,306.3,0,normal,0
656,23.06,48.24,306.8,0,normal,0
658,23.17,48.2,304.4,0,normal,0
660,23.28,47.76,308.7,0,normal,0
662,23.29,47.62,312.4,0,normal,0
664,23.34,48.23,307.2,0,normal,0
666,23.24,48.33,306.1,0,normal,0
668,23.31,48.55,298.8,0,normal,0
670,23.31,48.06,302.8,0,normal,0
672,23.36,48.06,299.8,1,normal,0
674,23.49,48.07,302.4,0,normal,0
676,23.3,48.15,304.1,0,normal,0
678,23.33,48.26,311.7,0,normal,0
680,23.25,48.31,308.4,0,normal,0
682,23.32,48.36,308.6,0,normal,0
684,23.22,48.35,307.8,0,normal,0
686,23.2,48.07,312.8,0,normal,0
688,23.24,48.22,307.0,0,normal,0
690,23.31,48.24,306.7,0,normal,0
692,23.32,48.43,303.7,0,normal,0
694,23.27,48.51,304.0,0,normal,0
696,23.24,48.28,305.0,0,normal,0
698,23.33,48.55,303.2,0,normal,0
700,23.34,48.14,304.0,0,normal,0
702,23.21,47.97,304.6,0,normal,0
704,23.3,48.07,307.3,0,normal,0
706,23.35,48.08,303.7,0,normal,0
708,23.43,48.01,308.1,0,normal,0
710,23.4,47.87,300.1,0,normal,0
712,23.47,48.07,300.6,0,normal,0
714,23.38,47.97,304.5,0,normal,0
716,23.43,48.04,301.7,0,normal,0
718,23.39,48.28,301.3,0,normal,0
720,23.45,48.51,303.3,0,normal,0
722,23.53,48.8,306.2,0,normal,0
724,23.46,48.64,299.7,0,normal,0
726,23.46,48.61,300.5,0,normal,0
728,23.46,48.95,305.3,0,normal,0
730,23.55,49.05,312.3,0,normal,0
732,23.6,49.0,309.3,0,normal,0
734,23.49,48.68,313.7,0,normal,0
736,23.52,48.62,312.5,0,normal,0
738,23.57,48.43,308.8,0,normal,0
740,23.73,48.63,305.2,0,normal,0
742,23.57,48.67,307.3,0,normal,0
744,23.52,48.22,310.9,0,normal,0
746,23.62,48.01,308.0,0,normal,0
748,23.49,47.95,306.5,0,normal,0
750,23.39,48.14,308.6,1,normal,0
752,23.44,48.23,313.7,0,normal,0
754,23.53,48.24,312.8,0,normal,0
756,23.47,47.98,310.1,0,normal,0
758,23.51,48.06,308.8,0,normal,0
760,23.51,48.37,307.6,0,normal,0
762,23.63,48.47,303.3,0,normal,0
764,23.61,48.58,305.0,0,normal,0
766,23.68,48.51,307.1,0,normal,0
768,23.59,48.45,305.5,0,normal,0
770,23.56,48.51,311.6,0,normal,0
772,23.54,48.96,308.4,0,normal,0
774,23.63,48.93,309.5,0,normal,0
776,23.66,48.95,310.8,0,normal,0
778,23.58,48.72,309.4,0,normal,0
780,23.62,48.59,307.4,0,normal,0
782,23.67,48.16,299.7,0,normal,0
784,23.64,48.34,300.9,0,normal,0
786,23.61,48.93,304.5,0,normal,0
788,23.58,48.79,307.2,0,normal,0
790,23.43,48.67,308.1,0,normal,0
792,23.45,48.3,304.3,0,normal,0
794,23.47,48.35,303.1,0,normal,0
796,23.41,48.62,301.7,0,normal,0
798,23.47,48.53,304.6,0,normal,0
800,23.37,48.49,312.7,0,normal,0
802,23.33,48.84,308.6,0,normal,0
804,23.31,48.64,309.1,0,normal,0
806,23.49,48.86,310.7,0,normal,0
808,23.36,48.76,305.7,0,normal,0
810,23.42,48.43,304.6,0,normal,0
812,23.5,48.27,308.3,0,normal,0
814,23.53,48.38,306.0,0,normal,0
816,23.62,48.48,307.0,0,normal,0
818,23.53,48.6,306.2,0,normal,0
820,23.34,48.76,306.2,0,normal,0
822,23.42,48.79,304.9,0,normal,0
824,23.33,48.85,303.0,0,normal,0
826,23.32,48.79,305.9,0,normal,0
828,23.24,49.13,307.8,0,normal,0
830,23.35,48.81,306.7,0,normal,0
832,23.44,48.61,304.1,0,normal,0
834,23.38,49.0,300.0,0,normal,0
836,23.47,49.11,300.9,0,normal,0
838,23.48,49.34,302.5,0,normal,0
840,23.47,49.38,298.6,0,normal,0
842,23.48,49.87,302.3,0,normal,0
844,23.46,49.59,306.3,0,normal,0
846,23.52,49.23,306.9,0,normal,0
848,23.54,49.03,312.1,0,normal,0
850,23.51,48.77,312.9,0,normal,0
852,23.59,48.94,310.5,0,normal,0
854,23.53,48.69,306.0,0,normal,0
856,23.55,48.5,302.8,0,normal,0
858,23.58,48.31,303.4,0,normal,0
860,23.69,48.7,301.3,0,normal,0
862,23.63,48.76,304.5,0,normal,0
864,23.76,49.29,306.1,0,normal,0
866,23.74,49.26,308.7,0,normal,0
868,23.7,49.04,306.6,0,normal,0
870,23.63,48.81,310.5,0,normal,0
872,23.66,48.27,314.5,0,normal,0
874,23.65,48.72,312.9,0,normal,0
876,23.55,48.67,306.3,0,normal,0
878,23.45,48.79,309.0,0,normal,0
880,23.41,48.66,310.5,0,normal,0
882,23.37,48.79,312.9,0,normal,0
884,23.47,49.04,306.8,0,normal,0
886,23.58,48.86,309.9,0,normal,0
888,23.64,48.47,302.3,0,normal,0
890,23.66,48.58,306.9,0,normal,0
892,23.61,48.5,310.5,0,normal,0
894,23.6,48.85,314.3,0,normal,0
896,23.66,49.03,313.1,0,normal,0
898,23.82,48.97,312.5,0,normal,0
900,23.86,48.87,308.8,0,normal,0
902,23.8,49.19,302.7,0,normal,0
904,23.77,49.14,299.0,0,normal,0
906,23.71,49.0,295.2,0,normal,0
908,23.62,49.21,297.3,0,normal,0
910,23.6,49.31,302.9,0,normal,0
912,23.6,49.2,303.4,0,normal,0
914,23.74,49.61,307.9,0,normal,0
916,23.72,49.9,304.6,0,normal,0
918,23.81,49.81,304.7,0,normal,0
920,23.92,49.94,306.4,0,normal,0
922,23.88,49.62,308.8,0,normal,0
924,23.97,49.42,302.3,0,normal,0
926,23.98,49.28,304.4,0,normal,0
928,23.9,49.22,305.6,0,normal,0
930,23.88,49.03,304.2,0,normal,0
932,23.84,48.6,308.7,0,normal,0
934,23.79,48.92,306.4,0,normal,0
936,23.74,48.67,311.6,0,normal,0
938,23.73,48.59,313.4,0,normal,0
940,23.74,48.7,313.7,0,normal,0
942,23.65,48.54,313.3,0,normal,0
944,23.63,48.69,303.5,0,normal,0
946,23.49,48.68,306.8,0,normal,0
948,23.51,48.66,311.1,0,normal,0
950,23.56,48.54,314.7,0,normal,0
952,23.57,48.72,311.8,0,normal,0
954,23.58,48.84,309.5,0,normal,0
956,23.62,48.77,307.6,0,normal,0
958,23.55,48.78,303.6,0,normal,0
960,23.53,48.83,305.0,0,normal,0
962,23.56,48.73,300.1,0,normal,0
964,23.64,48.67,301.6,0,normal,0
966,23.65,48.33,299.7,0,normal,0
968,23.84,48.32,303.5,0,normal,0
970,23.8,48.29,300.0,0,normal,0
972,23.85,48.3,306.9,0,normal,0
974,23.91,48.58,313.4,0,normal,0
976,23.86,48.64,312.0,0,normal,0
978,23.75,48.6,312.4,0,normal,0
980,23.63,48.77,312.3,0,normal,0
982,23.63,48.86,311.5,0,normal,0
984,23.7,49.01,308.0,0,normal,0
986,23.7,49.28,308.8,0,normal,0
988,23.69,48.88,310.7,0,normal,0
990,23.64,48.58,309.2,0,normal,0
992,23.67,48.7,307.8,0,normal,0
994,23.48,48.5,306.5,0,normal,0
996,23.5,48.44,299.8,0,normal,0
998,23.5,48.01,299.4,0,normal,0
1000,23.38,48.16,306.0,0,normal,0
1002,23.57,48.41,308.2,0,normal,0
1004,23.45,48.56,301.3,0,normal,0
1006,23.36,48.63,300.0,0,normal,0
1008,23.28,48.63,302.0,0,normal,0
1010,23.38,48.5,304.6,0,normal,0
1012,23.32,48.63,307.4,0,normal,0
1014,23.39,48.62,301.1,0,normal,0
1016,23.44,48.56,305.7,1,normal,0
1018,23.46,48.48,307.7,0,normal,0
1020,23.36,48.89,305.3,0,normal,0
1022,23.32,48.67,305.0,0,normal,0
1024,23.47,48.87,306.7,0,normal,0
1026,23.36,48.86,310.1,0,normal,0
1028,23.3,48.93,310.4,0,normal,0
1030,23.31,48.88,302.7,0,normal,0
1032,23.39,48.84,304.2,0,normal,0
1034,23.41,49.02,305.6,0,normal,0
1036,23.47,49.11,305.0,0,normal,0
1038,23.39,48.66,299.6,0,normal,0
1040,23.47,48.74,304.2,0,normal,0
1042,23.51,48.71,303.0,0,normal,0
1044,23.38,49.19,300.4,0,normal,0
1046,23.51,48.86,302.2,0,normal,0
1048,23.68,48.67,298.8,0,normal,0
1050,23.6,48.55,301.4,0,normal,0
1052,23.58,48.48,304.4,0,normal,0
1054,23.68,48.5,299.2,0,normal,0
1056,23.54,48.4,304.0,0,normal,0
1058,23.37,48.8,305.7,0,normal,0
1060,23.27,48.96,307.7,0,normal,0
1062,23.24,49.01,302.3,0,normal,0
1064,23.21,49.13,305.9,0,normal,0
1066,23.28,49.12,301.2,0,normal,0
1068,23.32,49.05,302.1,0,normal,0
1070,23.23,49.07,303.4,0,normal,0
1072,23.29,48.77,299.3,0,normal,0
1074,23.46,48.77,289.4,0,normal,0
1076,23.55,48.56,295.4,0,normal,0
1078,23.61,48.44,300.4,1,normal,0
1080,23.59,48.92,303.6,1,normal,0
1082,23.65,48.55,309.2,0,normal,0
1084,23.55,48.51,311.4,0,normal,0
1086,23.6,48.74,311.6,0,normal,0
1088,23.57,48.75,306.6,0,normal,0
1090,23.65,48.85,306.9,0,normal,0
1092,23.66,49.21,302.8,0,normal,0
1094,23.55,49.15,300.0,1,normal,0
1096,23.54,49.12,303.1,0,normal,0
1098,23.62,49.09,302.0,0,normal,0
1100,23.51,49.37,300.7,0,normal,0
1102,23.45,49.33,303.9,0,normal,0
1104,23.39,49.49,303.7,0,normal,0
1106,23.27,49.57,300.0,0,normal,0
1108,23.36,49.26,299.7,0,normal,0
1110,23.46,49.13,300.8,0,normal,0
1112,23.52,48.8,297.8,0,normal,0
1114,23.52,49.0,300.8,0,normal,0
1116,23.51,49.23,311.1,0,normal,0
1118,23.51,49.4,307.0,0,normal,0
1120,23.44,49.04,301.0,0,normal,0
1122,23.5,48.88,301.4,1,normal,0
1124,23.57,49.06,300.1,0,normal,0
1126,23.63,48.79,302.1,0,normal,0
1128,23.56,49.11,304.7,0,normal,0
1130,23.55,48.9,301.4,0,normal,0
1132,23.51,48.68,303.1,0,normal,0
1134,23.64,48.59,299.5,0,normal,0
1136,23.63,48.64,300.9,0,normal,0
1138,23.45,48.5,295.6,1,normal,0
1140,23.47,48.5,299.9,0,normal,0
1142,23.61,48.48,302.4,0,normal,0
1144,23.64,48.58,296.3,0,normal,0
1146,23.68,48.25,300.8,0,normal,0
1148,23.65,48.0,301.9,0,normal,0
1150,23.46,47.94,301.1,0,normal,0
1152,23.3,47.98,301.9,0,normal,0
1154,23.21,48.22,302.0,0,normal,0
1156,23.21,48.55,300.5,0,normal,0
1158,23.25,48.27,294.6,0,normal,0
1160,23.31,48.56,293.6,0,normal,0
1162,23.28,48.6,298.0,0,normal,0
1164,23.36,48.84,297.5,0,normal,0
1166,23.34,48.76,300.0,0,normal,0
1168,23.28,48.96,302.1,0,normal,0
1170,23.35,48.61,301.4,0,normal,0
1172,23.27,48.39,302.2,0,normal,0
1174,23.06,48.79,301.4,0,normal,0
1176,23.0,49.14,302.2,0,normal,0
1178,23.04,49.11,304.0,0,normal,0
1180,22.82,48.83,306.4,0,normal,0
1182,22.84,48.63,310.8,0,normal,0
1184,22.86,48.77,309.3,0,normal,0
1186,22.79,49.0,308.6,0,normal,0
1188,22.72,49.02,312.2,0,normal,0
1190,22.74,49.14,308.6,0,normal,0
1192,22.75,48.98,314.6,0,normal,0
1194,22.9,48.66,313.5,0,normal,0
1196,22.97,48.67,312.5,0,normal,0
1198,22.88,48.52,306.9,0,normal,0
1200,22.85,48.53,304.8,0,normal,0
1202,22.95,48.68,308.5,0,normal,0
1204,23.13,48.65,305.6,0,normal,0
1206,23.17,48.68,300.4,0,normal,0
1208,23.21,48.69,300.3,1,normal,0
1210,23.36,48.73,302.8,0,normal,0
1212,23.35,48.83,300.0,0,normal,0
1214,23.32,48.89,305.5,0,normal,0
1216,23.2,48.92,304.2,0,normal,0
1218,23.16,48.83,304.2,0,normal,0
1220,23.34,48.88,303.6,0,normal,0
1222,23.22,48.84,301.8,0,normal,0
1224,23.22,48.59,303.7,0,normal,0
1226,23.11,48.67,299.8,0,normal,0
1228,23.13,48.49,300.4,0,normal,0
1230,23.22,48.33,299.7,0,normal,0
1232,23.2,48.49,299.6,0,normal,0
1234,23.26,48.33,297.0,0,normal,0
1236,23.31,48.26,297.7,0,normal,0
1238,23.34,48.09,304.4,0,normal,0
1240,23.46,48.2,299.7,0,normal,0
1242,23.5,48.22,304.0,0,normal,0
1244,23.45,48.35,302.5,0,normal,0
1246,23.37,48.43,308.6,0,normal,0
1248,23.29,48.49,303.6,0,normal,0
1250,23.32,48.74,300.3,0,normal,0
1252,23.28,48.9,305.7,0,normal,0
1254,23.49,48.79,301.5,0,normal,0
1256,23.61,49.18,302.7,0,normal,0
1258,23.55,48.87,303.0,0,normal,0
1260,23.48,49.16,305.1,0,normal,0
1262,23.59,49.05,306.2,0,normal,0
1264,23.4,49.16,312.0,0,normal,0
1266,23.34,49.07,309.9,0,normal,0
1268,23.4,48.88,311.3,0,normal,0
1270,23.3,49.12,310.7,0,normal,0
1272,23.25,49.15,302.5,0,normal,0
1274,23.21,49.31,306.8,0,normal,0
1276,23.26,49.48,305.6,0,normal,0
1278,23.26,49.42,311.0,0,normal,0
1280,23.28,49.28,306.2,0,normal,0
1282,23.32,49.32,300.4,0,normal,0
1284,23.3,49.48,306.3,0,normal,0
1286,23.38,48.99,303.8,0,normal,0
1288,23.29,49.42,301.7,0,normal,0
1290,23.16,49.36,306.0,0,normal,0
1292,23.02,49.39,301.4,0,normal,0
1294,22.9,49.34,300.3,0,normal,0
1296,22.88,49.25,302.7,0,normal,0
1298,22.98,49.29,301.6,0,normal,0
1300,23.01,49.16,305.9,0,normal,0
1302,22.97,49.0,308.1,1,normal,0
1304,22.9,48.88,309.9,0,normal,0
1306,22.88,48.8,305.5,0,normal,0
1308,22.87,48.82,302.7,0,normal,0
1310,22.85,48.5,303.9,0,normal,0
1312,22.76,48.73,308.6,0,normal,0
1314,22.75,48.67,304.6,0,normal,0
1316,22.87,48.91,305.4,0,normal,0
1318,22.72,48.84,300.8,0,normal,0
1320,22.73,48.5,303.2,0,normal,0
1322,22.6,48.72,308.5,0,normal,0
1324,22.66,48.48,306.1,0,normal,0
1326,22.64,48.18,304.0,0,normal,0
1328,22.52,47.83,305.1,0,normal,0
1330,22.58,47.9,305.1,0,normal,0
1332,22.77,47.92,306.1,0,normal,0
1334,22.81,47.76,311.6,0,normal,0
1336,22.93,47.99,305.3,0,normal,0
1338,22.94,48.1,309.9,0,normal,0
1340,22.77,48.15,309.7,0,normal,0
1342,22.84,48.04,307.7,0,normal,0
1344,22.83,47.89,305.1,0,normal,0
1346,22.73,48.17,300.3,0,normal,0
1348,22.82,48.57,304.4,0,normal,0
1350,22.87,48.25,306.6,0,normal,0
1352,22.84,48.61,306.9,0,normal,0
1354,22.93,48.85,308.9,0,normal,0
1356,22.87,49.23,308.9,0,normal,0
1358,22.93,49.03,313.1,0,normal,0
1360,22.86,48.9,314.1,0,normal,0
1362,22.92,48.92,320.8,0,normal,0
1364,22.84,48.77,316.4,0,normal,0
1366,22.98,48.85,314.0,0,normal,0
1368,23.0,49.1,309.3,0,normal,0
1370,23.11,49.2,309.8,0,normal,0
1372,23.03,49.38,305.0,0,normal,0
1374,22.99,49.69,307.2,0,normal,0
1376,23.06,49.43,304.2,0,normal,0
1378,22.83,49.52,299.8,0,normal,0
1380,22.76,49.47,298.6,0,normal,0
1382,22.86,49.28,300.2,0,normal,0
1384,22.91,49.19,302.5,0,normal,0
1386,22.99,49.26,305.7,0,normal,0
1388,22.96,49.35,302.4,0,normal,0
1390,23.01,49.38,300.1,0,normal,0
1392,22.94,49.71,301.5,0,normal,0
1394,22.83,49.84,302.7,0,normal,0
1396,22.71,50.01,306.3,0,normal,0
1398,22.68,50.06,301.4,0,normal,0
1400,22.67,49.81,306.9,0,normal,0
1402,22.64,50.12,300.4,0,normal,0
1404,22.38,49.95,301.2,0,normal,0
1406,22.28,49.65,300.5,1,normal,0
1408,22.3,49.59,300.8,0,normal,0
1410,22.38,49.32,301.8,0,normal,0
1412,22.39,49.28,300.8,0,normal,0
1414,22.37,49.22,300.5,0,normal,0
1416,22.24,49.24,303.9,0,normal,0
1418,22.46,48.96,301.5,0,normal,0
1420,22.42,49.43,302.2,0,normal,0
1422,22.6,49.75,306.7,0,normal,0
1424,22.75,49.66,308.5,0,normal,0
1426,22.79,49.4,302.9,0,normal,0
1428,22.75,49.39,306.0,0,normal,0
1430,22.77,49.36,309.8,0,normal,0
1432,22.69,49.24,303.2,0,normal,0
1434,22.73,48.98,301.6,0,normal,0
1436,22.74,48.78,299.4,0,normal,0
1438,22.79,48.34,302.5,0,normal,0
1440,22.87,48.4,300.7,0,normal,0
1442,23.01,48.16,301.4,0,normal,0
1444,22.96,48.39,304.0,0,normal,0
1446,23.03,48.52,303.2,0,normal,0
1448,22.95,48.63,301.3,0,normal,0
1450,22.86,48.3,303.5,0,normal,0
1452,22.81,48.55,302.7,0,normal,0
1454,22.73,48.76,300.8,0,normal,0
1456,22.82,48.75,300.1,0,normal,0
1458,22.89,49.04,305.2,0,normal,0
1460,22.98,48.82,304.8,0,normal,0
1462,22.96,49.05,309.5,0,normal,0
1464,22.97,49.11,309.6,0,normal,0
1466,22.9,49.0,308.1,0,normal,0
1468,22.8,48.93,304.9,0,normal,0
1470,22.83,49.01,305.2,0,normal,0
1472,22.85,48.84,306.3,0,normal,0
1474,22.75,48.8,308.2,0,normal,0
1476,22.8,48.96,305.2,0,normal,0
1478,22.66,48.7,304.5,0,normal,0
1480,22.65,48.58,304.2,0,normal,0
1482,22.61,48.57,303.0,0,normal,0
1484,22.58,48.68,306.6,0,normal,0
1486,22.51,48.51,306.1,0,normal,0
1488,22.61,48.38,307.7,0,normal,0
1490,22.67,48.31,307.4,0,normal,0
1492,22.77,48.08,305.7,0,normal,0
1494,22.77,48.18,306.1,0,normal,0
1496,22.66,48.37,303.5,0,normal,0
1498,22.64,48.34,301.6,0,normal,0
1500,22.55,48.75,300.4,0,normal,0
1502,22.6,48.78,303.6,0,normal,0
1504,22.71,49.56,305.1,0,normal,0
1506,22.73,49.76,306.3,0,normal,0
1508,22.68,49.54,305.5,1,normal,0
1510,22.65,49.59,303.3,0,normal,0
1512,22.67,49.83,304.2,0,normal,0
1514,22.55,49.68,299.0,0,normal,0
1516,22.57,49.4,302.1,0,normal,0
1518,22.6,49.41,304.0,0,normal,0
1520,22.56,49.5,301.6,0,normal,0
1522,22.53,49.64,303.1,0,normal,0
1524,22.56,49.59,307.5,0,normal,0
1526,22.5,49.76,305.0,0,normal,0
1528,22.45,49.85,302.9,0,normal,0
1530,22.53,49.93,296.1,0,normal,0
1532,22.55,49.86,296.7,0,normal,0
1534,22.69,49.94,300.0,0,normal,0
1536,22.61,49.95,300.0,0,normal,0
1538,22.46,49.94,302.2,0,normal,0
1540,22.55,50.0,304.5,0,normal,0
1542,22.63,50.26,303.8,0,normal,0
1544,22.57,50.22,307.6,0,normal,0
1546,22.45,50.05,301.6,0,normal,0
1548,22.46,50.18,297.6,0,normal,0
1550,22.33,49.94,297.1,0,normal,0
1552,22.33,49.83,292.6,0,normal,0
1554,22.18,49.83,294.9,0,normal,0
1556,22.2,49.88,297.8,0,normal,0
1558,22.06,49.84,300.2,0,normal,0
1560,22.09,49.88,301.1,0,normal,0
1562,22.26,49.61,301.8,0,normal,0
1564,22.26,49.36,303.7,0,normal,0
1566,22.35,49.45,299.2,0,normal,0
1568,22.32,49.28,298.6,0,normal,0
1570,22.26,49.36,301.4,0,normal,0
1572,22.17,49.32,304.5,0,normal,0
1574,22.29,49.74,303.8,0,normal,0
1576,22.3,49.3,305.2,0,normal,0
1578,22.45,49.73,304.9,0,normal,0
1580,22.36,49.8,302.2,0,normal,0
1582,22.35,49.85,302.0,0,normal,0
1584,22.37,49.72,299.6,0,normal,0
1586,22.49,49.95,302.9,0,normal,0
1588,22.64,50.07,302.4,0,normal,0
1590,22.57,49.79,301.3,0,normal,0
1592,22.47,49.82,306.1,0,normal,0
1594,22.32,49.47,305.7,0,normal,0
1596,22.44,49.05,305.3,0,normal,0
1598,22.43,49.02,303.4,0,normal,0
1600,22.38,49.35,308.1,0,normal,0
1602,22.38,49.58,310.8,0,normal,0
1604,22.18,49.35,303.2,0,normal,0
1606,22.07,49.5,306.0,0,normal,0
1608,22.18,49.43,306.6,0,normal,0
1610,22.23,49.4,305.3,0,normal,0
1612,22.26,49.42,301.3,0,normal,0
1614,22.19,49.25,298.5,0,normal,0
1616,22.26,49.63,303.1,0,normal,0
1618,22.41,49.52,303.3,1,normal,0
1620,22.31,49.4,306.1,0,normal,0
1622,22.32,49.45,300.4,0,normal,0
1624,22.29,49.26,304.8,0,normal,0
1626,22.32,49.31,303.2,0,normal,0
1628,22.33,49.56,304.3,0,normal,0
1630,22.32,49.85,303.9,0,normal,0
1632,22.25,50.02,301.6,0,normal,0
1634,22.26,50.04,302.9,0,normal,0
1636,22.22,50.1,297.4,0,normal,0
1638,22.22,49.52,300.0,0,normal,0
1640,22.22,49.18,303.6,0,normal,0
1642,22.28,49.28,297.4,0,normal,0
1644,22.24,49.28,301.1,0,normal,0
1646,22.22,49.13,299.5,0,normal,0
1648,22.32,49.0,295.1,0,normal,0
1650,22.3,48.93,295.9,0,normal,0
1652,22.28,48.83,298.6,0,normal,0
1654,22.35,49.05,303.4,0,normal,0
1656,22.36,49.19,307.3,0,normal,0
1658,22.36,49.41,299.9,0,normal,0
1660,22.37,49.46,303.4,0,normal,0
1662,22.26,49.66,301.3,1,normal,0
1664,22.3,49.87,305.2,0,normal,0
1666,22.4,49.5,304.8,0,normal,0
1668,22.43,49.22,304.8,0,normal,0
1670,22.29,49.14,302.0,0,normal,0
1672,22.31,49.41,300.2,0,normal,0
1674,22.23,49.61,302.0,0,normal,0
1676,22.21,49.48,303.0,0,normal,0
1678,22.22,49.2,306.1,0,normal,0
1680,22.13,48.7,303.8,0,normal,0
1682,22.25,48.76,306.3,0,normal,0
1684,22.24,48.57,307.9,0,normal,0
1686,22.3,48.43,305.1,0,normal,0
1688,22.34,48.86,299.4,0,normal,0
1690,22.44,49.23,298.8,0,normal,0
1692,22.51,49.5,303.2,0,normal,0
1694,22.36,49.4,299.2,0,normal,0
1696,22.35,49.14,301.4,0,normal,0
1698,22.16,49.24,299.3,0,normal,0
1700,22.13,49.45,298.6,0,normal,0
1702,22.19,49.46,304.0,0,normal,0
1704,22.26,49.45,309.4,0,normal,0
1706,22.35,49.45,309.8,0,normal,0
1708,22.31,49.33,307.1,1,normal,0
1710,22.32,49.15,308.0,0,normal,0
1712,22.31,49.3,310.1,0,normal,0
1714,22.39,49.5,302.9,0,normal,0
1716,22.5,49.61,302.9,0,normal,0
1718,22.43,49.08,294.7,0,normal,0
1720,22.71,49.28,291.0,0,normal,0
1722,22.65,49.61,295.5,0,normal,0
1724,22.57,49.61,290.4,0,normal,0
1726,22.57,49.76,293.2,0,normal,0
1728,22.58,49.93,296.4,0,normal,0
1730,22.58,49.76,296.1,0,normal,0
1732,22.48,50.02,294.7,0,normal,0
1734,22.56,49.75,301.5,0,normal,0
1736,22.52,49.54,298.0,0,normal,0
1738,22.6,50.04,298.4,0,normal,0
1740,22.66,49.67,297.8,0,normal,0
1742,22.5,49.54,296.6,1,normal,0
1744,22.38,49.59,291.6,0,normal,0
1746,22.27,49.58,299.4,0,normal,0
1748,22.27,49.76,297.8,0,normal,0
1750,22.25,49.78,298.8,0,normal,0
1752,22.26,49.68,302.3,0,normal,0
1754,22.17,49.78,299.5,0,normal,0
1756,22.19,49.84,302.6,1,normal,0
1758,22.29,49.71,302.4,0,normal,0
1760,22.16,49.64,303.0,0,normal,0
1762,22.13,50.09,305.1,0,normal,0
1764,22.14,50.02,298.1,0,normal,0
1766,22.12,50.26,300.9,0,normal,0
1768,22.09,49.9,301.0,0,normal,0
1770,22.23,49.87,298.2,0,normal,0
1772,22.31,49.61,298.7,0,normal,0
1774,22.35,49.36,298.1,0,normal,0
1776,22.25,49.23,295.4,0,normal,0
1778,22.41,49.3,297.9,0,normal,0
1780,22.39,49.17,299.0,0,normal,0
1782,22.31,49.29,300.8,0,normal,0
1784,22.25,49.28,307.1,0,normal,0
1786,22.18,49.17,305.0,0,normal,0
1788,22.33,49.21,304.3,0,normal,0
1790,22.31,49.01,305.0,0,normal,0
1792,22.28,49.12,302.4,0,normal,0
1794,22.08,49.07,300.8,0,normal,0
1796,22.12,48.95,291.6,0,normal,0
1798,22.02,49.01,297.6,0,normal,0
1800,21.92,49.03,299.3,0,normal,0
1802,21.97,49.14,297.3,0,normal,0
1804,21.9,49.26,294.2,0,normal,0
1806,21.97,49.37,295.9,0,normal,0
1808,22.05,49.2,301.4,0,normal,0
1810,21.9,49.8,302.4,0,normal,0
1812,21.89,49.76,303.3,0,normal,0
1814,21.76,49.41,300.3,0,normal,0
1816,21.77,49.61,299.6,0,normal,0
1818,21.86,49.88,300.4,0,normal,0
1820,21.75,50.02,300.6,0,normal,0
1822,21.91,50.18,300.4,0,normal,0
1824,21.88,50.09,299.7,0,normal,0
1826,21.79,50.16,300.6,0,normal,0
1828,21.78,50.21,300.8,0,normal,0
1830,21.86,50.64,304.9,0,normal,0
1832,21.75,50.55,306.5,0,normal,0
1834,21.76,50.54,304.9,0,normal,0
1836,21.66,50.37,301.1,0,normal,0
1838,21.77,50.68,303.0,0,normal,0
1840,21.79,50.62,300.3,0,normal,0
1842,21.76,50.69,301.5,0,normal,0
1844,21.85,50.5,296.1,0,normal,0
1846,21.74,50.35,294.9,0,normal,0
1848,21.72,50.19,302.1,0,normal,0
1850,21.87,50.37,303.2,0,normal,0
1852,21.86,50.19,301.2,0,normal,0
1854,21.96,50.52,301.6,0,normal,0
1856,21.96,50.28,298.2,0,normal,0
1858,21.89,50.43,295.0,0,normal,0
1860,21.85,50.44,295.2,0,normal,0
1862,21.85,50.25,295.8,0,normal,0
1864,21.81,50.37,299.1,0,normal,0
1866,21.74,50.53,299.0,0,normal,0
1868,21.68,50.4,299.7,0,normal,0
1870,21.57,50.41,299.1,0,normal,0
1872,21.6,50.15,301.2,0,normal,0
1874,21.64,50.25,301.6,0,normal,0
1876,21.71,50.22,304.5,0,normal,0
1878,21.57,50.55,307.4,0,normal,0
1880,21.65,50.52,302.0,0,normal,0
1882,21.66,50.25,302.2,0,normal,0
1884,21.55,50.25,298.8,0,normal,0
1886,21.57,50.25,297.5,0,normal,0
1888,21.65,50.12,295.5,0,normal,0
1890,21.7,49.64,300.0,0,normal,0
1892,21.75,49.58,301.1,0,normal,0
1894,21.82,49.61,308.2,0,normal,0
1896,21.88,49.78,306.7,0,normal,0
1898,21.86,50.32,303.2,0,normal,0
1900,21.67,50.1,301.3,0,normal,0
1902,21.61,50.07,301.5,0,normal,0
1904,21.65,50.27,305.1,0,normal,0
1906,21.61,50.43,299.4,0,normal,0
1908,21.67,50.67,298.6,0,normal,0
1910,21.73,51.25,296.9,0,normal,0
1912,21.73,51.44,304.4,0,normal,0
1914,21.87,51.37,302.0,0,normal,0
1916,21.77,51.13,301.4,0,normal,0
1918,21.83,51.12,302.8,0,normal,0
1920,21.77,51.31,301.4,0,normal,0
1922,21.69,51.25,294.9,0,normal,0
1924,21.73,51.2,298.3,0,normal,0
1926,21.67,51.08,307.1,0,normal,0
1928,21.73,51.12,307.4,0,normal,0
1930,21.63,50.91,301.9,0,normal,0
1932,21.63,50.89,296.7,0,normal,0
1934,21.56,50.99,296.6,0,normal,0
1936,21.54,51.11,298.2,0,normal,0
1938,21.51,51.02,297.4,0,normal,0
1940,21.43,51.09,295.8,0,normal,0
1942,21.5,51.03,296.9,0,normal,0
1944,21.4,51.08,294.5,0,normal,0
1946,21.34,51.0,294.9,0,normal,0
1948,21.43,50.91,297.4,0,normal,0
1950,21.52,51.05,294.0,0,normal,0
1952,21.58,50.84,292.4,0,normal,0
1954,21.6,50.92,296.0,0,normal,0
1956,21.78,51.02,297.1,0,normal,0
1958,21.66,50.78,299.5,0,normal,0
1960,21.58,50.61,300.0,0,normal,0
1962,21.5,50.32,297.7,0,normal,0
1964,21.57,50.29,299.8,0,normal,0
1966,21.59,50.27,300.5,0,normal,0
1968,21.67,49.98,301.0,0,normal,0
1970,21.73,50.01,298.1,0,normal,0
1972,21.69,49.82,302.1,0,normal,0
1974,21.6,49.7,299.6,0,normal,0
1976,21.51,50.07,305.1,0,normal,0
1978,21.69,50.07,302.5,0,normal,0
1980,21.74,50.18,298.1,0,normal,0
1982,21.76,50.23,301.8,0,normal,0
1984,21.71,49.86,298.6,0,normal,0
1986,21.67,49.76,294.7,0,normal,0
1988,21.62,49.88,297.3,1,normal,0
1990,21.58,50.02,298.6,0,normal,0
1992,21.37,50.02,290.0,0,normal,0
1994,21.37,50.28,294.8,0,normal,0
1996,21.35,50.21,296.6,0,normal,0
1998,21.38,50.74,294.4,0,normal,0
2000,21.4,51.04,296.2,0,normal,0
2002,21.47,50.93,296.9,0,normal,0
2004,21.47,51.32,294.8,0,normal,0
2006,21.53,51.45,293.2,0,normal,0
2008,21.31,51.18,296.5,0,normal,0
2010,21.23,51.06,295.6,0,normal,0
2012,21.39,51.11,300.7,0,normal,0
2014,21.29,51.22,295.7,0,normal,0
2016,21.28,51.4,298.2,0,normal,0
2018,21.35,51.57,299.5,0,normal,0
2020,21.28,51.58,291.5,0,normal,0
2022,21.35,51.57,295.6,0,normal,0
2024,21.24,51.68,299.6,0,normal,0
2026,21.1,51.62,298.3,0,normal,0
2028,21.02,51.81,297.5,0,normal,0
2030,20.92,51.87,293.0,0,normal,0
2032,20.96,51.61,295.2,0,normal,0
2034,20.97,51.48,301.4,0,normal,0
2036,21.04,51.57,299.1,0,normal,0
2038,20.98,51.41,299.5,0,normal,0
2040,21.22,51.28,296.0,0,normal,0
2042,21.23,51.1,296.5,0,normal,0
2044,21.23,51.08,298.1,0,normal,0
2046,21.28,51.04,297.5,0,normal,0
2048,21.26,51.22,297.7,0,normal,0
2050,21.22,51.38,296.0,0,normal,0
2052,21.23,51.28,302.8,0,normal,0
2054,21.31,51.14,301.9,0,normal,0
2056,21.36,51.09,294.8,0,normal,0
2058,21.43,50.96,297.8,0,normal,0
2060,21.37,50.77,299.1,0,normal,0
2062,21.3,50.29,297.0,0,normal,0
2064,21.46,50.61,303.8,0,normal,0
2066,21.42,50.42,302.8,0,normal,0
2068,21.45,50.24,299.9,0,normal,0
2070,21.49,50.04,298.4,0,normal,0
2072,21.58,50.51,296.1,0,normal,0
2074,21.44,50.65,292.1,0,normal,0
2076,21.38,50.78,295.9,0,normal,0
2078,21.33,50.98,296.4,0,normal,0
2080,21.3,51.08,296.4,0,normal,0
2082,21.1,51.24,294.3,0,normal,0
2084,21.11,51.42,295.7,1,normal,0
2086,20.89,51.51,298.0,0,normal,0
2088,20.95,51.22,295.6,0,normal,0
2090,21.02,51.22,299.6,0,normal,0
2092,21.08,51.18,297.6,0,normal,0
2094,21.0,51.3,299.2,0,normal,0
2096,21.1,51.48,294.3,0,normal,0
2098,21.04,51.69,296.6,0,normal,0
2100,20.96,51.79,298.2,0,normal,0
2102,20.9,51.64,298.4,0,normal,0
2104,20.86,51.62,295.0,0,normal,0
2106,20.91,51.43,298.5,0,normal,0
2108,21.0,51.35,296.6,0,normal,0
2110,20.85,51.24,293.8,0,normal,0
2112,20.84,50.97,293.9,0,normal,0
2114,20.95,50.91,300.2,0,normal,0
2116,20.99,50.82,298.8,0,normal,0
2118,21.04,51.09,296.5,0,normal,0
2120,20.94,50.99,297.8,0,normal,0
2122,21.03,51.06,298.6,0,normal,0
2124,20.92,51.2,297.2,0,normal,0
2126,20.96,51.31,296.3,0,normal,0
2128,21.09,51.13,302.3,0,normal,0
2130,21.24,51.1,301.4,0,normal,0
2132,21.27,51.41,302.4,0,normal,0
2134,21.33,51.22,302.0,0,normal,0
2136,21.26,51.38,298.7,0,normal,0
2138,21.21,51.13,296.8,0,normal,0
2140,21.29,51.4,294.2,0,normal,0
2142,21.28,51.43,295.9,0,normal,0
2144,21.25,51.58,293.2,0,normal,0
2146,21.12,51.59,289.5,1,normal,0
2148,21.13,51.4,292.6,0,normal,0
2150,21.18,51.13,295.3,0,normal,0
2152,21.11,51.2,293.4,0,normal,0
2154,21.07,51.02,291.9,0,normal,0
2156,21.2,51.13,293.7,0,normal,0
2158,21.2,51.1,292.1,0,normal,0
2160,21.16,51.05,295.4,0,normal,0
2162,21.06,51.31,293.5,0,normal,0
2164,21.02,51.23,299.1,0,normal,0
2166,21.0,51.27,302.5,0,normal,0
2168,21.12,51.14,299.4,0,normal,0
2170,21.06,51.18,294.2,0,normal,0
2172,21.21,51.11,292.1,0,normal,0
2174,21.12,51.09,293.7,0,normal,0
2176,21.08,51.51,291.2,0,normal,0
2178,21.14,51.37,290.4,0,normal,0
2180,21.11,51.11,286.8,0,normal,0
2182,21.04,51.02,287.5,0,normal,0
2184,21.03,50.69,289.2,1,normal,0
2186,21.06,50.64,289.8,0,normal,0
2188,20.92,50.53,290.2,0,normal,0
2190,20.91,50.63,290.9,0,normal,0
2192,20.91,50.77,292.9,0,normal,0
2194,20.89,50.99,289.4,0,normal,0
2196,20.96,51.24,285.9,0,normal,0
2198,20.92,51.2,284.8,0,normal,0
2200,20.9,51.16,281.8,1,normal,0
2202,20.91,51.05,283.6,0,normal,0
2204,20.98,51.21,289.6,0,normal,0
2206,20.96,51.57,292.8,0,normal,0
2208,21.09,51.54,294.6,0,normal,0
2210,21.0,51.39,292.6,0,normal,0
2212,21.1,51.42,297.2,0,normal,0
2214,21.02,51.46,297.3,0,normal,0
2216,21.0,51.29,299.3,0,normal,0
2218,21.03,51.41,296.7,0,normal,0
2220,21.19,51.68,298.1,0,normal,0
2222,21.23,51.34,299.9,0,normal,0
2224,21.17,51.24,297.0,0,normal,0
2226,21.26,51.16,300.8,0,normal,0
2228,21.21,51.46,300.9,0,normal,0
2230,21.12,51.29,296.9,0,normal,0
2232,21.14,51.57,301.4,1,normal,0
2234,21.12,51.47,303.6,0,normal,0
2236,21.18,51.44,306.0,0,normal,0
2238,21.11,51.31,306.2,0,normal,0
2240,21.12,51.16,303.9,0,normal,0
2242,21.15,50.85,303.1,0,normal,0
2244,21.15,50.97,303.2,0,normal,0
2246,21.13,50.95,302.7,0,normal,0
2248,21.05,50.54,302.0,0,normal,0
2250,21.11,50.57,299.8,0,normal,0
2252,21.1,50.78,296.6,0,normal,0
2254,21.12,51.18,297.8,0,normal,0
2256,21.07,50.93,295.9,0,normal,0
2258,21.05,50.96,294.8,0,normal,0
2260,20.95,51.25,292.2,0,normal,0
2262,20.95,51.1,294.9,0,normal,0
2264,21.01,51.22,295.6,0,normal,0
2266,21.0,51.07,292.9,0,normal,0
2268,21.06,50.93,296.8,0,normal,0
2270,21.06,50.82,294.5,0,normal,0
2272,21.15,50.63,293.8,0,normal,0
2274,21.11,50.89,290.1,0,normal,0
2276,20.95,50.97,294.4,0,normal,0
2278,20.98,51.08,296.1,0,normal,0
2280,20.95,50.89,294.8,0,normal,0
2282,20.86,50.54,297.8,0,normal,0
2284,20.91,50.16,298.6,1,normal,0
2286,20.93,50.33,293.4,0,normal,0
2288,20.96,50.46,290.3,0,normal,0
2290,20.92,50.43,291.7,0,normal,0
2292,20.92,50.56,291.2,0,normal,0
2294,20.94,50.85,288.5,0,normal,0
2296,21.07,51.08,286.6,0,normal,0
2298,20.99,50.81,288.9,0,normal,0
2300,20.97,50.64,289.0,0,normal,0
2302,20.98,50.68,294.1,0,normal,0
2304,20.83,50.89,295.6,0,normal,0
2306,20.7,50.81,291.3,0,normal,0
2308,20.88,50.9,291.5,0,normal,0
2310,20.73,51.13,299.2,0,normal,0
2312,20.79,50.97,296.1,0,normal,0
2314,20.72,50.44,297.1,0,normal,0
2316,20.67,50.5,293.6,0,normal,0
2318,20.52,50.53,291.7,0,normal,0
2320,20.48,50.79,295.1,0,normal,0
2322,20.57,50.77,294.0,0,normal,0
2324,20.48,50.64,293.7,0,normal,0
2326,20.56,50.72,296.7,0,normal,0
2328,20.6,50.89,299.9,0,normal,0
2330,20.78,51.04,300.4,0,normal,0
2332,20.74,50.86,293.3,0,normal,0
2334,20.85,51.19,299.1,0,normal,0
2336,20.91,50.98,305.5,0,normal,0
2338,20.87,51.01,302.5,0,normal,0
2340,20.73,51.34,295.9,0,normal,0
2342,20.85,51.57,297.0,0,normal,0
2344,20.73,51.33,295.7,0,normal,0
2346,20.7,51.29,294.3,0,normal,0
2348,20.77,51.73,299.6,0,normal,0
2350,20.86,51.83,296.6,0,normal,0
2352,20.78,51.49,295.1,0,normal,0
2354,20.77,51.71,291.9,0,normal,0
2356,20.75,51.48,294.9,0,normal,0
2358,20.84,51.61,297.9,0,normal,0
2360,21.03,51.38,294.7,0,normal,0
2362,20.85,51.44,296.3,0,normal,0
2364,20.91,51.49,291.0,0,normal,0
2366,20.67,51.58,289.8,0,normal,0
2368,20.67,51.68,289.3,0,normal,0
2370,20.59,51.59,292.9,0,normal,0
2372,20.76,51.33,293.6,0,normal,0
2374,20.77,51.47,294.9,0,normal,0
2376,20.7,51.6,293.6,0,normal,0
2378,20.66,51.62,293.1,0,normal,0
2380,20.62,51.57,291.1,0,normal,0
2382,20.64,51.91,291.3,0,normal,0
2384,20.64,52.17,293.6,0,normal,0
2386,20.7,52.22,290.4,0,normal,0
2388,20.82,52.16,294.7,0,normal,0
2390,20.86,51.96,295.6,0,normal,0
2392,20.75,52.31,299.3,0,normal,0
2394,20.61,52.52,297.5,0,normal,0
2396,20.56,52.48,294.6,0,normal,0
2398,20.65,51.78,298.5,0,normal,0
2400,20.63,51.69,297.2,0,normal,0
2402,20.58,51.59,296.1,0,normal,0
2404,20.6,51.21,296.4,0,normal,0
2406,20.49,51.34,296.7,0,normal,0
2408,20.42,51.31,299.5,0,normal,0
2410,20.49,51.29,298.2,0,normal,0
2412,20.48,51.73,294.6,0,normal,0
2414,20.46,51.62,296.4,0,normal,0
2416,20.51,51.61,297.5,0,normal,0
2418,20.47,51.67,300.0,0,normal,0
2420,20.44,51.88,298.7,0,normal,0
2422,20.42,51.83,292.3,0,normal,0
2424,20.49,51.86,291.8,0,normal,0
2426,20.51,52.21,295.8,0,normal,0
2428,20.43,52.04,297.5,0,normal,0
2430,20.43,51.97,299.2,0,normal,0
2432,20.5,51.94,296.5,0,normal,0
2434,20.66,51.63,297.9,0,normal,0
2436,20.57,51.85,297.8,0,normal,0
2438,20.6,51.84,295.8,0,normal,0
2440,20.59,51.57,298.0,0,normal,0
2442,20.66,51.47,294.4,0,normal,0
2444,20.69,51.35,292.3,0,normal,0
2446,20.8,51.49,292.0,0,normal,0
2448,20.82,51.53,288.5,0,normal,0
2450,20.76,51.64,291.0,0,normal,0
2452,20.7,51.98,289.0,0,normal,0
2454,20.73,51.94,293.3,0,normal,0
2456,20.75,51.84,290.9,0,normal,0
2458,20.93,51.7,285.7,0,normal,0
2460,21.03,51.61,286.9,0,normal,0
2462,20.89,51.39,294.8,0,normal,0
2464,20.89,51.56,300.9,0,normal,0
2466,20.76,51.86,292.2,0,normal,0
2468,20.61,51.87,295.5,0,normal,0
2470,20.67,51.83,293.9,0,normal,0
2472,20.7,52.25,290.4,0,normal,0
2474,20.61,52.1,287.9,0,normal,0
2476,20.74,52.09,288.6,0,normal,0
2478,20.65,52.16,293.5,0,normal,0
2480,20.55,51.77,293.3,0,normal,0
2482,20.6,51.61,296.6,0,normal,0
2484,20.62,51.67,299.8,0,normal,0
2486,20.6,51.42,297.5,0,normal,0
2488,20.6,51.35,294.4,0,normal,0
2490,20.61,51.69,295.1,0,normal,0
2492,20.6,51.63,295.8,0,normal,0
2494,20.58,51.54,296.0,0,normal,0
2496,20.43,51.18,294.9,0,normal,0
2498,20.34,51.37,292.1,0,normal,0
2500,20.41,51.3,290.2,0,normal,0
2502,20.37,51.21,293.0,0,normal,0
2504,20.43,51.21,296.0,0,normal,0
2506,20.55,51.39,297.1,0,normal,0
2508,20.52,51.75,297.7,0,normal,0
2510,20.55,51.34,295.5,0,normal,0
2512,20.72,51.43,292.1,0,normal,0
2514,20.76,51.87,291.1,0,normal,0
2516,20.88,52.05,294.3,0,normal,0
2518,20.97,52.09,290.2,0,normal,0
2520,20.99,52.26,291.8,0,normal,0
2522,20.94,51.98,292.7,0,normal,0
2524,20.83,51.96,292.1,0,normal,0
2526,20.72,52.02,287.7,0,normal,0
2528,20.74,51.9,290.6,0,normal,0
2530,20.76,51.81,291.2,0,normal,0
2532,20.72,52.02,292.6,0,normal,0
2534,20.77,52.02,290.6,0,normal,0
2536,20.7,51.77,290.4,0,normal,0
2538,20.78,51.67,291.0,0,normal,0
2540,20.76,51.6,286.1,0,normal,0
2542,20.73,51.77,288.6,0,normal,0
2544,20.71,51.89,287.4,0,normal,0
2546,20.69,51.55,289.4,0,normal,0
2548,20.87,51.25,284.4,0,normal,0
2550,20.71,51.21,287.2,0,normal,0
2552,20.71,51.27,289.7,0,normal,0
2554,20.79,51.15,288.0,0,normal,0
2556,20.82,51.06,283.6,0,normal,0
2558,20.77,51.21,289.9,0,normal,0
2560,20.88,50.94,287.4,0,normal,0
2562,20.76,51.03,290.6,0,normal,0
2564,20.64,50.96,292.4,0,normal,0
2566,20.67,51.12,298.5,0,normal,0
2568,20.54,50.89,305.5,0,normal,0
2570,20.35,50.44,300.7,0,normal,0
2572,20.44,50.55,296.5,0,normal,0
2574,20.51,50.87,295.5,0,normal,0
2576,20.57,51.06,295.7,0,normal,0
2578,20.52,50.87,299.8,0,normal,0
2580,20.54,50.77,294.0,0,normal,0
2582,20.46,50.9,297.3,0,normal,0
2584,20.6,51.43,294.7,0,normal,0
2586,20.66,51.73,289.6,0,normal,0
2588,20.7,51.65,289.5,0,normal,0
2590,20.53,51.43,288.6,0,normal,0
2592,20.59,51.71,289.0,0,normal,0
2594,20.71,51.35,288.4,0,normal,0
2596,20.78,51.01,288.8,0,normal,0
2598,20.82,50.79,289.0,0,normal,0
2600,20.79,50.53,290.3,0,normal,0
2602,20.73,50.67,297.2,0,normal,0
2604,20.76,50.74,298.3,0,normal,0
2606,20.77,50.69,299.3,0,normal,0
2608,20.76,50.53,298.6,0,normal,0
2610,20.71,50.49,300.2,0,normal,0
2612,20.82,50.81,295.2,0,normal,0
2614,20.7,50.85,298.2,0,normal,0
2616,20.68,50.93,297.5,0,normal,0
2618,20.62,50.96,300.0,0,normal,0
2620,20.69,50.91,305.2,0,normal,0
2622,20.78,51.21,301.6,0,normal,0
2624,20.86,51.29,302.0,0,normal,0
2626,20.88,51.25,295.2,0,normal,0
2628,20.73,51.01,295.0,0,normal,0
2630,20.88,50.9,292.2,0,normal,0
2632,20.88,50.74,291.7,0,normal,0
2634,20.83,50.65,293.1,0,normal,0
2636,20.8,50.64,292.1,1,normal,0
2638,20.75,50.86,290.6,0,normal,0
2640,20.75,50.86,287.5,0,normal,0
2642,20.75,50.97,293.9,0,normal,0
2644,20.7,50.98,293.9,0,normal,0
2646,20.48,51.13,295.0,0,normal,0
2648,20.47,51.0,293.0,0,normal,0
2650,20.52,51.18,291.2,0,normal,0
2652,20.56,51.64,296.8,0,normal,0
2654,20.54,51.78,300.4,0,normal,0
2656,20.57,51.97,295.0,0,normal,0
2658,20.65,51.93,292.5,0,normal,0
2660,20.59,52.11,296.9,0,normal,0
2662,20.7,52.26,299.3,0,normal,0
2664,20.53,52.08,302.8,0,normal,0
2666,20.42,51.99,301.2,0,normal,0
2668,20.36,51.84,296.6,0,normal,0
2670,20.18,52.04,293.4,0,normal,0
2672,20.13,52.21,296.0,0,normal,0
2674,20.27,51.96,297.1,0,normal,0
2676,20.39,52.32,296.6,0,normal,0
2678,20.41,52.27,297.2,0,normal,0
2680,20.55,51.95,299.6,0,normal,0
2682,20.57,51.74,300.2,0,normal,0
2684,20.52,51.69,296.2,0,normal,0
2686,20.54,51.76,301.3,0,normal,0
2688,20.52,51.71,299.0,0,normal,0
2690,20.58,51.9,294.1,0,normal,0
2692,20.45,51.79,297.8,0,normal,0
2694,20.54,51.74,294.9,0,normal,0
2696,20.5,51.79,298.6,0,normal,0
2698,20.56,51.66,296.0,0,normal,0
2700,20.43,51.6,292.0,0,normal,0
2702,20.41,51.73,293.2,0,normal,0
2704,20.42,51.5,293.2,0,normal,0
2706,20.5,51.4,297.1,0,normal,0
2708,20.41,51.22,298.4,0,normal,0
2710,20.55,51.21,297.0,0,normal,0
2712,20.58,51.24,298.8,0,normal,0
2714,20.53,51.28,299.1,0,normal,0
2716,20.63,51.42,299.9,0,normal,0
2718,20.62,51.6,298.0,0,normal,0
2720,20.7,51.67,291.9,0,normal,0
2722,20.87,51.71,290.4,0,normal,0
2724,20.89,51.69,294.9,0,normal,0
2726,20.81,51.69,288.5,0,normal,0
2728,20.75,51.87,286.9,0,normal,0
2730,20.77,51.99,290.7,0,normal,0
2732,20.77,52.28,292.2,0,normal,0
2734,20.67,51.81,297.7,0,normal,0
2736,20.6,51.84,303.5,0,normal,0
2738,20.65,51.66,305.7,0,normal,0
2740,20.82,51.34,300.6,0,normal,0
2742,20.58,50.98,297.4,0,normal,0
2744,20.63,51.21,297.4,0,normal,0
2746,20.6,51.17,292.2,0,normal,0
2748,20.65,51.38,291.0,0,normal,0
2750,20.71,50.92,295.4,0,normal,0
2752,20.69,50.95,288.4,0,normal,0
2754,20.59,50.79,286.4,1,normal,0
2756,20.47,50.8,285.7,0,normal,0
2758,20.33,51.15,281.1,0,normal,0
2760,20.44,51.06,285.7,0,normal,0
2762,20.43,50.93,290.7,0,normal,0
2764,20.4,50.85,291.8,0,normal,0
2766,20.39,50.66,291.3,0,normal,0
2768,20.29,50.36,292.0,0,normal,0
2770,20.34,50.15,292.4,0,normal,0
2772,20.46,50.23,288.8,0,normal,0
2774,20.56,50.4,293.3,0,normal,0
2776,20.43,50.52,292.7,0,normal,0
2778,20.55,50.49,293.3,0,normal,0
2780,20.49,50.81,287.7,0,normal,0
2782,20.34,51.06,286.5,0,normal,0
2784,20.26,51.5,283.5,0,normal,0
2786,20.21,51.52,289.0,0,normal,0
2788,20.24,51.7,292.1,0,normal,0
2790,20.18,51.74,291.7,0,normal,0
2792,20.1,51.93,293.6,0,normal,0
2794,20.12,51.84,289.9,1,normal,0
2796,20.31,52.21,291.1,0,normal,0
2798,20.28,52.45,293.2,0,normal,0
2800,20.34,52.08,293.3,0,normal,0
2802,20.37,51.83,294.4,0,normal,0
2804,20.6,51.69,295.0,0,normal,0
2806,20.44,51.57,292.3,0,normal,0
2808,20.54,51.37,290.4,0,normal,0
2810,20.43,51.36,294.3,0,normal,0
2812,20.4,51.6,293.9,0,normal,0
2814,20.4,51.61,296.5,0,normal,0
2816,20.67,51.42,298.7,0,normal,0
2818,20.6,51.17,300.3,0,normal,0
2820,20.44,51.42,296.6,0,normal,0
2822,20.55,51.29,295.1,0,normal,0
2824,20.49,51.59,296.2,0,normal,0
2826,20.47,51.39,296.6,0,normal,0
2828,20.48,51.51,296.9,0,normal,0
2830,20.49,51.53,295.3,0,normal,0
2832,20.49,51.64,295.4,0,normal,0
2834,20.51,51.8,292.0,0,normal,0
2836,20.55,51.74,288.9,0,normal,0
2838,20.62,52.05,292.0,0,normal,0
2840,20.58,52.31,292.8,0,normal,0
2842,20.52,52.28,298.5,0,normal,0
2844,20.43,52.34,297.7,0,normal,0
2846,20.49,52.12,297.3,0,normal,0
2848,20.5,51.98,293.7,0,normal,0
2850,20.55,52.25,305.1,0,normal,0
2852,20.59,52.1,302.8,0,normal,0
2854,20.73,52.28,300.3,0,normal,0
2856,20.73,52.5,296.5,0,normal,0
2858,20.77,52.15,291.2,0,normal,0
2860,20.65,51.5,291.9,0,normal,0
2862,20.56,51.2,292.9,0,normal,0
2864,20.54,51.52,297.9,0,normal,0
2866,20.44,51.43,295.1,0,normal,0
2868,20.51,51.28,294.8,0,normal,0
2870,20.41,51.51,294.0,0,normal,0
2872,20.43,51.4,292.6,0,normal,0
2874,20.25,51.47,290.8,0,normal,0
2876,20.2,51.17,294.3,0,normal,0
2878,20.21,50.81,297.7,0,normal,0
2880,20.23,50.93,293.7,0,normal,0
2882,20.12,50.66,290.0,0,normal,0
2884,20.18,50.65,286.9,0,normal,0
2886,20.29,50.51,291.7,1,normal,0
2888,20.38,51.0,291.3,0,normal,0
2890,20.35,51.01,295.8,0,normal,0
2892,20.32,51.09,293.3,0,normal,0
2894,20.26,51.36,292.3,0,normal,0
2896,20.34,51.31,292.4,0,normal,0
2898,20.48,51.4,293.3,0,normal,0
2900,20.45,51.51,293.8,0,normal,0
2902,20.33,51.41,295.1,0,normal,0
2904,20.38,51.29,296.5,0,normal,0
2906,20.46,51.55,301.8,0,normal,0
2908,20.26,51.35,298.8,0,normal,0
2910,20.3,51.48,299.7,0,normal,0
2912,20.51,51.13,304.3,0,normal,0
2914,20.58,50.8,300.0,1,normal,0
2916,20.63,51.12,296.3,0,normal,0
2918,20.66,51.15,296.3,0,normal,0
2920,20.74,51.25,296.4,0,normal,0
2922,20.66,51.57,294.6,0,normal,0
2924,20.59,51.51,292.6,0,normal,0
2926,20.62,51.5,292.5,1,normal,0
2928,20.57,51.45,292.4,0,normal,0
2930,20.6,51.25,297.3,0,normal,0
2932,20.45,51.27,294.5,0,normal,0
2934,20.53,51.59,294.2,0,normal,0
2936,20.61,51.87,295.2,0,normal,0
2938,20.62,51.76,294.8,0,normal,0
2940,20.63,51.91,295.9,0,normal,0
2942,20.76,52.06,297.9,0,normal,0
2944,20.67,52.43,292.9,0,normal,0
2946,20.59,52.88,290.3,0,normal,0
2948,20.51,52.94,290.5,0,normal,0
2950,20.49,52.95,291.5,0,normal,0
2952,20.43,52.8,293.2,0,normal,0
2954,20.45,52.42,299.1,0,normal,0
2956,20.42,52.57,299.7,0,normal,0
2958,20.33,52.4,298.3,0,normal,0
2960,20.24,52.22,293.5,0,normal,0
2962,20.38,52.02,295.4,0,normal,0
2964,20.41,52.08,296.7,0,normal,0
2966,20.42,52.24,298.7,0,normal,0
2968,20.44,52.18,297.4,0,normal,0
2970,20.46,51.95,299.0,0,normal,0
2972,20.55,51.99,298.2,0,normal,0
2974,20.6,51.74,298.6,0,normal,0
2976,20.57,51.89,293.8,0,normal,0
2978,20.51,51.58,299.1,0,normal,0
2980,20.44,51.31,297.5,0,normal,0
2982,20.37,51.3,300.3,0,normal,0
2984,20.52,51.13,300.6,0,normal,0
2986,20.46,50.99,296.0,0,normal,0
2988,20.32,51.0,293.4,0,normal,0
2990,20.3,51.15,290.9,0,normal,0
2992,20.27,51.07,292.6,0,normal,0
2994,20.34,51.33,294.4,0,normal,0
2996,20.31,51.4,294.1,0,normal,0
2998,20.4,51.29,295.6,0,normal,0
3000,20.46,51.2,296.5,0,normal,0
3002,20.59,50.81,297.1,0,normal,0
3004,20.78,51.0,297.5,0,normal,0
3006,21.0,50.97,292.8,0,normal,0
3008,21.08,51.04,296.2,0,normal,0
3010,20.95,51.08,292.6,0,normal,0
3012,20.9,51.19,290.0,0,normal,0
3014,20.9,50.88,286.8,0,normal,0
3016,21.05,50.5,291.2,0,normal,0
3018,21.08,50.72,289.4,0,normal,0
3020,21.14,50.59,286.9,0,normal,0
3022,21.09,50.57,289.0,0,normal,0
3024,21.1,50.63,287.3,0,normal,0
3026,21.13,50.9,291.4,0,normal,0
3028,21.05,50.77,292.8,0,normal,0
3030,21.09,50.8,291.5,0,normal,0
3032,21.14,50.35,289.4,0,normal,0
3034,21.09,50.44,290.2,0,normal,0
3036,21.14,50.57,290.0,0,normal,0
3038,21.24,50.66,291.3,0,normal,0
3040,21.2,50.73,292.7,0,normal,0
3042,21.16,50.4,293.7,0,normal,0
3044,21.09,50.5,292.4,0,normal,0
3046,21.01,50.5,298.7,0,normal,0
3048,21.01,50.46,303.9,0,normal,0
3050,20.95,50.67,302.6,0,normal,0
3052,20.91,50.42,298.8,0,normal,0
3054,20.84,50.39,290.1,0,normal,0
3056,20.71,50.52,287.8,0,normal,0
3058,20.65,50.56,293.9,0,normal,0
3060,20.69,50.58,297.4,0,normal,0
3062,20.61,50.33,299.3,0,normal,0
3064,20.58,50.7,299.4,0,normal,0
3066,20.73,50.41,303.7,0,normal,0
3068,20.83,50.49,302.3,0,normal,0
3070,20.78,50.74,299.0,0,normal,0
3072,20.83,50.76,296.2,0,normal,0
3074,20.78,50.92,292.5,0,normal,0
3076,20.92,51.14,295.7,0,normal,0
3078,20.86,51.3,292.5,0,normal,0
3080,20.87,50.98,293.3,0,normal,0
3082,20.98,51.07,292.5,0,normal,0
3084,20.9,51.12,293.3,0,normal,0
3086,21.0,51.48,296.8,0,normal,0
3088,20.92,51.36,299.2,0,normal,0
3090,20.93,51.73,293.8,0,normal,0
3092,20.9,51.34,296.2,1,normal,0
3094,20.89,51.24,298.3,0,normal,0
3096,20.9,51.72,293.7,0,normal,0
3098,20.89,51.73,297.1,0,normal,0
3100,20.81,51.86,296.9,0,normal,0
3102,20.89,51.99,290.0,0,normal,0
3104,20.95,52.08,290.6,0,normal,0
3106,21.04,52.2,290.5,0,normal,0
3108,21.14,51.74,287.8,0,normal,0
3110,21.01,51.43,289.8,0,normal,0
3112,21.1,51.33,291.4,0,normal,0
3114,21.18,51.33,285.7,0,normal,0
3116,21.11,51.31,290.3,0,normal,0
3118,21.18,51.29,289.4,0,normal,0
3120,21.27,50.99,293.5,0,normal,0
3122,21.19,50.99,294.0,0,normal,0
3124,21.05,50.77,300.1,0,normal,0
3126,21.01,50.56,296.0,0,normal,0
3128,21.23,50.61,297.3,0,normal,0
3130,21.22,50.54,290.9,0,normal,0
3132,21.09,50.55,295.4,0,normal,0
3134,21.06,50.5,296.5,0,normal,0
3136,20.97,50.34,295.1,0,normal,0
3138,20.93,50.4,290.5,0,normal,0
3140,20.94,50.44,295.4,0,normal,0
3142,20.74,50.25,299.4,0,normal,0
3144,20.79,50.01,300.7,0,normal,0
3146,20.92,50.05,300.1,0,normal,0
3148,20.91,50.43,301.3,0,normal,0
3150,20.89,50.42,301.5,0,normal,0
3152,20.98,50.61,302.1,0,normal,0
3154,20.88,50.44,299.7,0,normal,0
3156,20.79,50.55,299.1,0,normal,0
3158,20.7,50.06,307.7,0,normal,0
3160,20.72,50.15,305.1,0,normal,0
3162,20.78,49.92,301.4,0,normal,0
3164,20.79,49.98,304.1,0,normal,0
3166,20.86,49.91,303.4,0,normal,0
3168,20.94,50.12,305.2,0,normal,0
3170,20.98,50.47,301.7,0,normal,0
3172,20.92,50.33,295.1,1,normal,0
3174,20.91,50.08,295.3,0,normal,0
3176,21.02,50.4,297.5,0,normal,0
3178,20.94,50.17,298.7,0,normal,0
3180,20.93,50.04,296.1,0,normal,0
3182,20.91,50.11,295.6,0,normal,0
3184,20.9,50.04,297.0,0,normal,0
3186,20.83,50.06,294.9,0,normal,0
3188,20.75,49.99,299.6,0,normal,0
3190,20.98,49.97,298.9,0,normal,0
3192,21.06,50.44,293.4,0,normal,0
3194,21.01,50.41,299.6,0,normal,0
3196,21.01,50.35,301.2,0,normal,0
3198,21.07,50.66,301.8,0,normal,0
3200,21.04,50.96,307.0,0,normal,0
3202,21.09,51.07,306.8,0,normal,0
3204,21.04,51.16,306.6,0,normal,0
3206,21.02,51.37,305.9,0,normal,0
3208,21.02,51.48,307.9,0,normal,0
3210,20.99,51.6,302.3,0,normal,0
3212,20.8,51.48,291.6,0,normal,0
3214,20.84,51.32,291.0,0,normal,0
3216,20.88,51.52,291.9,0,normal,0
3218,20.94,51.54,291.0,0,normal,0
3220,20.88,51.78,297.0,0,normal,0
3222,20.93,52.08,293.1,0,normal,0
3224,20.97,51.98,292.5,0,normal,0
3226,20.84,51.78,295.7,0,normal,0
3228,20.7,51.71,293.7,0,normal,0
3230,20.78,51.7,298.2,0,normal,0
3232,20.74,51.41,294.3,0,normal,0
3234,20.86,51.82,296.3,0,normal,0
3236,21.06,52.03,294.2,0,normal,0
3238,21.02,51.98,290.9,0,normal,0
3240,20.98,51.67,289.4,0,normal,0
3242,21.0,51.28,293.9,0,normal,0
3244,21.07,51.39,293.8,0,normal,0
3246,20.99,51.25,297.4,0,normal,0
3248,21.11,51.28,299.1,0,normal,0
3250,21.19,51.38,295.0,0,normal,0
3252,21.24,51.27,288.7,0,normal,0
3254,21.19,51.47,292.0,0,normal,0
3256,21.27,51.15,291.1,0,normal,0
3258,21.33,51.03,294.4,0,normal,0
3260,21.22,50.77,296.7,0,normal,0
3262,21.39,50.87,301.1,0,normal,0
3264,21.34,50.8,308.4,0,normal,0
3266,21.36,50.37,308.5,0,normal,0
3268,21.3,50.68,306.2,0,normal,0
3270,21.33,50.8,299.1,0,normal,0
3272,21.41,50.66,297.7,0,normal,0
3274,21.33,50.16,294.2,0,normal,0
3276,21.19,50.28,296.9,0,normal,0
3278,21.16,50.0,294.0,0,normal,0
3280,21.06,50.11,297.1,0,normal,0
3282,21.02,50.09,295.7,0,normal,0
3284,21.03,50.33,297.0,0,normal,0
3286,21.05,50.2,293.6,0,normal,0
3288,21.17,50.53,292.7,0,normal,0
3290,21.1,50.83,288.5,0,normal,0
3292,21.15,50.72,292.5,0,normal,0
3294,21.12,50.45,291.3,0,normal,0
3296,21.25,50.4,291.8,0,normal,0
3298,21.45,50.15,296.2,0,normal,0
3300,21.46,50.22,297.3,0,normal,0
3302,21.58,49.94,297.4,0,normal,0
3304,21.51,50.07,292.1,0,normal,0
3306,21.36,50.48,297.2,0,normal,0
3308,21.25,50.14,296.5,0,normal,0
3310,21.13,50.02,295.7,0,normal,0
3312,21.07,50.0,298.3,0,normal,0
3314,21.08,50.08,304.3,0,normal,0
3316,21.2,50.18,301.4,0,normal,0
3318,21.27,50.07,302.7,0,normal,0
3320,21.31,50.17,305.5,0,normal,0
3322,21.28,50.14,300.6,0,normal,0
3324,21.23,50.36,295.5,0,normal,0
3326,21.24,50.45,299.2,0,normal,0
3328,21.27,50.58,301.4,0,normal,0
3330,21.3,50.6,300.7,0,normal,0
3332,21.33,50.69,301.5,0,normal,0
3334,21.33,50.76,297.3,0,normal,0
3336,21.18,50.62,300.1,0,normal,0
3338,21.11,50.66,304.0,0,normal,0
3340,21.07,50.87,301.7,0,normal,0
3342,21.24,50.74,296.5,0,normal,0
3344,21.22,50.71,294.8,0,normal,0
3346,21.29,50.7,293.9,0,normal,0
3348,21.42,50.6,293.9,0,normal,0
3350,21.45,50.55,294.9,0,normal,0
3352,21.41,50.67,294.8,0,normal,0
3354,21.39,50.42,300.9,0,normal,0
3356,21.31,50.48,306.1,0,normal,0
3358,21.35,50.55,298.7,0,normal,0
3360,21.45,50.47,298.9,0,normal,0
3362,21.49,50.37,292.3,0,normal,0
3364,21.55,50.16,293.1,0,normal,0
3366,21.59,50.48,296.3,0,normal,0
3368,21.74,50.38,299.1,0,normal,0
3370,21.66,50.51,290.8,0,normal,0
3372,21.65,50.01,294.1,0,normal,0
3374,21.69,49.97,297.7,0,normal,0
3376,21.77,50.2,302.5,0,normal,0
3378,21.55,50.35,299.0,0,normal,0
3380,21.5,50.54,301.5,0,normal,0
3382,21.48,50.48,304.2,0,normal,0
3384,21.4,50.75,304.9,0,normal,0
3386,21.48,50.79,302.2,1,normal,0
3388,21.5,50.71,298.6,0,normal,0
3390,21.47,50.77,299.4,0,normal,0
3392,21.34,50.68,298.3,0,normal,0
3394,21.25,50.63,300.7,0,normal,0
3396,21.2,50.49,300.4,0,normal,0
3398,21.27,50.67,297.9,0,normal,0
3400,21.2,50.67,294.2,0,normal,0
3402,21.07,50.48,293.3,0,normal,0
3404,21.0,50.51,290.1,0,normal,0
3406,21.0,50.09,290.5,0,normal,0
3408,21.19,50.04,286.8,0,normal,0
3410,21.43,50.08,285.0,0,normal,0
3412,21.4,49.91,283.8,0,normal,0
3414,21.5,49.91,288.2,0,normal,0
3416,21.62,50.03,290.3,0,normal,0
3418,21.71,49.98,294.2,0,normal,0
3420,21.69,49.91,293.7,0,normal,0
3422,21.58,50.01,292.4,0,normal,0
3424,21.54,49.67,292.7,0,normal,0
3426,21.4,49.75,290.4,0,normal,0
3428,21.44,49.92,297.3,0,normal,0
3430,21.52,49.85,301.4,0,normal,0
3432,21.37,49.88,295.6,0,normal,0
3434,21.39,49.79,296.2,0,normal,0
3436,21.44,49.91,300.5,0,normal,0
3438,21.56,49.81,295.4,0,normal,0
3440,21.68,50.09,291.6,0,normal,0
3442,21.74,49.77,290.5,0,normal,0
3444,21.67,49.78,294.1,0,normal,0
3446,21.64,49.87,291.1,0,normal,0
3448,21.74,49.92,288.8,0,normal,0
3450,21.68,50.21,286.8,0,normal,0
3452,21.68,50.49,292.4,0,normal,0
3454,21.8,50.86,292.9,0,normal,0
3456,21.8,50.83,291.7,0,normal,0
3458,21.68,50.6,293.8,0,normal,0
3460,21.65,50.45,289.6,0,normal,0
3462,21.71,50.5,290.4,0,normal,0
3464,21.69,50.66,293.0,0,normal,0
3466,21.78,50.52,296.0,0,normal,0
3468,21.88,50.36,301.7,0,normal,0
3470,21.81,50.18,300.5,1,normal,0
3472,21.76,49.8,297.7,0,normal,0
3474,21.75,50.0,295.0,0,normal,0
3476,21.65,50.5,293.6,0,normal,0
3478,21.69,50.35,296.2,0,normal,0
3480,21.68,50.63,298.8,0,normal,0
3482,21.75,50.37,297.8,0,normal,0
3484,21.7,50.54,299.4,0,normal,0
3486,21.63,50.46,296.0,0,normal,0
3488,21.79,50.84,294.6,0,normal,0
3490,21.72,50.88,293.1,0,normal,0
3492,21.68,50.76,294.6,0,normal,0
3494,21.63,50.55,295.7,0,normal,0
3496,21.62,50.67,293.5,0,normal,0
3498,21.56,50.46,294.2,0,normal,0
3500,21.58,50.27,298.3,0,normal,0
3502,21.54,49.9,305.8,0,normal,0
3504,21.54,49.49,303.2,0,normal,0
3506,21.59,49.63,300.0,0,normal,0
3508,21.67,49.71,302.7,0,normal,0
3510,21.72,50.09,300.2,0,normal,0
3512,21.67,50.27,299.9,0,normal,0
3514,21.72,50.1,296.9,1,normal,0
3516,21.72,49.89,300.4,0,normal,0
3518,21.72,50.02,301.4,0,normal,0
3520,21.6,50.14,301.9,0,normal,0
3522,21.67,50.17,302.8,0,normal,0
3524,21.68,50.32,304.3,0,normal,0
3526,21.83,50.03,303.7,0,normal,0
3528,21.89,49.91,297.8,0,normal,0
3530,21.8,49.76,302.0,0,normal,0
3532,21.69,50.29,301.6,0,normal,0
3534,21.8,50.15,301.4,0,normal,0
3536,21.74,50.04,305.1,0,normal,0
3538,21.81,49.94,305.4,0,normal,0
3540,21.79,49.7,305.2,0,normal,0
3542,21.97,49.62,306.0,0,normal,0
3544,21.97,49.65,296.2,0,normal,0
3546,22.09,49.49,299.0,0,normal,0
3548,22.18,49.93,294.4,0,normal,0
3550,22.11,50.05,295.9,0,normal,0
3552,22.07,50.4,298.4,0,normal,0
3554,22.17,50.15,298.0,0,normal,0
3556,22.15,50.06,302.5,0,normal,0
3558,22.06,50.21,300.6,0,normal,0
3560,22.14,50.59,302.4,0,normal,0
3562,22.33,50.29,298.9,0,normal,0
3564,22.29,50.44,299.3,0,normal,0
3566,22.37,50.13,301.6,0,normal,0
3568,22.32,50.37,298.3,0,normal,0
3570,22.4,50.59,297.9,0,normal,0
3572,22.34,50.88,301.9,0,normal,0
3574,22.41,50.78,298.4,0,normal,0
3576,22.41,50.95,297.6,0,normal,0
3578,22.36,50.83,300.4,0,normal,0
3580,22.34,50.34,299.3,0,normal,0
3582,22.27,50.7,301.9,0,normal,0
3584,22.16,50.96,299.3,0,normal,0
3586,22.06,50.93,302.6,0,normal,0
3588,22.06,50.91,303.2,0,normal,0
3590,21.97,51.1,303.9,0,normal,0
3592,22.02,51.39,310.4,0,normal,0
3594,22.07,51.84,304.7,0,normal,0
3596,22.1,51.16,302.5,0,normal,0
3598,22.06,51.04,302.1,0,normal,0
3600,22.07,51.0,302.4,0,normal,0
3602,22.07,50.9,301.3,0,normal,0
3604,22.18,51.0,301.5,0,normal,0
3606,22.11,50.77,296.6,0,normal,0
3608,22.08,50.86,295.3,0,normal,0
3610,22.07,50.53,297.4,0,normal,0
3612,22.06,50.85,298.7,0,normal,0
3614,22.01,50.74,304.0,0,normal,0
3616,21.97,50.5,302.2,0,normal,0
3618,22.07,50.39,303.1,0,normal,0
3620,22.03,50.37,299.9,0,normal,0
3622,22.12,50.18,303.3,0,normal,0
3624,22.28,49.85,299.1,0,normal,0
3626,22.37,49.63,297.4,0,normal,0
3628,22.21,49.89,298.3,0,normal,0
3630,22.27,49.99,296.1,0,normal,0
3632,22.3,49.63,295.6,0,normal,0
3634,22.33,49.46,295.4,0,normal,0
3636,22.19,49.98,299.7,0,normal,0
3638,22.25,50.33,294.4,0,normal,0
3640,22.16,50.41,297.5,0,normal,0
3642,22.27,50.29,294.9,0,normal,0
3644,22.35,50.26,296.2,0,normal,0
3646,22.54,50.3,296.9,0,normal,0
3648,22.48,50.33,298.3,0,normal,0
3650,22.33,50.36,302.0,0,normal,0
3652,22.41,50.13,301.2,0,normal,0
3654,22.46,50.53,303.7,0,normal,0
3656,22.41,50.21,305.1,0,normal,0
3658,22.5,50.14,304.0,0,normal,0
3660,22.53,49.99,299.1,0,normal,0
3662,22.4,49.91,304.0,0,normal,0
3664,22.36,50.15,306.3,0,normal,0
3666,22.31,49.96,301.6,0,normal,0
3668,22.3,50.19,303.6,0,normal,0
3670,22.31,50.16,304.4,0,normal,0
3672,22.26,50.23,296.2,0,normal,0
3674,22.24,50.1,300.9,0,normal,0
3676,22.3,49.87,297.5,0,normal,0
3678,22.29,49.57,299.8,0,normal,0
3680,22.27,49.77,296.3,0,normal,0
3682,22.25,49.81,296.0,0,normal,0
3684,22.25,49.85,296.8,0,normal,0
3686,22.1,49.95,298.1,0,normal,0
3688,22.14,49.91,303.2,0,normal,0
3690,22.07,49.85,301.9,0,normal,0
3692,22.11,49.77,305.0,0,normal,0
3694,22.01,49.63,302.4,0,normal,0
3696,22.12,49.74,301.9,0,normal,0
3698,22.16,49.93,303.0,0,normal,0
3700,22.07,49.62,302.2,0,normal,0
3702,22.12,49.59,301.5,0,normal,0
3704,22.09,49.31,298.5,0,normal,0
3706,22.26,49.59,296.5,0,normal,0
3708,22.31,49.75,301.6,0,normal,0
3710,22.25,49.75,295.5,0,normal,0
3712,22.28,49.51,300.9,0,normal,0
3714,22.29,49.78,300.2,0,normal,0
3716,22.4,49.58,302.5,0,normal,0
3718,22.43,49.91,299.3,0,normal,0
3720,22.47,49.84,297.9,0,normal,0
3722,22.37,50.07,301.3,0,normal,0
3724,22.44,50.27,301.3,0,normal,0
3726,22.61,49.98,298.5,0,normal,0
3728,22.64,49.95,304.4,0,normal,0
3730,22.62,49.82,304.1,0,normal,0
3732,22.61,50.03,305.4,0,normal,0
3734,22.52,49.83,309.6,0,normal,0
3736,22.53,49.92,304.8,0,normal,0
3738,22.43,49.9,301.8,0,normal,0
3740,22.44,49.86,304.0,0,normal,0
3742,22.41,50.04,303.4,0,normal,0
3744,22.35,50.12,304.2,0,normal,0
3746,22.41,49.97,302.7,0,normal,0
3748,22.3,49.81,294.6,0,normal,0
3750,22.31,49.51,294.5,0,normal,0
3752,22.23,49.51,300.0,0,normal,0
3754,22.4,49.22,305.6,0,normal,0
3756,22.57,49.48,310.0,0,normal,0
3758,22.63,49.61,307.2,0,normal,0
3760,22.77,49.36,305.9,0,normal,0
3762,22.79,49.49,304.7,0,normal,0
3764,22.81,49.46,299.5,0,normal,0
3766,22.75,49.67,306.0,0,normal,0
3768,22.65,49.59,304.8,0,normal,0
3770,22.65,49.75,308.1,0,normal,0
3772,22.6,49.66,310.2,0,normal,0
3774,22.56,49.57,305.9,0,normal,0
3776,22.62,49.27,301.9,0,normal,0
3778,22.6,49.31,301.9,0,normal,0
3780,22.47,49.29,304.0,0,normal,0
3782,22.46,49.15,298.8,0,normal,0
3784,22.41,48.98,294.8,0,normal,0
3786,22.41,48.93,297.2,0,normal,0
3788,22.34,48.81,296.8,0,normal,0
3790,22.46,48.81,295.6,0,normal,0
3792,22.62,49.07,298.8,0,normal,0
3794,22.53,49.23,300.3,0,normal,0
3796,22.59,49.03,305.0,0,normal,0
3798,22.64,48.8,303.3,0,normal,0
3800,22.55,48.89,305.4,0,normal,0
3802,22.56,49.04,302.6,0,normal,0
3804,22.68,49.08,303.3,0,normal,0
3806,22.74,49.08,305.4,0,normal,0
3808,22.86,49.19,304.8,0,normal,0
3810,22.75,49.27,302.8,0,normal,0
3812,22.67,49.41,300.9,0,normal,0
3814,22.69,49.25,304.0,0,normal,0
3816,22.72,49.08,308.6,0,normal,0
3818,22.71,49.4,311.8,0,normal,0
3820,22.68,49.48,311.1,0,normal,0
3822,22.64,49.97,309.9,0,normal,0
3824,22.59,49.99,310.6,0,normal,0
3826,22.64,50.05,306.1,0,normal,0
3828,22.42,50.18,306.1,0,normal,0
3830,22.57,49.79,306.1,0,normal,0
3832,22.54,49.59,308.1,0,normal,0
3834,22.44,49.77,308.9,0,normal,0
3836,22.51,49.58,310.9,0,normal,0
3838,22.41,49.55,309.5,0,normal,0
3840,22.47,49.64,307.5,0,normal,0
3842,22.46,49.43,307.0,0,normal,0
3844,22.53,49.41,306.3,0,normal,0
3846,22.61,49.5,305.1,0,normal,0
3848,22.73,49.55,300.1,0,normal,0
3850,22.69,49.47,298.8,0,normal,0
3852,22.67,49.67,298.7,0,normal,0
3854,22.67,49.68,303.6,0,normal,0
3856,22.56,49.61,306.7,0,normal,0
3858,22.63,49.62,301.6,0,normal,0
3860,22.65,49.6,306.9,0,normal,0
3862,22.55,49.8,304.1,0,normal,0
3864,22.66,49.66,303.1,0,normal,0
3866,22.78,49.41,299.9,0,normal,0
3868,22.67,49.24,298.4,0,normal,0
3870,22.73,49.61,296.9,0,normal,0
3872,22.83,49.48,299.5,0,normal,0
3874,22.89,49.64,299.7,0,normal,0
3876,22.8,49.56,295.8,0,normal,0
3878,22.68,49.3,297.3,0,normal,0
3880,22.68,49.17,300.0,0,normal,0
3882,22.65,49.13,301.4,0,normal,0
3884,22.67,49.17,304.4,0,normal,0
3886,22.67,48.87,299.2,0,normal,0
3888,22.72,49.39,303.0,0,normal,0
3890,22.69,49.16,305.6,0,normal,0
3892,22.68,49.56,305.3,0,normal,0
3894,22.93,49.56,300.7,0,normal,0
3896,22.91,49.39,303.5,0,normal,0
3898,22.96,49.4,310.3,0,normal,0
3900,22.97,49.53,309.7,0,normal,0
3902,22.97,49.53,309.9,0,normal,0
3904,22.88,49.61,307.6,0,normal,0
3906,22.92,49.7,305.9,0,normal,0
3908,22.91,49.77,300.3,0,normal,0
3910,22.96,49.63,302.1,0,normal,0
3912,23.12,49.75,304.9,0,normal,0
3914,23.1,49.47,297.8,0,normal,0
3916,23.14,49.65,297.9,0,normal,0
3918,23.03,49.95,301.9,0,normal,0
3920,23.02,49.5,303.0,0,normal,0
3922,23.13,49.82,309.0,0,normal,0
3924,23.1,49.86,303.9,0,normal,0
3926,23.02,49.72,301.3,0,normal,0
3928,23.02,49.65,300.6,0,normal,0
3930,22.99,49.36,301.5,0,normal,0
3932,22.96,49.5,300.2,0,normal,0
3934,22.93,49.58,299.8,1,normal,0
3936,23.08,49.95,302.5,0,normal,0
3938,22.99,49.91,298.0,0,normal,0
3940,22.95,49.65,299.0,0,normal,0
3942,22.9,49.93,301.6,0,normal,0
3944,23.0,50.16,297.5,0,normal,0
3946,22.97,49.86,301.2,0,normal,0
3948,23.07,49.86,302.8,0,normal,0
3950,23.06,49.84,304.9,0,normal,0
3952,23.05,49.85,307.8,0,normal,0
3954,22.92,49.84,308.4,0,normal,0
3956,23.02,49.66,307.1,0,normal,0
3958,23.05,49.49,310.0,0,normal,0
3960,23.07,49.7,306.9,0,normal,0
3962,23.05,49.7,304.3,0,normal,0
3964,23.01,49.7,303.1,0,normal,0
3966,22.9,49.44,302.8,0,normal,0
3968,22.98,49.5,299.2,0,normal,0
3970,23.0,49.77,305.4,0,normal,0
3972,22.97,49.93,306.3,0,normal,0
3974,22.92,49.73,305.7,0,normal,0
3976,22.93,49.77,311.4,0,normal,0
3978,22.93,49.65,309.6,0,normal,0
3980,23.06,49.45,311.5,0,normal,0
3982,23.12,49.52,307.2,0,normal,0
3984,23.06,49.69,303.2,0,normal,0
3986,22.96,49.83,308.5,0,normal,0
3988,22.95,49.87,308.3,0,normal,0
3990,22.88,49.6,309.7,0,normal,0
3992,22.9,49.35,303.1,0,normal,0
3994,22.94,49.43,302.1,0,normal,0
3996,23.0,49.43,305.6,0,normal,0
3998,23.03,49.18,309.7,0,normal,0
4000,23.02,49.22,305.1,0,normal,0
4002,23.07,49.03,302.8,0,normal,0
4004,22.99,49.08,300.5,0,normal,0
4006,22.99,48.98,301.0,0,normal,0
4008,23.06,49.05,303.3,0,normal,0
4010,23.08,49.25,307.5,0,normal,0
4012,22.97,49.26,309.5,0,normal,0
4014,22.89,49.15,307.6,0,normal,0
4016,22.78,48.8,312.9,0,normal,0
4018,22.95,48.64,310.8,0,normal,0
4020,22.84,48.68,306.3,0,normal,0
4022,22.85,48.77,302.0,0,normal,0
4024,23.02,48.63,297.3,0,normal,0
4026,23.11,48.49,301.4,0,normal,0
4028,23.21,48.8,300.0,0,normal,0
4030,23.16,48.76,304.3,0,normal,0
4032,23.21,48.55,301.7,0,normal,0
4034,23.44,48.55,302.9,0,normal,0
4036,23.4,48.5,310.9,1,normal,0
4038,23.41,48.8,308.9,0,normal,0
4040,23.35,48.92,314.6,0,normal,0
4042,23.33,48.71,308.7,0,normal,0
4044,23.33,48.95,306.0,0,normal,0
4046,23.42,48.95,303.2,0,normal,0
4048,23.32,48.89,305.5,0,normal,0
4050,23.19,48.86,305.5,0,normal,0
4052,23.18,48.86,303.5,0,normal,0
4054,23.19,48.74,302.0,1,normal,0
4056,23.3,48.61,310.9,0,normal,0
4058,23.34,48.45,310.0,0,normal,0
4060,23.27,48.37,308.9,0,normal,0
4062,23.3,48.27,308.3,0,normal,0
4064,23.38,48.3,309.4,0,normal,0
4066,23.38,48.52,305.2,0,normal,0
4068,23.33,48.19,306.9,0,normal,0
4070,23.37,48.07,309.7,0,normal,0
4072,23.32,48.29,311.0,0,normal,0
4074,23.15,48.38,306.9,0,normal,0
4076,23.26,48.34,310.1,0,normal,0
4078,23.15,48.28,309.1,0,normal,0
4080,23.12,48.44,311.5,0,normal,0
4082,23.1,48.29,311.4,0,normal,0
4084,23.08,48.34,305.7,0,normal,0
4086,23.07,48.4,305.5,0,normal,0
4088,22.97,48.27,305.3,0,normal,0
4090,23.03,48.02,299.4,0,normal,0
4092,23.05,48.13,303.1,0,normal,0
4094,23.07,47.97,306.8,0,normal,0
4096,23.17,48.08,305.0,0,normal,0
4098,23.26,47.88,305.9,0,normal,0
4100,23.36,48.05,310.6,0,normal,0
4102,23.49,47.9,307.5,0,normal,0
4104,23.5,48.5,308.1,0,normal,0
4106,23.35,48.34,302.1,0,normal,0
4108,23.35,48.67,299.4,0,normal,0
4110,23.34,48.44,300.6,0,normal,0
4112,23.33,48.0,301.6,0,normal,0
4114,23.27,48.21,304.1,0,normal,0
4116,23.2,48.07,303.2,0,normal,0
4118,23.27,48.26,303.1,0,normal,0
4120,23.34,48.4,308.0,0,normal,0
4122,23.24,48.29,305.5,0,normal,0
4124,23.28,48.26,303.6,0,normal,0
4126,23.27,48.02,302.8,0,normal,0
4128,23.23,47.85,302.4,0,normal,0
4130,23.29,47.72,298.0,0,normal,0
4132,23.28,47.89,303.5,1,normal,0
4134,23.23,47.96,302.1,0,normal,0
4136,23.24,47.86,305.9,0,normal,0
4138,23.08,47.69,308.2,0,normal,0
4140,23.05,47.84,303.8,0,normal,0
4142,23.04,47.85,307.0,0,normal,0
4144,22.95,47.92,309.2,0,normal,0
4146,23.0,47.92,307.6,0,normal,0
4148,23.04,48.18,307.9,0,normal,0
4150,23.02,47.87,305.7,0,normal,0
4152,23.03,47.79,303.6,0,normal,0
4154,23.11,47.68,303.7,0,normal,0
4156,23.21,47.82,304.2,0,normal,0
4158,23.16,47.79,303.5,0,normal,0
4160,23.2,47.76,301.1,0,normal,0
4162,23.29,47.68,301.5,0,normal,0
4164,23.29,47.73,302.3,0,normal,0
4166,23.22,47.59,299.6,0,normal,0
4168,23.17,47.5,301.3,0,normal,0
4170,23.16,47.58,299.9,0,normal,0
4172,23.09,47.7,296.5,0,normal,0
4174,23.27,48.05,296.3,0,normal,0
4176,23.23,48.1,302.0,0,normal,0
4178,23.26,48.19,307.5,0,normal,0
4180,23.28,48.34,304.0,0,normal,0
4182,23.33,48.49,302.0,0,normal,0
4184,23.3,48.48,297.9,0,normal,0
4186,23.2,48.45,303.3,0,normal,0
4188,23.34,48.48,304.2,0,normal,0
4190,23.33,48.91,301.4,0,normal,0
4192,23.34,48.78,304.3,0,normal,0
4194,23.35,48.8,305.9,0,normal,0
4196,23.45,48.94,307.3,0,normal,0
4198,23.5,48.99,308.1,0,normal,0
4200,23.57,49.16,304.9,0,normal,0
4202,23.62,48.98,306.9,0,normal,0
4204,23.6,48.89,303.3,0,normal,0
4206,23.59,49.09,307.1,0,normal,0
4208,23.51,48.92,309.3,0,normal,0
4210,23.33,49.09,308.9,0,normal,0
4212,23.32,49.39,309.3,0,normal,0
4214,23.23,49.26,304.1,0,normal,0
4216,23.45,49.3,306.4,0,normal,0
4218,23.56,49.06,304.7,0,normal,0
4220,23.64,48.8,304.8,0,normal,0
4222,23.56,48.68,303.4,0,normal,0
4224,23.71,48.28,305.3,0,normal,0
4226,23.54,48.53,303.8,0,normal,0
4228,23.42,48.62,303.6,0,normal,0
4230,23.35,48.89,301.7,1,normal,0
4232,23.28,48.84,300.8,0,normal,0
4234,23.3,48.59,301.7,0,normal,0
4236,23.32,48.55,301.4,0,normal,0
4238,23.48,48.34,304.1,0,normal,0
4240,23.55,48.25,308.0,0,normal,0
4242,23.63,48.06,307.4,0,normal,0
4244,23.63,48.03,311.2,0,normal,0
4246,23.6,48.03,306.3,0,normal,0
4248,23.52,48.29,308.6,0,normal,0
4250,23.39,48.1,305.3,0,normal,0
4252,23.32,48.09,300.3,0,normal,0
4254,23.29,47.89,303.9,0,normal,0
4256,23.36,47.74,301.2,0,normal,0
4258,23.23,47.89,300.1,0,normal,0
4260,23.14,47.78,301.3,0,normal,0
4262,23.18,47.87,303.1,0,normal,0
4264,23.12,48.18,308.6,0,normal,0
4266,23.17,48.13,308.5,0,normal,0
4268,23.16,48.1,302.3,0,normal,0
4270,23.13,48.23,303.1,0,normal,0
4272,23.05,48.61,301.6,0,normal,0
4274,23.07,49.1,311.9,0,normal,0
4276,23.05,48.98,313.2,0,normal,0
4278,23.04,48.92,306.4,0,normal,0
4280,23.02,48.87,302.7,0,normal,0
4282,23.08,48.97,301.2,0,normal,0
4284,23.12,49.07,301.0,0,normal,0
4286,23.01,49.04,304.6,0,normal,0
4288,23.04,49.15,302.8,0,normal,0
4290,23.11,48.87,301.0,0,normal,0
4292,23.22,49.08,303.6,1,normal,0
4294,23.31,48.91,303.4,0,normal,0
4296,23.34,49.05,303.7,0,normal,0
4298,23.25,49.13,305.2,0,normal,0
4300,23.21,49.0,309.4,0,normal,0
4302,23.3,49.24,307.2,0,normal,0
4304,23.26,49.16,308.0,0,normal,0
4306,23.36,49.0,309.5,0,normal,0
4308,23.47,49.11,304.7,0,normal,0
4310,23.38,48.86,302.9,0,normal,0
4312,23.42,49.18,301.0,0,normal,0
4314,23.41,49.25,300.3,0,normal,0
4316,23.58,49.22,306.6,0,normal,0
4318,23.63,49.11,305.1,0,normal,0
4320,23.57,49.3,305.6,0,normal,0
4322,23.59,49.09,304.1,0,normal,0
4324,23.5,49.32,308.0,0,normal,0
4326,23.49,49.47,308.7,0,normal,0
4328,23.5,49.36,306.9,0,normal,0
4330,23.5,48.84,304.8,0,normal,0
4332,23.52,48.66,302.4,0,normal,0
4334,23.44,48.72,308.8,0,normal,0
4336,23.3,48.75,305.1,0,normal,0
4338,23.28,48.85,302.2,0,normal,0
4340,23.23,48.72,302.9,0,normal,0
4342,23.2,48.76,311.1,0,normal,0
4344,23.39,48.79,304.8,0,normal,0
4346,23.49,48.64,304.0,0,normal,0
4348,23.48,48.85,303.6,0,normal,0
4350,23.36,48.77,303.5,0,normal,0
4352,23.27,48.26,307.9,0,normal,0
4354,23.31,48.23,311.4,0,normal,0
4356,23.41,48.23,311.2,0,normal,0
4358,23.4,48.19,308.3,0,normal,0
4360,23.41,48.14,303.7,0,normal,0
4362,23.44,48.26,301.7,0,normal,0
4364,23.53,48.33,305.7,0,normal,0
4366,23.37,48.29,301.9,0,normal,0
4368,23.39,48.15,294.7,0,normal,0
4370,23.43,47.86,296.9,0,normal,0
4372,23.51,48.03,295.1,0,normal,0
4374,23.54,47.89,296.9,0,normal,0
4376,23.45,47.87,300.1,0,normal,0
4378,23.4,48.04,300.4,0,normal,0
4380,23.29,47.9,303.8,0,normal,0
4382,23.32,48.02,300.5,1,normal,0
4384,23.35,47.86,303.9,0,normal,0
4386,23.41,48.24,309.2,0,normal,0
4388,23.34,48.26,307.0,0,normal,0
4390,23.26,48.19,303.2,0,normal,0
4392,23.41,47.75,302.4,0,normal,0
4394,23.43,47.61,302.4,0,normal,0
4396,23.57,47.83,303.6,0,normal,0
4398,23.6,48.14,300.0,0,normal,0
4400,23.47,48.38,302.0,0,normal,0
4402,23.54,48.28,307.8,0,normal,0
4404,23.63,48.16,310.1,0,normal,0
4406,23.58,48.3,305.5,0,normal,0
4408,23.42,48.4,307.1,0,normal,0
4410,23.48,48.31,306.6,0,normal,0
4412,23.47,48.22,306.7,0,normal,0
4414,23.49,48.06,307.4,0,normal,0
4416,23.28,48.36,305.4,0,normal,0
4418,23.33,48.35,311.3,0,normal,0
4420,23.13,48.36,308.1,0,normal,0
4422,23.1,48.67,311.8,0,normal,0
4424,23.21,48.45,310.2,0,normal,0
4426,23.09,48.56,307.7,0,normal,0
4428,22.98,48.45,306.9,0,normal,0
4430,23.0,48.78,302.5,0,normal,0
4432,23.18,49.2,300.3,0,normal,0
4434,23.34,49.34,301.0,0,normal,0
4436,23.31,49.37,300.6,0,normal,0
4438,23.41,49.37,302.6,0,normal,0
4440,23.46,49.24,306.2,0,normal,0
4442,23.49,49.03,303.1,0,normal,0
4444,23.51,48.91,301.3,0,normal,0
4446,23.46,48.92,295.9,0,normal,0
4448,23.52,49.02,303.0,0,normal,0
4450,23.61,48.63,310.1,0,normal,0
4452,23.81,48.66,305.5,0,normal,0
4454,23.85,48.29,303.6,0,normal,0
4456,23.62,48.51,306.2,0,normal,0
4458,23.51,48.49,308.8,0,normal,0
4460,23.54,49.14,310.4,0,normal,0
4462,23.54,49.45,313.2,0,normal,0
4464,23.39,49.31,308.5,0,normal,0
4466,23.39,49.33,306.6,0,normal,0
4468,23.37,49.39,305.9,0,normal,0
4470,23.38,49.41,307.6,0,normal,0
4472,23.38,49.06,303.4,0,normal,0
4474,23.46,48.95,303.2,0,normal,0
4476,23.59,48.89,306.7,0,normal,0
4478,23.63,48.83,303.3,0,normal,0
4480,23.53,48.81,302.5,0,normal,0
4482,23.46,48.67,303.6,0,normal,0
4484,23.41,49.18,305.1,0,normal,0
4486,23.41,49.05,304.1,0,normal,0
4488,23.39,48.95,308.8,0,normal,0
4490,23.37,48.57,309.2,0,normal,0
4492,23.31,48.49,314.5,0,normal,0
4494,23.4,48.3,316.4,0,normal,0
4496,23.48,48.37,315.7,0,normal,0
4498,23.56,48.17,311.2,0,normal,0
4500,23.55,48.42,307.6,0,normal,0
4502,23.58,48.28,307.6,0,normal,0
4504,23.5,48.09,304.8,0,normal,0
4506,23.42,47.97,308.9,0,normal,0
4508,23.38,47.72,309.8,0,normal,0
4510,23.44,47.68,307.3,0,normal,0
4512,23.43,47.92,304.8,0,normal,0
4514,23.35,47.62,303.9,0,normal,0
4516,23.37,47.64,301.8,0,normal,0
4518,23.42,47.7,302.9,0,normal,0
4520,23.44,47.27,300.1,0,normal,0
4522,23.39,47.19,304.5,0,normal,0
4524,23.41,47.27,302.2,0,normal,0
4526,23.38,47.51,306.5,0,normal,0
4528,23.37,47.8,304.6,0,normal,0
4530,23.37,47.8,303.6,0,normal,0
4532,23.44,47.75,305.1,0,normal,0
4534,23.59,47.92,307.7,0,normal,0
4536,23.71,48.33,307.1,0,normal,0
4538,23.74,48.22,305.8,0,normal,0
4540,23.68,48.4,303.9,0,normal,0
4542,23.64,48.37,304.7,0,normal,0
4544,23.6,48.23,302.4,0,normal,0
4546,23.68,48.64,302.0,0,normal,0
4548,23.44,48.45,304.8,0,normal,0
4550,23.47,48.4,299.8,0,normal,0
4552,23.31,48.06,304.8,0,normal,0
4554,23.33,47.96,305.4,0,normal,0
4556,23.45,48.26,309.9,1,normal,0
4558,23.38,47.95,304.9,0,normal,0
4560,23.21,48.19,308.3,0,normal,0
4562,23.34,48.18,309.5,0,normal,0
4564,23.48,48.16,313.8,0,normal,0
4566,23.52,48.01,306.8,0,normal,0
4568,23.61,48.08,309.9,0,normal,0
4570,23.54,47.9,304.6,0,normal,0
4572,23.62,47.75,308.3,0,normal,0
4574,23.75,48.09,310.7,0,normal,0
4576,23.77,47.97,303.5,0,normal,0
4578,23.76,47.83,306.3,0,normal,0
4580,23.84,47.63,304.3,0,normal,0
4582,23.89,47.89,302.3,0,normal,0
4584,23.79,47.92,302.9,0,normal,0
4586,23.87,47.71,305.5,0,normal,0
4588,23.89,47.82,301.4,0,normal,0
4590,23.86,47.91,296.9,0,normal,0
4592,23.93,48.1,297.1,0,normal,0
4594,23.95,48.56,299.8,0,normal,0
4596,23.97,48.53,297.5,1,normal,0
4598,23.88,48.37,303.4,0,normal,0
4600,23.9,48.92,302.1,0,normal,0
4602,23.77,48.81,302.4,0,normal,0
4604,23.73,49.12,302.2,0,normal,0
4606,23.57,49.15,300.5,0,normal,0
4608,23.42,49.08,303.8,0,normal,0
4610,23.46,49.38,303.0,0,normal,0
4612,23.45,49.44,306.3,0,normal,0
4614,23.46,49.31,306.4,0,normal,0
4616,23.51,49.35,308.0,0,normal,0
4618,23.53,49.22,304.3,0,normal,0
4620,23.45,49.25,302.2,0,normal,0
4622,23.46,49.26,300.0,0,normal,0
4624,23.45,49.24,304.2,0,normal,0
4626,23.41,49.37,302.6,0,normal,0
4628,23.41,48.75,302.3,0,normal,0
4630,23.38,48.85,299.6,0,normal,0
4632,23.34,48.77,306.2,0,normal,0
4634,23.32,48.79,307.4,0,normal,0
4636,23.35,48.88,308.2,0,normal,0
4638,23.53,48.7,300.2,0,normal,0
4640,23.45,48.52,301.5,1,normal,0
4642,23.49,48.49,298.8,0,normal,0
4644,23.37,48.52,302.4,0,normal,0
4646,23.51,48.55,304.5,0,normal,0
4648,23.47,48.39,304.1,0,normal,0
4650,23.48,48.41,306.3,0,normal,0
4652,23.58,48.3,302.6,0,normal,0
4654,23.64,48.07,308.2,0,normal,0
4656,23.5,48.06,309.2,0,normal,0
4658,23.54,47.99,312.6,0,normal,0
4660,23.51,48.21,311.1,0,normal,0
4662,23.55,48.1,311.5,0,normal,0
4664,23.55,47.99,305.4,0,normal,0
4666,23.6,48.16,301.1,0,normal,0
4668,23.6,47.97,302.2,0,normal,0
4670,23.57,47.89,299.6,0,normal,0
4672,23.65,47.89,295.1,0,normal,0
4674,23.51,48.27,302.7,0,normal,0
4676,23.46,48.46,297.6,0,normal,0
4678,23.38,48.51,296.1,0,normal,0
4680,23.37,48.65,294.4,0,normal,0
4682,23.34,48.45,297.3,0,normal,0
4684,23.34,48.49,298.0,0,normal,0
4686,23.3,48.28,297.1,0,normal,0
4688,23.28,48.62,297.4,0,normal,0
4690,23.16,48.67,299.8,0,normal,0
4692,23.18,48.68,299.7,0,normal,0
4694,23.23,48.5,301.4,0,normal,0
4696,23.2,48.68,306.1,0,normal,0
4698,23.16,48.55,308.4,0,normal,0
4700,23.13,48.44,311.2,0,normal,0
4702,23.29,48.47,311.4,0,normal,0
4704,23.32,48.28,309.0,0,normal,0
4706,23.36,48.22,306.1,0,normal,0
4708,23.34,48.34,304.6,0,normal,0
4710,23.3,48.36,302.3,0,normal,0
4712,23.24,48.59,304.8,0,normal,0
4714,23.38,48.67,302.4,0,normal,0
4716,23.24,48.93,307.2,0,normal,0
4718,23.28,48.37,306.7,0,normal,0
4720,23.29,48.36,303.9,0,normal,0
4722,23.27,48.71,304.5,0,normal,0
4724,23.16,48.95,305.8,0,normal,0
4726,23.08,48.97,306.5,0,normal,0
4728,23.19,48.68,306.4,0,normal,0
4730,23.15,48.43,302.8,0,normal,0
4732,23.24,48.21,308.2,0,normal,0
4734,23.31,48.46,306.7,0,normal,0
4736,23.36,48.38,307.2,0,normal,0
4738,23.42,48.17,306.3,0,normal,0
4740,23.31,47.94,303.1,0,normal,0
4742,23.28,47.77,309.1,0,normal,0
4744,23.34,47.9,306.1,0,normal,0
4746,23.24,47.8,305.9,0,normal,0
4748,23.38,47.92,307.4,0,normal,0
4750,23.33,48.2,307.4,0,normal,0
4752,23.33,48.34,308.5,0,normal,0
4754,23.25,48.45,306.6,0,normal,0
4756,23.29,48.72,310.5,1,normal,0
4758,23.23,48.5,302.9,0,normal,0
4760,23.22,48.62,301.2,0,normal,0
4762,23.14,48.76,300.2,0,normal,0
4764,23.25,48.71,304.1,0,normal,0
4766,23.13,48.38,302.5,0,normal,0
4768,23.19,48.33,301.1,0,normal,0
4770,23.22,48.5,303.6,0,normal,0
4772,23.26,48.74,306.5,0,normal,0
4774,23.18,48.88,306.6,0,normal,0
4776,23.28,48.75,310.3,0,normal,0
4778,23.36,48.83,309.5,0,normal,0
4780,23.37,48.88,307.7,0,normal,0
4782,23.38,49.0,306.4,0,normal,0
4784,23.36,49.12,313.5,0,normal,0
4786,23.41,49.31,313.4,0,normal,0
4788,23.33,49.42,308.9,0,normal,0
4790,23.37,49.39,307.3,0,normal,0
4792,23.4,49.31,306.0,0,normal,0
4794,23.27,49.45,307.4,0,normal,0
4796,23.06,49.25,301.7,0,normal,0
4798,23.07,49.36,295.8,0,normal,0
4800,23.08,49.19,301.0,0,normal,0
4802,23.2,49.21,302.9,0,normal,0
4804,23.21,49.24,307.7,0,normal,0
4806,23.18,49.11,306.6,0,normal,0
4808,23.08,49.04,309.4,0,normal,0
4810,23.09,49.27,305.5,0,normal,0
4812,23.06,49.52,313.5,0,normal,0
4814,22.99,49.57,310.3,0,normal,0
4816,23.01,49.86,309.1,0,normal,0
4818,23.12,49.69,307.0,0,normal,0
4820,23.14,49.5,311.0,0,normal,0
4822,23.06,49.47,308.7,0,normal,0
4824,23.11,49.6,303.4,0,normal,0
4826,23.03,49.61,302.0,0,normal,0
4828,22.93,49.41,302.4,0,normal,0
4830,23.0,49.38,299.7,0,normal,0
4832,22.98,49.29,304.0,0,normal,0
4834,23.09,49.2,303.5,0,normal,0
4836,23.13,49.26,307.2,0,normal,0
4838,23.07,48.94,308.0,0,normal,0
4840,23.1,48.92,306.8,0,normal,0
4842,23.22,49.15,304.9,0,normal,0
4844,23.2,49.13,311.0,0,normal,0
4846,23.12,48.73,307.2,0,normal,0
4848,23.07,48.55,309.4,0,normal,0
4850,23.02,48.61,302.9,0,normal,0
4852,22.95,48.71,304.4,0,normal,0
4854,22.87,48.69,304.0,0,normal,0
4856,22.93,48.38,310.5,0,normal,0
4858,23.05,48.64,313.9,0,normal,0
4860,23.03,48.29,307.9,0,normal,0
4862,23.11,48.09,306.2,0,normal,0
4864,23.19,48.16,307.6,0,normal,0
4866,23.32,48.24,306.0,0,normal,0
4868,23.29,48.38,304.7,0,normal,0
4870,23.25,48.02,302.8,0,normal,0
4872,23.28,47.77,303.0,0,normal,0
4874,23.27,48.0,296.9,0,normal,0
4876,23.29,48.09,299.8,0,normal,0
4878,23.38,48.09,304.7,0,normal,0
4880,23.32,48.2,307.7,0,normal,0
4882,23.32,48.05,309.1,0,normal,0
4884,23.23,48.08,311.0,0,normal,0
4886,23.2,48.49,305.1,0,normal,0
4888,23.14,48.42,303.2,0,normal,0
4890,23.08,48.55,305.0,0,normal,0
4892,23.07,48.4,306.9,0,normal,0
4894,23.04,48.32,306.4,0,normal,0
4896,23.08,48.55,303.6,0,normal,0
4898,23.15,48.75,304.6,0,normal,0
4900,23.02,48.86,304.0,0,normal,0
4902,23.11,48.87,307.9,0,normal,0
4904,22.94,48.96,306.0,0,normal,0
4906,22.97,48.93,310.8,0,normal,0
4908,23.04,48.92,308.6,0,normal,0
4910,23.0,48.77,305.5,0,normal,0
4912,22.99,49.05,311.5,1,normal,0
4914,22.94,48.8,308.4,0,normal,0
4916,23.02,48.84,307.5,0,normal,0
4918,22.78,48.69,310.4,0,normal,0
4920,22.73,48.59,309.1,0,normal,0
4922,22.61,48.73,309.5,0,normal,0
4924,22.67,48.9,309.9,0,normal,0
4926,22.81,48.67,308.1,0,normal,0
4928,22.94,48.69,312.5,0,normal,0
4930,23.0,48.99,314.8,0,normal,0
4932,23.03,49.06,308.8,0,normal,0
4934,22.97,48.75,307.1,0,normal,0
4936,23.08,48.49,307.3,0,normal,0
4938,23.12,48.11,315.0,0,normal,0
4940,23.05,48.43,311.3,0,normal,0
4942,22.94,48.19,304.6,0,normal,0
4944,22.9,48.5,301.9,0,normal,0
4946,23.0,48.27,300.3,0,normal,0
4948,23.11,48.53,300.9,0,normal,0
4950,23.23,48.43,301.3,0,normal,0
4952,23.15,48.29,299.8,0,normal,0
4954,23.1,47.92,305.2,0,normal,0
4956,23.21,47.74,303.4,0,normal,0
4958,23.2,47.54,303.4,0,normal,0
4960,23.25,47.32,301.0,0,normal,0
4962,23.12,47.58,304.7,0,normal,0
4964,23.07,48.15,304.5,0,normal,0
4966,23.07,47.76,301.0,0,normal,0
4968,23.03,47.78,302.3,0,normal,0
4970,22.99,47.96,305.0,0,normal,0
4972,22.86,47.99,302.0,0,normal,0
4974,23.0,48.05,305.6,0,normal,0
4976,23.01,48.11,310.0,0,normal,0
4978,22.89,48.1,309.1,0,normal,0
4980,22.99,48.32,304.1,0,normal,0
4982,22.99,48.33,306.0,0,normal,0
4984,23.05,48.36,304.1,0,normal,0
4986,23.02,48.4,306.9,0,normal,0
4988,22.95,48.7,299.6,0,normal,0
4990,22.89,48.49,305.8,0,normal,0
4992,22.93,48.44,309.0,0,normal,0
4994,22.99,48.55,303.3,0,normal,0
4996,23.03,48.49,307.3,0,normal,0
4998,23.07,48.27,308.1,0,normal,0
5000,23.15,48.56,306.6,0,normal,0
5002,23.15,48.65,309.8,0,normal,0
5004,23.21,48.76,309.5,0,normal,0
5006,23.27,48.8,312.1,0,normal,0
5008,23.26,48.77,308.4,0,normal,0
5010,23.22,49.06,305.7,0,normal,0
5012,23.16,49.1,308.2,0,normal,0
5014,23.04,49.23,307.2,0,normal,0
5016,22.9,49.33,308.7,0,normal,0
5018,23.01,49.15,313.1,0,normal,0
5020,23.0,49.1,317.3,0,normal,0
5022,22.95,48.98,313.7,0,normal,0
5024,23.07,49.55,311.2,0,normal,0
5026,23.13,49.43,304.0,0,normal,0
5028,23.11,49.41,307.5,0,normal,0
5030,23.17,49.25,307.9,0,normal,0
5032,23.13,49.2,308.6,0,normal,0
5034,23.13,49.39,307.0,0,normal,0
5036,23.25,49.43,310.5,1,normal,0
5038,23.3,49.32,301.0,0,normal,0
5040,23.24,49.52,304.1,0,normal,0
5042,23.26,49.73,304.0,0,normal,0
5044,23.31,49.92,304.0,0,normal,0
5046,23.26,49.59,299.7,0,normal,0
5048,23.19,49.34,298.4,0,normal,0
5050,23.31,49.15,303.0,0,normal,0
5052,23.24,49.15,307.2,0,normal,0
5054,23.1,49.41,306.6,0,normal,0
5056,23.08,49.16,307.6,0,normal,0
5058,23.25,49.28,311.2,0,normal,0
5060,23.26,49.41,308.1,0,normal,0
5062,23.29,49.5,305.8,1,normal,0
5064,23.08,49.34,305.7,0,normal,0
5066,23.01,49.39,307.5,0,normal,0
5068,23.09,49.35,307.4,0,normal,0
5070,23.04,49.36,305.4,0,normal,0
5072,23.13,49.13,308.3,0,normal,0
5074,23.14,49.56,304.2,0,normal,0
5076,23.14,49.58,304.7,0,normal,0
5078,23.25,49.42,305.2,0,normal,0
5080,23.17,49.41,306.0,0,normal,0
5082,23.1,49.34,302.1,0,normal,0
5084,23.08,49.12,299.4,0,normal,0
5086,23.08,49.03,302.8,0,normal,0
5088,22.92,49.21,311.0,0,normal,0
5090,23.01,49.16,307.8,0,normal,0
5092,23.01,49.02,309.4,0,normal,0
5094,22.98,48.64,306.1,0,normal,0
5096,23.01,48.84,309.7,0,normal,0
5098,22.96,49.16,310.9,0,normal,0
5100,23.04,49.1,309.6,0,normal,0
5102,23.03,49.22,303.7,0,normal,0
5104,23.06,49.36,305.7,0,normal,0
5106,22.97,49.32,304.2,0,normal,0
5108,22.93,49.39,302.7,0,normal,0
5110,22.94,49.3,303.8,0,normal,0
5112,22.85,49.25,302.9,0,normal,0
5114,22.79,49.38,303.3,0,normal,0
5116,22.79,49.4,309.1,0,normal,0
5118,22.87,49.16,306.2,0,normal,0
5120,22.92,49.08,306.9,0,normal,0
5122,22.98,49.41,305.5,0,normal,0
5124,22.98,49.35,305.0,0,normal,0
5126,23.03,49.14,305.4,0,normal,0
5128,23.13,49.4,308.1,0,normal,0
5130,23.1,49.16,304.2,0,normal,0
5132,23.1,49.29,308.2,0,normal,0
5134,23.11,49.97,307.2,0,normal,0
5136,22.91,50.2,304.0,0,normal,0
5138,22.88,50.17,306.9,0,normal,0
5140,22.9,50.29,305.6,0,normal,0
5142,22.94,50.61,305.8,0,normal,0
5144,22.89,50.55,303.4,0,normal,0
5146,22.95,50.77,306.6,0,normal,0
5148,22.87,50.59,304.7,1,normal,0
5150,22.84,50.07,300.0,0,normal,0
5152,22.96,49.97,302.2,0,normal,0
5154,22.82,49.8,300.4,0,normal,0
5156,22.8,49.75,299.7,0,normal,0
5158,22.78,49.85,302.9,0,normal,0
5160,22.76,49.82,302.9,0,normal,0
5162,22.7,49.84,303.9,0,normal,0
5164,22.75,50.22,297.8,0,normal,0
5166,22.65,50.06,299.3,0,normal,0
5168,22.54,50.23,297.0,0,normal,0
5170,22.59,50.08,298.6,0,normal,0
5172,22.5,50.4,294.3,0,normal,0
5174,22.54,50.57,291.9,0,normal,0
5176,22.55,50.56,302.1,0,normal,0
5178,22.5,50.41,300.4,0,normal,0
5180,22.48,50.46,301.7,0,normal,0
5182,22.48,50.02,296.1,0,normal,0
5184,22.53,49.64,294.2,0,normal,0
5186,22.48,49.56,295.7,0,normal,0
5188,22.47,49.31,302.6,0,normal,0
5190,22.37,48.94,305.7,0,normal,0
5192,22.36,48.94,302.3,0,normal,0
5194,22.23,49.3,300.4,0,normal,0
5196,22.25,49.1,301.8,0,normal,0
5198,22.25,49.33,306.3,0,normal,0
5200,22.44,49.69,308.5,0,normal,0
5202,22.55,49.66,309.6,0,normal,0
5204,22.53,49.44,303.5,0,normal,0
5206,22.61,49.46,301.7,0,normal,0
5208,22.62,49.56,301.7,0,normal,0
5210,22.51,49.19,301.6,0,normal,0
5212,22.32,49.46,299.8,0,normal,0
5214,22.42,49.63,297.3,0,normal,0
5216,22.46,49.5,301.8,0,normal,0
5218,22.3,49.62,300.2,1,normal,0
5220,22.37,49.54,307.8,0,normal,0
5222,22.45,49.71,305.9,0,normal,0
5224,22.39,49.67,303.0,0,normal,0
5226,22.46,49.71,304.9,0,normal,0
5228,22.32,49.8,302.5,0,normal,0
5230,22.31,49.87,301.2,0,normal,0
5232,22.33,49.61,306.7,0,normal,0
5234,22.4,49.48,308.2,0,normal,0
5236,22.43,49.32,306.3,0,normal,0
5238,22.44,49.2,300.6,0,normal,0
5240,22.48,49.42,299.9,0,normal,0
5242,22.42,49.13,293.8,0,normal,0
5244,22.54,49.14,299.7,0,normal,0
5246,22.49,49.29,291.0,0,normal,0
5248,22.54,49.0,295.1,0,normal,0
5250,22.53,48.79,301.9,0,normal,0
5252,22.49,48.94,303.8,0,normal,0
5254,22.52,48.71,302.0,0,normal,0
5256,22.54,48.93,304.9,0,normal,0
5258,22.63,49.11,303.4,0,normal,0
5260,22.69,49.35,305.6,1,normal,0
5262,22.61,49.46,304.4,0,normal,0
5264,22.62,49.3,302.8,0,normal,0
5266,22.6,49.64,305.7,0,normal,0
5268,22.51,49.78,303.3,0,normal,0
5270,22.4,49.68,301.3,1,normal,0
5272,22.41,49.71,298.5,0,normal,0
5274,22.36,50.1,298.9,0,normal,0
5276,22.24,49.94,299.3,0,normal,0
5278,22.24,49.94,300.8,0,normal,0
5280,22.26,49.78,300.7,0,normal,0
5282,22.27,49.6,304.3,0,normal,0
5284,22.17,49.69,301.9,0,normal,0
5286,22.14,49.57,299.1,0,normal,0
5288,22.26,49.88,296.5,0,normal,0
5290,22.2,49.9,290.2,0,normal,0
5292,22.18,49.65,297.8,0,normal,0
5294,22.37,49.47,295.8,0,normal,0
5296,22.38,49.01,299.5,0,normal,0
5298,22.33,49.13,299.8,0,normal,0
5300,22.16,49.37,298.6,0,normal,0
5302,22.19,49.42,298.2,0,normal,0
5304,22.09,49.6,301.4,0,normal,0
5306,22.1,49.68,300.8,0,normal,0
5308,22.04,49.44,299.7,0,normal,0
5310,21.92,49.37,293.9,0,normal,0
5312,22.08,49.5,296.6,0,normal,0
5314,22.08,49.36,299.5,0,normal,0
5316,22.17,49.36,302.2,0,normal,0
5318,22.23,49.3,303.6,0,normal,0
5320,22.16,49.34,299.3,1,normal,0
5322,22.17,49.3,295.9,0,normal,0
5324,22.14,49.67,296.0,0,normal,0
5326,22.22,49.91,291.7,0,normal,0
5328,22.25,50.37,290.3,0,normal,0
5330,22.21,50.24,290.7,0,normal,0
5332,22.33,50.16,302.0,0,normal,0
5334,22.35,50.22,296.6,0,normal,0
5336,22.37,50.57,298.4,0,normal,0
5338,22.28,50.46,299.7,0,normal,0
5340,22.3,50.28,298.5,0,normal,0
5342,22.16,50.44,301.5,0,normal,0
5344,22.19,50.16,298.7,0,normal,0
5346,22.11,50.14,299.6,0,normal,0
5348,22.12,50.47,301.5,0,normal,0
5350,22.09,50.22,304.3,0,normal,0
5352,22.11,50.3,299.6,0,normal,0
5354,22.14,50.38,302.1,0,normal,0
5356,22.13,50.17,297.6,0,normal,0
5358,22.11,50.09,295.4,1,normal,0
5360,21.99,50.28,297.9,0,normal,0
5362,21.84,50.1,298.1,0,normal,0
5364,21.97,50.09,300.5,0,normal,0
5366,22.02,50.17,309.4,0,normal,0
5368,21.9,50.1,307.0,0,normal,0
5370,22.07,50.02,313.7,0,normal,0
5372,22.01,50.11,310.3,0,normal,0
5374,22.05,49.81,306.2,0,normal,0
5376,22.08,49.66,306.1,0,normal,0
5378,22.08,49.41,309.3,0,normal,0
5380,22.12,49.54,305.0,0,normal,0
5382,22.0,49.61,301.5,0,normal,0
5384,22.0,49.68,300.9,0,normal,0
5386,21.98,49.62,299.4,0,normal,0
5388,21.98,49.85,297.8,0,normal,0
5390,21.96,49.98,299.0,0,normal,0
5392,21.91,49.7,300.4,0,normal,0
5394,21.86,49.7,305.4,0,normal,0
5396,21.94,49.93,302.1,0,normal,0
5398,21.87,49.64,304.0,0,normal,0
5400,21.91,49.41,305.9,0,normal,0
5402,21.94,49.53,307.1,0,normal,0
5404,21.93,49.89,312.3,0,normal,0
5406,21.97,50.31,312.1,0,normal,0
5408,22.01,50.64,310.0,0,normal,0
5410,21.96,50.06,309.4,0,normal,0
5412,21.98,50.12,308.0,0,normal,0
5414,22.13,50.23,308.2,0,normal,0
5416,22.02,49.99,305.0,0,normal,0
5418,21.98,49.67,304.8,0,normal,0
5420,21.91,49.56,305.2,0,normal,0
5422,22.07,49.57,302.6,0,normal,0
5424,21.94,49.68,304.5,0,normal,0
5426,21.94,49.4,303.6,0,normal,0
5428,22.0,49.47,302.3,0,normal,0
5430,21.92,49.44,306.3,0,normal,0
5432,21.91,49.55,301.8,0,normal,0
5434,21.84,49.58,298.5,0,normal,0
5436,21.74,49.59,301.0,0,normal,0
5438,21.74,49.62,303.7,0,normal,0
5440,21.79,49.9,301.5,0,normal,0
5442,21.77,50.35,299.9,0,normal,0
5444,21.79,50.22,299.5,0,normal,0
5446,21.85,50.26,299.7,0,normal,0
5448,21.94,50.09,299.5,0,normal,0
5450,21.83,49.95,299.4,0,normal,0
5452,21.88,49.86,304.6,0,normal,0
5454,21.82,49.5,301.7,0,normal,0
5456,21.67,49.55,303.1,0,normal,0
5458,21.62,50.06,303.2,0,normal,0
5460,21.69,50.05,306.3,0,normal,0
5462,21.72,50.34,302.9,0,normal,0
5464,21.64,50.38,304.6,0,normal,0
5466,21.78,50.36,305.0,0,normal,0
5468,21.82,50.68,304.9,0,normal,0
5470,21.81,50.6,305.2,0,normal,0
5472,21.76,50.59,298.1,0,normal,0
5474,21.79,50.38,300.9,0,normal,0
5476,21.76,50.49,301.3,0,normal,0
5478,21.85,50.24,300.8,0,normal,0
5480,21.86,50.48,300.9,0,normal,0
5482,21.9,50.59,302.7,0,normal,0
5484,21.86,50.59,300.0,0,normal,0
5486,21.73,50.73,296.6,0,normal,0
5488,21.77,50.34,303.4,0,normal,0
5490,21.68,50.32,302.3,0,normal,0
5492,21.68,50.56,300.7,0,normal,0
5494,21.68,50.3,297.6,0,normal,0
5496,21.62,50.62,298.9,0,normal,0
5498,21.7,50.69,297.3,0,normal,0
5500,21.58,50.61,296.4,0,normal,0
5502,21.71,50.32,298.5,0,normal,0
5504,21.66,50.48,296.9,0,normal,0
5506,21.74,50.51,301.0,0,normal,0
5508,21.84,50.15,301.6,0,normal,0
5510,21.75,50.02,301.4,0,normal,0
5512,21.68,50.16,307.4,0,normal,0
5514,21.76,50.68,304.1,0,normal,0
5516,21.76,50.51,302.9,0,normal,0
5518,21.76,50.38,303.0,0,normal,0
5520,21.6,50.45,302.9,0,normal,0
5522,21.47,50.48,301.9,0,normal,0
5524,21.53,50.52,305.5,0,normal,0
5526,21.65,50.7,307.1,0,normal,0
5528,21.59,50.26,300.2,0,normal,0
5530,21.53,50.26,295.8,0,normal,0
5532,21.55,50.21,295.4,0,normal,0
5534,21.6,50.36,293.8,0,normal,0
5536,21.64,50.35,299.2,0,normal,0
5538,21.6,50.02,295.1,0,normal,0
5540,21.45,50.12,296.6,0,normal,0
5542,21.58,49.93,294.1,0,normal,0
5544,21.54,49.87,298.1,0,normal,0
5546,21.64,50.01,298.3,0,normal,0
5548,21.48,50.2,303.2,0,normal,0
5550,21.51,50.01,302.4,0,normal,0
5552,21.48,50.08,302.0,0,normal,0
5554,21.4,50.6,302.2,0,normal,0
5556,21.49,50.91,303.3,0,normal,0
5558,21.6,50.66,304.3,0,normal,0
5560,21.55,50.27,305.0,0,normal,0
5562,21.6,50.23,302.9,0,normal,0
5564,21.51,50.31,302.0,0,normal,0
5566,21.46,50.36,303.0,0,normal,0
5568,21.45,50.6,294.7,0,normal,0
5570,21.43,50.6,296.9,0,normal,0
5572,21.48,50.59,297.9,0,normal,0
5574,21.39,50.66,299.5,0,normal,0
5576,21.48,50.36,296.8,0,normal,0
5578,21.56,50.45,296.1,0,normal,0
5580,21.53,50.24,291.0,0,normal,0
5582,21.43,50.06,291.7,0,normal,0
5584,21.25,50.19,292.7,0,normal,0
5586,21.27,50.21,294.3,0,normal,0
5588,21.23,50.36,292.8,0,normal,0
5590,21.26,50.44,291.9,0,normal,0
5592,21.2,50.4,290.0,0,normal,0
5594,21.23,50.65,294.0,0,normal,0
5596,21.24,50.81,295.6,0,normal,0
5598,21.26,50.96,289.6,0,normal,0
5600,21.31,50.98,289.5,0,normal,0
5602,21.34,50.91,292.3,0,normal,0
5604,21.43,51.07,294.7,0,normal,0
5606,21.37,51.12,295.5,0,normal,0
5608,21.43,51.01,295.2,1,normal,0
5610,21.44,50.85,294.1,0,normal,0
5612,21.4,51.04,297.6,0,normal,0
5614,21.33,51.22,298.7,0,normal,0
5616,21.45,51.3,300.6,0,normal,0
5618,21.46,50.85,306.6,0,normal,0
5620,21.42,50.83,301.6,0,normal,0
5622,21.42,50.99,298.8,0,normal,0
5624,21.42,50.46,298.0,0,normal,0
5626,21.37,50.7,303.7,0,normal,0
5628,21.26,50.79,301.7,0,normal,0
5630,21.29,50.88,300.4,0,normal,0
5632,21.28,50.8,302.0,0,normal,0
5634,21.27,50.66,296.6,0,normal,0
5636,21.35,50.77,295.0,0,normal,0
5638,21.25,50.87,294.8,0,normal,0
5640,21.18,50.66,293.1,0,normal,0
5642,21.21,50.59,294.4,0,normal,0
5644,21.29,50.79,301.1,0,normal,0
5646,21.34,50.9,306.4,0,normal,0
5648,21.4,51.09,303.3,0,normal,0
5650,21.22,50.95,302.2,0,normal,0
5652,21.27,50.65,301.0,0,normal,0
5654,21.31,50.47,300.9,0,normal,0
5656,21.36,50.63,304.2,0,normal,0
5658,21.3,50.77,307.5,0,normal,0
5660,21.34,50.73,305.5,0,normal,0
5662,21.42,50.65,304.9,0,normal,0
5664,21.53,50.44,301.1,0,normal,0
5666,21.53,50.64,297.9,0,normal,0
5668,21.4,50.47,298.9,0,normal,0
5670,21.39,50.53,305.3,0,normal,0
5672,21.43,50.72,303.9,0,normal,0
5674,21.46,50.36,295.9,0,normal,0
5676,21.59,50.31,298.4,0,normal,0
5678,21.54,50.8,298.3,0,normal,0
5680,21.43,50.56,295.8,0,normal,0
5682,21.36,50.74,296.9,0,normal,0
5684,21.4,50.62,300.0,0,normal,0
5686,21.33,50.86,297.2,0,normal,0
5688,21.23,51.15,296.5,0,normal,0
5690,21.17,51.25,301.4,0,normal,0
5692,21.27,51.16,297.3,0,normal,0
5694,21.29,50.93,295.4,0,normal,0
5696,21.25,51.14,300.7,1,normal,0
5698,21.32,51.19,300.3,0,normal,0
5700,21.36,50.98,292.0,0,normal,0
5702,21.27,50.98,293.0,0,normal,0
5704,21.33,50.9,295.5,0,normal,0
5706,21.34,50.67,293.1,0,normal,0
5708,21.16,50.71,296.9,0,normal,0
5710,21.07,50.85,298.3,0,normal,0
5712,21.1,50.86,296.1,0,normal,0
5714,21.15,50.84,296.5,0,normal,0
5716,21.13,50.5,294.0,0,normal,0
5718,21.06,50.58,293.9,0,normal,0
5720,21.09,50.83,297.9,0,normal,0
5722,20.95,50.79,292.6,0,normal,0
5724,21.02,50.69,297.4,0,normal,0
5726,21.02,50.91,295.9,0,normal,0
5728,21.03,50.98,296.4,0,normal,0
5730,20.99,51.0,295.4,0,normal,0
5732,21.07,51.18,293.6,0,normal,0
5734,20.9,50.93,295.0,0,normal,0
5736,20.85,51.02,295.3,0,normal,0
5738,20.93,50.8,292.6,0,normal,0
5740,20.89,50.5,297.0,0,normal,0
5742,21.03,50.25,300.9,0,normal,0
5744,21.08,50.57,301.7,0,normal,0
5746,21.02,50.54,300.5,0,normal,0
5748,21.12,50.7,298.7,0,normal,0
5750,21.11,50.38,291.2,0,normal,0
5752,21.16,50.44,295.9,0,normal,0
5754,21.1,50.57,297.3,0,normal,0
5756,21.06,50.69,297.6,0,normal,0
5758,21.12,51.06,294.2,0,normal,0
5760,21.13,50.92,297.5,0,normal,0
5762,21.06,50.98,297.0,0,normal,0
5764,21.0,50.93,295.7,0,normal,0
5766,21.06,50.59,297.2,0,normal,0
5768,21.2,50.74,296.5,0,normal,0
5770,21.12,50.54,293.0,0,normal,0
5772,21.17,50.39,289.5,0,normal,0
5774,20.94,50.25,288.9,0,normal,0
5776,20.84,50.26,292.2,0,normal,0
5778,20.92,50.3,291.9,0,normal,0
5780,21.06,50.68,294.1,0,normal,0
5782,21.07,50.53,294.6,0,normal,0
5784,21.11,50.72,293.9,0,normal,0
5786,21.12,50.91,294.3,0,normal,0
5788,21.2,50.92,291.6,0,normal,0
5790,21.1,50.89,297.0,0,normal,0
5792,21.14,51.09,297.2,0,normal,0
5794,21.1,51.15,299.4,0,normal,0
5796,21.07,50.99,300.4,0,normal,0
5798,21.07,50.93,298.6,0,normal,0
5800,21.05,50.8,299.5,0,normal,0
5802,20.98,51.05,300.3,0,normal,0
5804,20.97,50.93,299.2,0,normal,0
5806,20.9,50.58,302.2,0,normal,0
5808,21.03,50.59,300.7,0,normal,0
5810,21.08,50.72,300.3,0,normal,0
5812,21.04,50.97,300.3,0,normal,0
5814,21.17,50.92,304.4,0,normal,0
5816,21.25,50.85,298.5,0,normal,0
5818,21.27,50.61,303.7,0,normal,0
5820,21.2,50.55,299.7,0,normal,0
5822,21.2,50.74,303.9,0,normal,0
5824,21.22,50.72,297.0,1,normal,0
5826,21.31,50.73,296.8,0,normal,0
5828,21.26,50.73,290.6,0,normal,0
5830,21.19,50.85,296.8,0,normal,0
5832,21.35,51.05,297.5,0,normal,0
5834,21.42,51.02,298.6,0,normal,0
5836,21.4,51.24,302.8,0,normal,0
5838,21.29,51.23,304.9,0,normal,0
5840,21.29,51.09,301.9,0,normal,0
5842,21.35,51.03,297.0,0,normal,0
5844,21.37,51.46,294.9,0,normal,0
5846,21.39,51.52,295.7,0,normal,0
5848,21.35,51.32,290.8,0,normal,0
5850,21.4,51.04,289.1,0,normal,0
5852,21.31,51.18,293.2,0,normal,0
5854,21.24,51.18,293.6,0,normal,0
5856,21.17,50.92,294.7,0,normal,0
5858,21.09,51.16,296.5,0,normal,0
5860,21.23,51.08,296.0,0,normal,0
5862,21.07,51.17,298.3,0,normal,0
5864,21.07,50.91,299.3,0,normal,0
5866,20.98,51.1,301.9,0,normal,0
5868,20.87,51.27,295.2,0,normal,0
5870,20.88,51.52,299.4,0,normal,0
5872,20.76,51.86,300.7,0,normal,0
5874,20.77,52.0,292.1,0,normal,0
5876,20.96,52.05,286.4,0,normal,0
5878,20.95,52.38,292.2,0,normal,0
5880,20.98,52.17,294.8,0,normal,0
5882,20.9,52.18,292.8,0,normal,0
5884,20.94,52.16,298.2,0,normal,0
5886,20.81,52.2,299.9,0,normal,0
5888,20.83,52.13,300.6,0,normal,0
5890,20.83,52.05,299.8,0,normal,0
5892,21.0,51.96,297.3,0,normal,0
5894,20.98,51.9,304.3,0,normal,0
5896,20.94,51.87,305.8,0,normal,0
5898,20.89,51.76,301.2,0,normal,0
5900,20.79,51.55,295.7,0,normal,0
5902,20.85,51.57,294.4,0,normal,0
5904,20.97,51.37,292.4,0,normal,0
5906,20.92,51.51,295.3,0,normal,0
5908,20.97,51.6,300.0,0,normal,0
5910,20.93,51.52,303.0,0,normal,0
5912,20.95,51.49,302.3,0,normal,0
5914,20.97,51.45,301.3,0,normal,0
5916,20.84,51.3,302.5,0,normal,0
5918,20.78,51.34,300.8,0,normal,0
5920,20.85,50.85,301.6,0,normal,0
5922,20.7,51.03,301.4,0,normal,0
5924,20.71,50.8,298.3,0,normal,0
5926,20.69,50.94,299.1,0,normal,0
5928,20.62,50.99,300.9,0,normal,0
5930,20.64,50.85,301.5,0,normal,0
5932,20.68,51.32,297.4,0,normal,0
5934,20.73,50.92,300.7,0,normal,0
5936,20.53,50.94,301.3,0,normal,0
5938,20.69,50.67,294.9,0,normal,0
5940,20.66,50.32,297.0,0,normal,0
5942,20.75,50.11,294.6,0,normal,0
5944,20.74,50.23,300.3,0,normal,0
5946,20.7,49.92,295.1,0,normal,0
5948,20.7,49.9,294.6,0,normal,0
5950,20.96,49.95,296.5,0,normal,0
5952,21.06,50.01,294.9,0,normal,0
5954,21.0,50.09,291.1,0,normal,0
5956,20.99,50.33,288.9,0,normal,0
5958,21.06,50.68,294.6,0,normal,0
5960,21.07,50.91,289.1,0,normal,0
5962,21.04,51.3,288.2,0,normal,0
5964,21.0,51.21,288.7,0,normal,0
5966,20.88,51.3,287.5,0,normal,0
5968,20.93,51.23,289.5,0,normal,0
5970,21.0,51.31,287.9,0,normal,0
5972,21.15,51.16,287.7,0,normal,0
5974,21.06,51.44,293.7,0,normal,0
5976,21.08,51.11,295.7,0,normal,0
5978,21.04,50.86,294.2,0,normal,0
5980,21.1,50.77,299.1,0,normal,0
5982,21.06,50.7,301.3,0,normal,0
5984,20.97,51.22,301.8,0,normal,0
5986,20.81,51.31,297.7,1,normal,0
5988,20.85,51.42,298.4,0,normal,0
5990,20.85,51.32,300.0,0,normal,0
5992,20.92,51.5,303.7,0,normal,0
5994,20.86,51.01,304.7,0,normal,0
5996,21.05,51.17,298.5,0,normal,0
5998,20.95,51.25,297.1,0,normal,0
6000,20.97,51.28,300.1,0,normal,0
6002,20.97,51.46,301.0,0,normal,0
6004,21.03,51.23,297.9,0,normal,0
6006,20.98,51.19,293.7,0,normal,0
6008,20.88,51.41,291.4,0,normal,0
6010,20.78,51.3,288.6,0,normal,0
6012,20.83,51.23,294.2,0,normal,0
6014,20.82,51.51,296.8,0,normal,0
6016,20.83,51.67,294.7,0,normal,0
6018,20.75,51.8,296.5,0,normal,0
6020,20.75,51.37,292.8,0,normal,0
6022,20.76,51.61,290.0,0,normal,0
6024,20.8,51.59,290.3,0,normal,0
6026,20.67,51.51,290.6,0,normal,0
6028,20.6,51.59,287.4,0,normal,0
6030,20.74,51.88,292.7,0,normal,0
6032,20.7,51.82,293.2,0,normal,0
6034,20.69,51.53,290.6,0,normal,0
6036,20.65,51.52,291.3,0,normal,0
6038,20.53,51.36,294.6,0,normal,0
6040,20.45,51.5,295.9,0,normal,0
6042,20.5,51.25,292.6,0,normal,0
6044,20.46,51.08,295.0,0,normal,0
6046,20.64,50.99,290.0,0,normal,0
6048,20.52,50.89,284.2,0,normal,0
6050,20.37,51.07,290.5,0,normal,0
6052,20.37,50.98,294.5,0,normal,0
6054,20.29,50.89,293.2,0,normal,0
6056,20.44,50.94,294.8,0,normal,0
6058,20.42,50.66,290.8,0,normal,0
6060,20.48,50.7,289.2,0,normal,0
6062,20.38,50.76,286.3,0,normal,0
6064,20.46,50.86,292.6,0,normal,0
6066,20.52,50.81,288.7,0,normal,0
6068,20.63,50.78,290.9,0,normal,0
6070,20.64,50.86,298.6,0,normal,0
6072,20.68,50.78,300.2,0,normal,0
6074,20.68,51.1,299.7,0,normal,0
6076,20.75,50.96,298.6,0,normal,0
6078,20.7,51.07,296.3,0,normal,0
6080,20.73,51.54,294.3,1,normal,0
6082,20.67,51.44,294.6,0,normal,0
6084,20.72,51.66,293.8,0,normal,0
6086,20.68,51.73,294.4,0,normal,0
6088,20.62,51.94,294.8,0,normal,0
6090,20.56,52.24,296.0,0,normal,0
6092,20.68,52.08,290.1,0,normal,0
6094,20.54,52.16,291.6,0,normal,0
6096,20.43,52.25,291.4,0,normal,0
6098,20.49,52.09,288.8,0,normal,0
6100,20.42,52.31,287.4,0,normal,0
6102,20.4,52.03,292.3,0,normal,0
6104,20.37,52.06,293.3,0,normal,0
6106,20.58,51.86,296.9,0,normal,0
6108,20.52,51.83,299.2,0,normal,0
6110,20.47,51.81,294.7,0,normal,0
6112,20.44,51.82,294.8,0,normal,0
6114,20.47,52.08,293.1,0,normal,0
6116,20.52,51.66,294.1,0,normal,0
6118,20.41,51.29,293.2,0,normal,0
6120,20.46,51.37,295.7,0,normal,0
6122,20.62,51.79,292.9,0,normal,0
6124,20.47,51.96,293.7,0,normal,0
6126,20.53,51.91,292.5,1,normal,0
6128,20.59,51.85,290.5,0,normal,0
6130,20.6,51.72,292.4,0,normal,0
6132,20.58,51.54,291.8,0,normal,0
6134,20.39,51.56,289.1,0,normal,0
6136,20.5,51.34,292.6,0,normal,0
6138,20.48,51.24,297.5,0,normal,0
6140,20.47,51.33,297.1,0,normal,0
6142,20.57,51.61,296.1,0,normal,0
6144,20.38,51.43,301.6,0,normal,0
6146,20.39,51.56,295.7,0,normal,0
6148,20.45,51.74,295.0,0,normal,0
6150,20.52,51.64,298.5,0,normal,0
6152,20.57,51.67,299.5,0,normal,0
6154,20.73,51.7,296.9,0,normal,0
6156,20.73,51.57,296.1,0,normal,0
6158,20.79,51.75,292.3,0,normal,0
6160,20.83,51.82,295.9,0,normal,0
6162,20.68,51.96,293.0,0,normal,0
6164,20.6,51.96,292.1,0,normal,0
6166,20.76,52.08,291.6,0,normal,0
6168,20.72,51.83,290.6,0,normal,0
6170,20.69,51.83,290.4,0,normal,0
6172,20.57,51.64,288.7,0,normal,0
6174,20.54,51.44,293.8,0,normal,0
6176,20.43,51.38,291.0,0,normal,0
6178,20.39,51.13,293.7,0,normal,0
6180,20.45,51.28,294.8,0,normal,0
6182,20.39,51.52,299.1,0,normal,0
6184,20.35,51.7,296.0,0,normal,0
6186,20.48,51.55,293.4,0,normal,0
6188,20.52,51.65,287.7,0,normal,0
6190,20.56,51.44,288.3,0,normal,0
6192,20.64,51.44,290.4,0,normal,0
6194,20.58,51.47,285.4,0,normal,0
6196,20.54,51.64,290.6,0,normal,0
6198,20.37,51.6,291.7,0,normal,0
6200,20.45,51.42,295.6,0,normal,0
6202,20.44,51.9,289.9,0,normal,0
6204,20.44,52.05,289.8,0,normal,0
6206,20.36,51.99,290.9,0,normal,0
6208,20.43,52.04,291.3,0,normal,0
6210,20.49,51.67,291.1,0,normal,0
6212,20.5,51.66,291.7,0,normal,0
6214,20.38,51.71,296.2,0,normal,0
6216,20.32,51.68,299.4,0,normal,0
6218,20.34,51.16,296.5,0,normal,0
6220,20.29,51.34,303.0,0,normal,0
6222,20.34,51.07,294.1,0,normal,0
6224,20.44,51.31,295.8,0,normal,0
6226,20.38,51.38,295.7,0,normal,0
6228,20.38,51.41,300.5,0,normal,0
6230,20.34,51.59,296.9,0,normal,0
6232,20.44,51.84,293.3,0,normal,0
6234,20.52,52.03,292.2,0,normal,0
6236,20.73,51.61,293.0,0,normal,0
6238,20.71,51.35,289.0,0,normal,0
6240,20.61,51.28,296.1,0,normal,0
6242,20.63,51.03,296.2,0,normal,0
6244,20.6,51.07,293.4,0,normal,0
6246,20.61,51.18,297.0,0,normal,0
6248,20.7,51.51,300.5,0,normal,0
6250,20.65,51.6,299.2,0,normal,0
6252,20.7,51.74,295.0,0,normal,0
6254,20.51,51.81,290.1,0,normal,0
6256,20.59,51.55,289.8,0,normal,0
6258,20.59,51.62,297.8,0,normal,0
6260,20.57,51.33,298.6,0,normal,0
6262,20.52,51.3,297.5,0,normal,0
6264,20.63,51.56,298.6,0,normal,0
6266,20.58,51.42,300.2,0,normal,0
6268,20.67,51.2,301.1,0,normal,0
6270,20.61,51.39,301.6,0,normal,0
6272,20.61,51.14,294.7,0,normal,0
6274,20.62,51.16,289.9,0,normal,0
6276,20.77,51.09,286.4,0,normal,0
6278,20.77,50.71,287.1,1,normal,0
6280,20.76,50.71,292.2,0,normal,0
6282,20.73,51.08,289.7,0,normal,0
6284,20.68,50.82,292.3,0,normal,0
6286,20.62,50.99,285.5,0,normal,0
6288,20.75,50.85,287.3,0,normal,0
6290,20.84,50.73,291.1,0,normal,0
6292,20.76,51.11,288.4,0,normal,0
6294,20.74,51.55,284.8,0,normal,0
6296,20.63,51.49,288.6,0,normal,0
6298,20.69,51.32,285.0,0,normal,0
6300,20.73,51.31,291.3,0,normal,0
6302,20.71,51.33,294.6,0,normal,0
6304,20.63,51.63,295.6,0,normal,0
6306,20.68,51.53,300.6,0,normal,0
6308,20.71,51.89,299.1,0,normal,0
6310,20.68,51.82,302.5,0,normal,0
6312,20.72,51.72,297.4,0,normal,0
6314,20.59,51.39,293.4,0,normal,0
6316,20.54,51.45,292.6,0,normal,0
6318,20.46,51.53,291.6,0,normal,0
6320,20.47,51.37,292.5,0,normal,0
6322,20.61,51.37,294.3,0,normal,0
6324,20.6,51.3,288.7,1,normal,0
6326,20.69,51.21,287.3,0,normal,0
6328,20.67,51.28,282.9,0,normal,0
6330,20.62,51.38,298.2,0,normal,0
6332,20.69,51.04,292.6,0,normal,0
6334,20.72,51.33,293.0,0,normal,0
6336,20.81,51.57,298.3,0,normal,0
6338,20.86,51.51,297.4,0,normal,0
6340,20.76,51.65,299.3,0,normal,0
6342,20.53,51.57,298.4,0,normal,0
6344,20.54,51.77,297.7,0,normal,0
6346,20.44,51.65,295.8,0,normal,0
6348,20.34,51.58,291.6,0,normal,0
6350,20.24,51.81,294.5,0,normal,0
6352,20.21,51.93,296.1,0,normal,0
6354,20.23,51.54,294.9,0,normal,0
6356,20.26,51.41,294.8,0,normal,0
6358,20.45,51.76,295.9,0,normal,0
6360,20.36,51.34,292.9,0,normal,0
6362,20.37,51.25,290.1,0,normal,0
6364,20.29,51.43,293.1,0,normal,0
6366,20.23,51.64,290.8,0,normal,0
6368,20.27,51.7,292.1,0,normal,0
6370,20.33,51.55,296.8,0,normal,0
6372,20.24,51.2,299.9,0,normal,0
6374,20.36,51.16,296.9,0,normal,0
6376,20.3,51.09,293.4,0,normal,0
6378,20.4,51.05,291.4,0,normal,0
6380,20.41,50.98,288.4,0,normal,0
6382,20.49,51.09,288.1,0,normal,0
6384,20.54,50.81,293.8,0,normal,0
6386,20.52,50.73,290.5,0,normal,0
6388,20.56,50.75,287.0,0,normal,0
6390,20.45,50.93,292.2,0,normal,0
6392,20.35,51.22,293.1,0,normal,0
6394,20.34,51.22,291.8,0,normal,0
6396,20.47,51.35,291.4,0,normal,0
6398,20.42,51.08,294.3,0,normal,0
6400,20.38,51.58,289.8,0,normal,0
6402,20.53,51.44,292.4,0,normal,0
6404,20.53,51.63,289.9,0,normal,0
6406,20.53,51.74,294.1,1,normal,0
6408,20.45,51.71,291.2,0,normal,0
6410,20.46,51.56,298.4,0,normal,0
6412,20.52,51.66,297.8,0,normal,0
6414,20.52,51.56,299.1,0,normal,0
6416,20.58,51.49,299.5,0,normal,0
6418,20.6,51.4,299.7,0,normal,0
6420,20.68,51.41,300.2,0,normal,0
6422,20.73,51.49,297.7,0,normal,0
6424,20.7,51.48,299.4,0,normal,0
6426,20.76,51.48,301.4,0,normal,0
6428,20.88,51.63,296.7,0,normal,0
6430,20.87,51.6,293.2,0,normal,0
6432,20.74,51.9,294.4,0,normal,0
6434,20.74,51.7,288.1,0,normal,0
6436,20.71,51.74,292.3,0,normal,0
6438,20.9,51.51,292.2,0,normal,0
6440,20.92,51.67,292.4,0,normal,0
6442,20.8,51.48,294.9,0,normal,0
6444,20.76,51.33,290.6,0,normal,0
6446,20.86,51.5,291.8,0,normal,0
6448,20.73,51.37,294.6,0,normal,0
6450,20.68,51.31,293.0,0,normal,0
6452,20.67,51.28,294.6,0,normal,0
6454,20.64,51.17,293.1,0,normal,0
6456,20.59,51.01,292.0,0,normal,0
6458,20.6,51.36,291.3,0,normal,0
6460,20.48,50.96,295.0,0,normal,0
6462,20.44,50.7,295.8,0,normal,0
6464,20.41,50.73,296.9,0,normal,0
6466,20.4,51.08,297.2,0,normal,0
6468,20.39,51.47,299.2,0,normal,0
6470,20.41,51.08,299.1,0,normal,0
6472,20.4,51.53,296.7,0,normal,0
6474,20.38,51.56,295.0,0,normal,0
6476,20.43,51.18,292.4,0,normal,0
6478,20.52,51.14,295.1,0,normal,0
6480,20.6,50.96,299.4,0,normal,0
6482,20.5,50.77,299.3,0,normal,0
6484,20.53,50.8,297.2,0,normal,0
6486,20.6,51.05,300.0,0,normal,0
6488,20.57,51.24,297.0,0,normal,0
6490,20.61,51.39,295.4,0,normal,0
6492,20.59,51.22,299.3,0,normal,0
6494,20.62,51.18,299.4,0,normal,0
6496,20.49,51.44,297.3,0,normal,0
6498,20.54,51.23,296.5,0,normal,0
6500,20.51,51.08,297.7,0,normal,0
6502,20.46,50.84,295.7,0,normal,0
6504,20.45,50.84,296.9,0,normal,0
6506,20.54,50.77,296.3,0,normal,0
6508,20.62,50.78,293.0,0,normal,0
6510,20.64,51.09,294.5,0,normal,0
6512,20.7,50.89,295.2,0,normal,0
6514,20.66,50.74,288.7,0,normal,0
6516,20.56,50.75,289.5,0,normal,0
6518,20.41,50.87,294.4,0,normal,0
6520,20.43,50.93,295.8,0,normal,0
6522,20.43,51.36,296.7,0,normal,0
6524,20.46,51.27,293.4,0,normal,0
6526,20.48,51.26,290.5,0,normal,0
6528,20.59,51.37,291.1,0,normal,0
6530,20.52,51.23,293.7,0,normal,0
6532,20.47,51.08,296.0,0,normal,0
6534,20.63,51.11,293.5,0,normal,0
6536,20.69,51.28,290.6,1,normal,0
6538,20.66,51.18,296.0,1,normal,0
6540,20.5,51.09,299.2,0,normal,0
6542,20.44,51.2,294.6,0,normal,0
6544,20.43,51.14,299.0,0,normal,0
6546,20.45,51.01,296.3,0,normal,0
6548,20.48,50.99,300.8,0,normal,0
6550,20.48,50.9,300.2,0,normal,0
6552,20.58,51.11,296.4,0,normal,0
6554,20.5,51.19,294.6,0,normal,0
6556,20.49,51.55,292.4,0,normal,0
6558,20.45,51.59,295.1,0,normal,0
6560,20.53,51.5,297.0,0,normal,0
6562,20.56,51.77,296.9,0,normal,0
6564,20.63,51.54,296.7,0,normal,0
6566,20.64,51.49,298.5,1,normal,0
6568,20.94,51.81,297.9,0,normal,0
6570,20.97,51.97,298.7,0,normal,0
6572,20.88,51.86,300.1,0,normal,0
6574,20.86,52.1,295.0,0,normal,0
6576,20.8,52.07,293.8,0,normal,0
6578,20.85,51.73,296.5,0,normal,0
6580,20.91,51.6,296.7,0,normal,0
6582,20.92,51.72,293.5,0,normal,0
6584,20.88,51.79,282.0,0,normal,0
6586,20.81,51.83,289.3,0,normal,0
6588,20.92,51.86,288.8,0,normal,0
6590,20.99,51.87,289.5,0,normal,0
6592,20.72,51.85,291.7,0,normal,0
6594,20.73,52.03,292.8,0,normal,0
6596,20.66,51.98,295.2,0,normal,0
6598,20.63,52.26,293.0,0,normal,0
6600,20.78,52.22,293.8,0,normal,0
6602,20.68,51.89,288.8,0,normal,0
6604,20.6,51.78,290.4,0,normal,0
6606,20.81,51.8,298.4,0,normal,0
6608,20.76,51.59,299.9,0,normal,0
6610,20.74,51.28,302.5,0,normal,0
6612,20.83,50.88,303.2,0,normal,0
6614,20.78,51.0,298.8,0,normal,0
6616,20.78,50.81,297.4,0,normal,0
6618,20.79,50.97,299.1,0,normal,0
6620,20.9,50.72,300.2,0,normal,0
6622,20.76,50.99,297.2,0,normal,0
6624,20.69,51.06,296.6,0,normal,0
6626,20.69,51.18,290.7,0,normal,0
6628,20.77,51.11,290.2,0,normal,0
6630,20.72,50.86,290.4,0,normal,0
6632,20.76,50.69,289.3,0,normal,0
6634,20.72,50.92,292.5,0,normal,0
6636,20.69,50.87,288.4,0,normal,0
6638,20.8,50.59,295.1,0,normal,0
6640,20.78,50.39,296.0,0,normal,0
6642,21.02,50.23,298.6,0,normal,0
6644,21.03,50.38,297.9,0,normal,0
6646,21.09,50.46,292.7,0,normal,0
6648,21.12,50.72,294.0,0,normal,0
6650,20.97,51.08,299.0,0,normal,0
6652,20.83,50.91,299.7,0,normal,0
6654,20.86,50.87,301.0,0,normal,0
6656,20.77,50.71,296.1,0,normal,0
6658,20.73,50.83,294.6,0,normal,0
6660,20.71,51.07,297.1,0,normal,0
6662,20.65,50.8,295.6,0,normal,0
6664,20.76,50.91,291.2,0,normal,0
6666,20.83,51.03,290.6,0,normal,0
6668,20.84,51.1,291.5,0,normal,0
6670,20.89,51.09,290.5,0,normal,0
6672,20.81,50.99,296.0,0,normal,0
6674,20.88,51.15,291.0,0,normal,0
6676,20.81,51.29,289.0,0,normal,0
6678,20.94,51.4,296.1,0,normal,0
6680,20.87,51.31,300.1,0,normal,0
6682,20.83,51.44,294.2,0,normal,0
6684,20.92,51.5,294.6,0,normal,0
6686,20.97,51.57,290.3,0,normal,0
6688,20.88,51.75,295.9,0,normal,0
6690,20.93,51.49,294.2,0,normal,0
6692,20.92,51.5,292.2,0,normal,0
6694,20.92,51.59,297.2,0,normal,0
6696,20.96,51.26,295.3,0,normal,0
6698,21.0,51.56,295.0,0,normal,0
6700,21.07,51.45,298.9,0,normal,0
6702,21.09,51.45,302.9,0,normal,0
6704,21.1,51.29,296.7,0,normal,0
6706,21.07,51.53,295.7,0,normal,0
6708,21.17,51.31,295.3,0,normal,0
6710,21.08,51.21,295.4,0,normal,0
6712,21.22,50.93,296.3,0,normal,0
6714,21.36,51.23,290.4,0,normal,0
6716,21.49,51.04,289.4,0,normal,0
6718,21.42,51.09,295.8,0,normal,0
6720,21.54,50.96,291.4,0,normal,0
6722,21.57,50.73,291.3,0,normal,0
6724,21.59,50.26,289.4,0,normal,0
6726,21.79,50.22,295.5,0,normal,0
6728,21.72,50.02,295.6,0,normal,0
6730,21.69,49.89,295.6,0,normal,0
6732,21.51,49.97,291.6,0,normal,0
6734,21.28,50.13,290.2,0,normal,0
6736,21.27,50.39,292.2,0,normal,0
6738,21.27,50.34,292.9,0,normal,0
6740,21.3,50.38,293.4,0,normal,0
6742,21.29,50.92,294.4,0,normal,0
6744,21.1,50.81,294.4,0,normal,0
6746,21.12,51.37,292.5,0,normal,0
6748,21.19,51.32,297.8,0,normal,0
6750,21.3,51.26,293.4,0,normal,0
6752,21.19,51.6,291.0,0,normal,0
6754,21.1,51.42,295.9,0,normal,0
6756,21.03,51.28,302.2,0,normal,0
6758,20.98,51.29,299.8,0,normal,0
6760,20.85,51.3,298.6,0,normal,0
6762,20.81,51.12,302.9,0,normal,0
6764,20.96,50.71,296.2,0,normal,0
6766,20.88,50.76,296.8,0,normal,0
6768,20.74,50.53,293.6,0,normal,0
6770,20.74,50.43,292.5,0,normal,0
6772,20.73,50.47,291.4,0,normal,0
6774,20.81,50.74,294.9,0,normal,0
6776,20.78,50.64,301.1,0,normal,0
6778,20.79,50.49,298.9,0,normal,0
6780,20.74,50.54,296.5,0,normal,0
6782,20.69,50.78,298.5,0,normal,0
6784,20.76,50.89,301.1,0,normal,0
6786,20.8,50.82,298.0,0,normal,0
6788,20.82,50.77,296.0,0,normal,0
6790,20.88,50.57,294.4,0,normal,0
6792,20.83,50.57,292.4,0,normal,0
6794,20.86,50.68,293.8,0,normal,0
6796,20.89,50.7,297.9,0,normal,0
6798,21.01,50.47,297.3,0,normal,0
6800,20.86,50.39,298.2,0,normal,0
6802,20.85,50.61,292.8,0,normal,0
6804,20.91,50.65,289.7,0,normal,0
6806,20.88,50.57,293.5,0,normal,0
6808,20.91,50.95,297.3,0,normal,0
6810,20.98,51.04,301.8,0,normal,0
6812,21.03,50.91,302.4,0,normal,0
6814,20.9,51.27,299.8,0,normal,0
6816,20.82,51.35,300.4,0,normal,0
6818,20.63,51.36,299.0,0,normal,0
6820,20.73,51.53,295.8,0,normal,0
6822,20.78,51.83,299.2,0,normal,0
6824,20.92,51.82,300.6,0,normal,0
6826,20.95,51.67,301.7,0,normal,0
6828,20.87,51.57,295.3,0,normal,0
6830,20.98,51.63,296.3,0,normal,0
6832,20.89,51.41,298.2,0,normal,0
6834,20.92,51.52,303.1,0,normal,0
6836,20.92,51.02,304.8,0,normal,0
6838,21.01,50.72,303.7,0,normal,0
6840,21.1,50.63,298.7,0,normal,0
6842,21.07,50.31,299.9,1,normal,0
6844,21.02,50.36,301.6,0,normal,0
6846,21.03,50.41,296.4,0,normal,0
6848,21.0,50.16,291.6,0,normal,0
6850,21.09,50.0,289.4,0,normal,0
6852,21.13,50.08,292.3,0,normal,0
6854,21.25,50.27,296.7,0,normal,0
6856,21.45,50.21,297.3,0,normal,0
6858,21.35,50.25,303.2,0,normal,0
6860,21.29,50.27,299.8,0,normal,0
6862,21.32,49.91,304.0,0,normal,0
6864,21.34,49.96,301.5,0,normal,0
6866,21.3,49.79,297.6,0,normal,0
6868,21.15,50.14,297.5,0,normal,0
6870,21.36,50.27,293.2,0,normal,0
6872,21.36,50.15,294.5,0,normal,0
6874,21.25,50.11,296.8,0,normal,0
6876,21.06,50.29,296.1,0,normal,0
6878,21.19,50.05,298.3,0,normal,0
6880,21.22,50.27,293.8,0,normal,0
6882,21.22,50.14,297.7,0,normal,0
6884,21.14,49.85,296.6,0,normal,0
6886,21.14,49.9,298.3,0,normal,0
6888,21.12,50.47,293.4,0,normal,0
6890,20.94,50.55,292.7,1,normal,0
6892,21.19,50.69,298.4,0,normal,0
6894,21.23,50.73,296.8,0,normal,0
6896,21.21,50.79,293.5,0,normal,0
6898,21.14,50.78,288.5,0,normal,0
6900,21.1,50.73,291.6,0,normal,0
6902,21.32,50.75,296.0,0,normal,0
6904,21.35,50.54,299.5,0,normal,0
6906,21.23,50.6,294.9,0,normal,0
6908,21.31,50.7,296.6,0,normal,0
6910,21.35,50.58,295.7,0,normal,0
6912,21.39,50.89,293.5,0,normal,0
6914,21.37,51.01,290.7,0,normal,0
6916,21.35,51.14,297.7,0,normal,0
6918,21.37,50.77,300.4,0,normal,0
6920,21.35,50.55,298.1,0,normal,0
6922,21.23,50.48,299.2,0,normal,0
6924,21.16,50.72,298.7,0,normal,0
6926,21.18,50.7,298.7,0,normal,0
6928,21.07,50.72,293.7,0,normal,0
6930,21.09,50.36,298.4,0,normal,0
6932,21.09,50.35,295.8,0,normal,0
6934,21.17,50.35,295.5,0,normal,0
6936,21.21,50.43,295.7,0,normal,0
6938,21.2,50.5,297.9,0,normal,0
6940,21.19,50.3,300.0,0,normal,0
6942,21.25,50.22,298.9,0,normal,0
6944,21.34,50.35,297.0,0,normal,0
6946,21.26,50.62,297.9,0,normal,0
6948,21.15,50.6,295.4,0,normal,0
6950,21.11,50.41,296.7,0,normal,0
6952,20.95,50.54,293.9,0,normal,0
6954,20.94,50.7,296.9,0,normal,0
6956,21.05,50.75,304.1,0,normal,0
6958,21.17,50.82,297.4,0,normal,0
6960,21.32,50.71,289.0,0,normal,0
6962,21.33,50.8,289.4,0,normal,0
6964,21.36,50.82,291.4,0,normal,0
6966,21.32,50.61,294.0,0,normal,0
6968,21.29,51.04,291.7,0,normal,0
6970,21.33,51.17,292.6,0,normal,0
6972,21.41,51.01,294.7,0,normal,0
6974,21.45,51.01,293.1,0,normal,0
6976,21.29,50.89,297.0,0,normal,0
6978,21.35,50.78,301.0,0,normal,0
6980,21.36,51.34,297.1,0,normal,0
6982,21.32,51.7,299.6,0,normal,0
6984,21.35,51.5,297.0,0,normal,0
6986,21.44,51.42,297.5,0,normal,0
6988,21.45,51.49,300.5,0,normal,0
6990,21.4,51.47,299.3,0,normal,0
6992,21.68,51.55,301.3,0,normal,0
6994,21.61,51.59,309.2,0,normal,0
6996,21.64,51.59,312.7,0,normal,0
6998,21.73,51.37,308.8,0,normal,0
7000,21.64,51.14,304.8,0,normal,0
7002,21.67,51.12,304.0,0,normal,0
7004,21.59,51.28,304.8,0,normal,0
7006,21.56,51.29,300.8,0,normal,0
7008,21.5,51.27,302.8,0,normal,0
7010,21.64,51.0,304.1,1,normal,0
7012,21.52,51.27,304.5,0,normal,0
7014,21.57,51.23,301.6,0,normal,0
7016,21.57,51.07,303.9,0,normal,0
7018,21.41,51.06,302.2,0,normal,0
7020,21.56,51.17,301.2,0,normal,0
7022,21.52,51.14,304.0,0,normal,0
7024,21.5,51.17,304.9,0,normal,0
7026,21.53,51.06,305.3,0,normal,0
7028,21.46,51.1,298.2,0,normal,0
7030,21.41,51.23,292.4,0,normal,0
7032,21.43,51.1,294.0,0,normal,0
7034,21.37,51.13,292.2,0,normal,0
7036,21.4,50.58,289.9,0,normal,0
7038,21.53,50.46,293.5,0,normal,0
7040,21.45,50.18,294.7,0,normal,0
7042,21.34,50.01,297.8,0,normal,0
7044,21.36,50.12,303.6,0,normal,0
7046,21.42,49.99,300.3,0,normal,0
7048,21.5,50.13,298.7,0,normal,0
7050,21.42,50.28,296.4,0,normal,0
7052,21.25,50.47,294.6,0,normal,0
7054,21.36,50.32,301.1,0,normal,0
7056,21.45,50.32,302.9,0,normal,0
7058,21.59,50.11,302.7,0,normal,0
7060,21.52,50.12,299.6,0,normal,0
7062,21.58,50.26,298.4,0,normal,0
7064,21.67,50.66,295.3,0,normal,0
7066,21.53,50.58,296.7,0,normal,0
7068,21.63,50.46,295.0,0,normal,0
7070,21.75,50.38,296.6,0,normal,0
7072,21.79,50.31,299.3,0,normal,0
7074,21.82,50.29,298.9,0,normal,0
7076,21.87,50.06,302.0,0,normal,0
7078,21.84,49.63,300.7,0,normal,0
7080,21.71,49.83,300.6,0,normal,0
7082,21.63,49.84,302.1,0,normal,0
7084,21.63,49.64,297.1,0,normal,0
7086,21.57,50.01,299.8,0,normal,0
7088,21.67,50.13,294.7,0,normal,0
7090,21.64,50.29,294.6,0,normal,0
7092,21.65,50.46,295.7,0,normal,0
7094,21.51,50.35,299.6,0,normal,0
7096,21.57,50.1,295.8,0,normal,0
7098,21.53,50.07,301.6,0,normal,0
7100,21.68,50.17,300.6,0,normal,0
7102,21.55,50.23,303.3,0,normal,0
7104,21.6,50.42,303.5,0,normal,0
7106,21.58,50.61,311.1,0,normal,0
7108,21.57,50.33,307.1,0,normal,0
7110,21.73,50.24,300.5,0,normal,0
7112,21.82,50.02,300.6,0,normal,0
7114,21.75,50.13,300.0,0,normal,0
7116,21.87,50.17,301.3,0,normal,0
7118,21.81,50.35,296.3,0,normal,0
7120,21.87,50.18,298.2,0,normal,0
7122,21.73,50.25,301.0,0,normal,0
7124,21.71,50.35,298.8,0,normal,0
7126,21.7,50.23,298.8,0,normal,0
7128,21.69,50.14,298.8,0,normal,0
7130,21.58,49.78,302.0,0,normal,0
7132,21.45,49.54,310.4,0,normal,0
7134,21.49,49.85,309.5,0,normal,0
7136,21.58,49.95,304.6,0,normal,0
7138,21.61,49.67,299.4,0,normal,0
7140,21.61,49.6,297.3,0,normal,0
7142,21.51,49.45,296.2,0,normal,0
7144,21.53,49.34,298.7,0,normal,0
7146,21.52,49.1,300.4,0,normal,0
7148,21.5,49.09,301.2,0,normal,0
7150,21.55,48.96,301.9,0,normal,0
7152,21.6,49.28,303.2,0,normal,0
7154,21.67,49.45,299.1,0,normal,0
7156,21.67,49.63,300.4,0,normal,0
7158,21.63,49.82,296.9,0,normal,0
7160,21.64,49.62,295.1,0,normal,0
7162,21.65,50.01,293.6,0,normal,0
7164,21.54,50.14,297.0,0,normal,0
7166,21.56,49.99,298.8,0,normal,0
7168,21.46,49.91,296.4,0,normal,0
7170,21.35,49.96,297.3,0,normal,0
7172,21.35,49.84,296.5,0,normal,0
7174,21.36,49.64,299.6,0,normal,0
7176,21.47,49.64,300.2,0,normal,0
7178,21.5,49.96,299.7,0,normal,0
7180,21.59,50.07,304.9,0,normal,0
7182,21.74,50.43,303.7,0,normal,0
7184,21.78,50.14,298.1,0,normal,0
7186,21.83,50.38,294.7,0,normal,0
7188,21.79,50.11,298.0,1,normal,0
7190,21.88,49.95,298.7,0,normal,0
7192,21.89,49.87,300.1,0,normal,0
7194,21.91,50.11,297.6,0,normal,0
7196,21.83,50.01,297.5,0,normal,0
7198,21.78,50.16,293.9,0,normal,0
7200,21.75,49.82,297.0,0,normal,0
7202,21.78,50.05,298.3,0,normal,0
7204,21.9,50.17,298.2,0,normal,0
7206,21.79,50.26,298.2,0,normal,0
7208,21.79,49.97,296.9,0,normal,0
7210,21.79,50.0,303.5,0,normal,0
7212,22.0,50.2,312.1,0,normal,0
7214,21.99,50.23,310.1,0,normal,0
7216,21.95,49.95,310.6,0,normal,0
7218,22.02,50.22,302.6,0,normal,0
7220,21.94,50.51,305.8,0,normal,0
7222,22.0,50.11,305.3,0,normal,0
7224,21.87,50.16,304.4,0,normal,0
7226,22.06,50.18,305.3,0,normal,0
7228,22.06,49.9,306.9,0,normal,0
7230,22.03,50.27,304.6,0,normal,0
7232,21.93,49.94,300.5,0,normal,0
7234,21.94,49.83,298.9,0,normal,0
7236,21.96,49.97,295.8,0,normal,0
7238,21.92,49.82,298.6,0,normal,0
7240,22.04,49.58,299.8,0,normal,0
7242,22.02,49.59,305.0,0,normal,0
7244,22.04,49.42,297.9,0,normal,0
7246,22.07,49.48,300.6,0,normal,0
7248,22.19,49.49,302.4,0,normal,0
7250,22.15,49.6,307.3,0,normal,0
7252,22.16,49.4,307.7,0,normal,0
7254,22.19,49.25,305.0,0,normal,0
7256,22.23,49.59,302.3,0,normal,0
7258,22.08,49.3,306.5,0,normal,0
7260,22.18,49.19,303.4,0,normal,0
7262,22.17,49.49,303.3,0,normal,0
7264,22.12,49.58,302.1,0,normal,0
7266,22.12,49.35,300.6,0,normal,0
7268,21.98,49.08,299.7,0,normal,0
7270,21.94,49.31,302.3,0,normal,0
7272,21.98,49.33,298.7,0,normal,0
7274,22.12,49.66,299.3,1,normal,0
7276,22.12,50.33,300.0,0,normal,0
7278,22.16,50.12,293.2,0,normal,0
7280,22.15,50.19,290.9,0,normal,0
7282,22.23,50.67,293.1,0,normal,0
7284,22.2,50.59,296.9,0,normal,0
7286,22.24,50.71,293.3,0,normal,0
7288,22.22,50.52,294.9,0,normal,0
7290,22.14,50.56,303.7,0,normal,0
7292,22.08,50.59,299.0,0,normal,0
7294,22.05,50.46,297.5,0,normal,0
7296,22.16,50.42,299.6,0,normal,0
7298,22.43,50.37,307.5,0,normal,0
7300,22.4,50.31,303.1,0,normal,0
7302,22.33,50.12,299.4,0,normal,0
7304,22.37,50.19,301.0,0,normal,0
7306,22.41,49.93,302.7,0,normal,0
7308,22.35,50.23,302.0,0,normal,0
7310,22.5,49.94,303.8,0,normal,0
7312,22.56,50.1,304.7,0,normal,0
7314,22.61,50.07,307.1,0,normal,0
7316,22.59,50.08,306.9,0,normal,0
7318,22.58,49.96,306.6,0,normal,0
7320,22.63,49.79,306.4,0,normal,0
7322,22.49,49.7,304.3,0,normal,0
7324,22.42,49.69,300.3,0,normal,0
7326,22.42,49.4,305.9,0,normal,0
7328,22.3,49.14,306.5,0,normal,0
7330,22.44,49.23,307.6,0,normal,0
7332,22.38,49.13,306.3,0,normal,0
7334,22.35,49.19,307.7,0,normal,0
7336,22.38,48.99,305.6,0,normal,0
7338,22.5,49.4,305.4,0,normal,0
7340,22.49,49.28,307.0,0,normal,0
7342,22.42,49.33,310.0,0,normal,0
7344,22.35,49.44,305.1,0,normal,0
7346,22.37,49.75,302.2,0,normal,0
7348,22.33,49.72,305.9,0,normal,0
7350,22.53,49.22,306.0,0,normal,0
7352,22.62,48.98,302.2,0,normal,0
7354,22.35,49.41,298.7,0,normal,0
7356,22.29,49.69,300.3,0,normal,0
7358,22.33,49.7,294.1,0,normal,0
7360,22.53,49.95,299.6,0,normal,0
7362,22.36,49.86,304.7,0,normal,0
7364,22.34,50.07,308.6,0,normal,0
7366,22.45,50.13,310.2,0,normal,0
7368,22.39,49.72,309.3,0,normal,0
7370,22.41,49.91,306.8,0,normal,0
7372,22.38,49.8,307.3,0,normal,0
7374,22.44,49.7,298.3,0,normal,0
7376,22.36,49.79,296.9,0,normal,0
7378,22.38,49.2,300.4,0,normal,0
7380,22.27,49.45,302.3,0,normal,0
7382,22.38,49.3,302.3,0,normal,0
7384,22.44,49.33,300.7,0,normal,0
7386,22.44,49.41,303.0,0,normal,0
7388,22.46,49.32,300.6,0,normal,0
7390,22.47,49.39,300.1,0,normal,0
7392,22.44,49.53,298.9,0,normal,0
7394,22.47,49.62,298.3,0,normal,0
7396,22.5,49.87,297.0,0,normal,0
7398,22.5,49.99,295.3,0,normal,0
7400,22.46,49.41,295.6,0,normal,0
7402,22.44,49.5,297.0,0,normal,0
7404,22.41,49.77,302.2,0,normal,0
7406,22.47,49.66,306.4,0,normal,0
7408,22.49,49.51,304.9,0,normal,0
7410,22.66,49.47,299.7,0,normal,0
7412,22.64,49.61,306.9,0,normal,0
7414,22.64,49.42,306.6,0,normal,0
7416,22.58,49.49,305.9,0,normal,0
7418,22.59,49.57,298.6,0,normal,0
7420,22.56,49.76,304.6,0,normal,0
7422,22.49,49.55,303.8,0,normal,0
7424,22.52,49.66,298.1,0,normal,0
7426,22.66,49.52,305.9,0,normal,0
7428,22.58,49.52,305.3,0,normal,0
7430,22.54,49.85,307.5,0,normal,0
7432,22.54,49.87,301.8,0,normal,0
7434,22.57,49.73,295.5,0,normal,0
7436,22.68,49.42,294.0,0,normal,0
7438,22.63,49.14,292.8,0,normal,0
7440,22.62,49.19,296.0,0,normal,0
7442,22.56,49.46,299.5,0,normal,0
7444,22.5,49.14,300.2,0,normal,0
7446,22.48,49.04,301.9,0,normal,0
7448,22.41,49.0,301.2,1,normal,0
7450,22.47,49.2,301.0,0,normal,0
7452,22.57,49.2,301.4,0,normal,0
7454,22.54,48.98,302.8,0,normal,0
7456,22.5,49.15,301.4,0,normal,0
7458,22.62,49.03,304.5,0,normal,0
7460,22.61,49.31,300.2,0,normal,0
7462,22.74,49.35,297.5,0,normal,0
7464,22.5,49.17,297.1,0,normal,0
7466,22.51,49.57,300.7,0,normal,0
7468,22.45,49.46,304.5,0,normal,0
7470,22.43,49.6,304.4,0,normal,0
7472,22.52,49.61,302.6,0,normal,0
7474,22.63,49.78,304.2,0,normal,0
7476,22.62,49.46,305.2,0,normal,0
7478,22.71,49.56,303.2,0,normal,0
7480,22.62,49.62,303.7,0,normal,0
7482,22.65,49.72,307.1,0,normal,0
7484,22.65,49.4,308.5,0,normal,0
7486,22.52,49.43,305.2,0,normal,0
7488,22.62,49.54,304.4,0,normal,0
7490,22.57,49.42,304.7,0,normal,0
7492,22.63,49.35,305.6,0,normal,0
7494,22.58,49.37,304.2,0,normal,0
7496,22.61,49.76,302.9,0,normal,0
7498,22.68,49.67,296.9,0,normal,0
7500,22.69,49.4,295.3,0,normal,0
7502,22.66,49.48,294.0,0,normal,0
7504,22.72,49.45,296.3,0,normal,0
7506,22.74,49.53,298.1,0,normal,0
7508,22.71,49.68,300.2,0,normal,0
7510,22.72,49.71,300.6,0,normal,0
7512,22.72,49.43,306.3,0,normal,0
7514,22.71,49.37,306.9,1,normal,0
7516,22.79,49.26,309.8,0,normal,0
7518,22.93,49.13,310.5,0,normal,0
7520,22.88,48.72,306.4,0,normal,0
7522,22.86,49.05,299.9,0,normal,0
7524,22.78,48.99,303.5,0,normal,0
7526,22.68,48.89,301.4,0,normal,0
7528,22.79,48.94,306.4,0,normal,0
7530,22.74,48.71,304.2,0,normal,0
7532,22.78,49.18,303.6,0,normal,0
7534,22.68,49.26,303.7,0,normal,0
7536,22.64,49.38,305.1,0,normal,0
7538,22.7,49.14,302.4,0,normal,0
7540,22.76,49.02,303.5,0,normal,0
7542,22.79,48.99,298.6,0,normal,0
7544,22.83,48.82,297.7,0,normal,0
7546,22.85,48.87,303.3,0,normal,0
7548,22.93,48.84,308.6,0,normal,0
7550,23.07,48.83,300.6,0,normal,0
7552,23.09,48.59,305.6,0,normal,0
7554,23.06,48.78,303.2,0,normal,0
7556,22.97,49.17,304.3,0,normal,0
7558,22.92,49.24,300.0,0,normal,0
7560,22.89,49.06,304.2,0,normal,0
7562,23.01,49.01,306.2,0,normal,0
7564,22.88,49.19,305.8,0,normal,0
7566,22.82,49.31,303.5,0,normal,0
7568,22.75,49.03,302.3,0,normal,0
7570,22.83,49.08,299.0,0,normal,0
7572,22.79,49.35,296.9,0,normal,0
7574,22.65,49.11,297.5,0,normal,0
7576,22.52,48.8,304.6,0,normal,0
7578,22.59,49.07,301.3,0,normal,0
7580,22.49,48.9,300.1,0,normal,0
7582,22.62,49.02,297.3,0,normal,0
7584,22.74,49.01,297.6,0,normal,0
7586,22.67,49.4,300.0,0,normal,0
7588,22.67,49.36,300.0,0,normal,0
7590,22.7,49.64,296.3,0,normal,0
7592,22.61,49.44,295.2,0,normal,0
7594,22.54,49.19,296.6,0,normal,0
7596,22.54,49.18,297.8,0,normal,0
7598,22.58,49.2,297.7,0,normal,0
7600,22.64,49.23,297.7,0,normal,0
7602,22.52,49.09,295.7,0,normal,0
7604,22.58,49.14,297.3,0,normal,0
7606,22.61,49.36,301.0,0,normal,0
7608,22.63,49.42,306.9,0,normal,0
7610,22.63,49.34,306.8,0,normal,0
7612,22.75,49.04,310.7,0,normal,0
7614,22.9,49.04,303.4,0,normal,0
7616,22.87,49.27,307.4,1,normal,0
7618,22.87,49.53,303.9,0,normal,0
7620,22.75,49.47,309.2,0,normal,0
7622,22.75,49.3,315.0,0,normal,0
7624,22.83,49.57,308.3,0,normal,0
7626,22.84,49.73,309.5,0,normal,0
7628,22.89,49.54,307.2,0,normal,0
7630,22.89,49.38,308.4,1,normal,0
7632,22.91,49.2,305.0,0,normal,0
7634,22.98,49.32,299.6,0,normal,0
7636,23.04,49.45,304.1,0,normal,0
7638,22.89,49.58,303.7,0,normal,0
7640,22.89,49.22,301.5,0,normal,0
7642,22.67,49.28,307.0,0,normal,0
7644,22.71,49.32,306.5,0,normal,0
7646,22.7,49.21,299.8,0,normal,0
7648,22.69,49.26,301.3,0,normal,0
7650,22.86,49.33,304.4,1,normal,0
7652,22.91,49.57,307.0,0,normal,0
7654,23.02,49.78,312.5,0,normal,0
7656,23.08,50.01,308.4,0,normal,0
7658,23.21,50.52,303.8,0,normal,0
7660,23.18,50.27,305.8,0,normal,0
7662,23.15,50.11,307.9,0,normal,0
7664,23.14,49.91,307.6,0,normal,0
7666,23.34,49.74,308.1,0,normal,0
7668,23.28,49.61,301.0,0,normal,0
7670,23.27,49.3,300.1,0,normal,0
7672,23.36,49.26,303.7,0,normal,0
7674,23.41,49.17,300.2,0,normal,0
7676,23.35,49.17,302.4,0,normal,0
7678,23.47,48.99,299.2,1,normal,0
7680,23.47,48.96,297.6,0,normal,0
7682,23.56,48.95,300.0,0,normal,0
7684,23.56,48.98,301.4,0,normal,0
7686,23.59,48.61,302.7,0,normal,0
7688,23.48,48.98,302.9,0,normal,0
7690,23.56,48.94,298.7,0,normal,0
7692,23.47,48.9,305.1,0,normal,0
7694,23.45,48.75,305.4,0,normal,0
7696,23.5,48.59,304.8,0,normal,0
7698,23.44,48.82,298.8,0,normal,0
7700,23.43,49.08,299.1,0,normal,0
7702,23.4,49.05,295.7,0,normal,0
7704,23.39,48.58,296.4,0,normal,0
7706,23.42,48.38,296.8,0,normal,0
7708,23.28,48.42,299.9,0,normal,0
7710,23.23,48.24,303.8,0,normal,0
7712,23.39,48.32,304.5,0,normal,0
7714,23.22,48.28,308.0,0,normal,0
7716,23.16,48.49,308.4,0,normal,0
7718,23.23,48.82,306.2,0,normal,0
7720,23.08,48.63,307.7,0,normal,0
7722,23.03,48.68,308.3,0,normal,0
7724,22.98,48.91,312.6,0,normal,0
7726,23.13,48.94,307.1,0,normal,0
7728,23.07,48.7,306.5,0,normal,0
7730,23.14,49.08,304.8,0,normal,0
7732,23.1,49.14,309.3,0,normal,0
7734,23.11,49.16,310.4,0,normal,0
7736,23.03,49.04,303.7,0,normal,0
7738,22.93,48.94,306.6,0,normal,0
7740,22.93,48.58,305.6,0,normal,0
7742,22.85,48.69,307.1,0,normal,0
7744,22.88,48.37,302.2,0,normal,0
7746,22.92,48.76,307.0,0,normal,0
7748,22.99,48.82,310.3,0,normal,0
7750,23.14,48.97,306.8,0,normal,0
7752,23.26,48.87,308.4,1,normal,0
7754,23.17,48.98,307.5,0,normal,0
7756,23.12,48.83,306.6,0,normal,0
7758,23.27,48.85,307.1,0,normal,0
7760,23.27,49.06,316.3,0,normal,0
7762,23.24,48.78,311.9,0,normal,0
7764,23.33,48.86,313.9,0,normal,0
7766,23.27,48.8,310.9,0,normal,0
7768,23.35,48.7,303.6,0,normal,0
7770,23.32,48.9,299.5,0,normal,0
7772,23.42,48.74,305.4,0,normal,0
7774,23.39,48.26,307.7,0,normal,0
7776,23.45,48.43,302.6,0,normal,0
7778,23.52,48.49,306.1,0,normal,0
7780,23.62,48.45,305.7,0,normal,0
7782,23.53,48.69,306.8,0,normal,0
7784,23.48,48.36,311.5,0,normal,0
7786,23.34,48.25,311.4,0,normal,0
7788,23.2,48.09,307.0,0,normal,0
7790,23.17,47.96,308.3,0,normal,0
7792,23.2,47.94,305.9,0,normal,0
7794,23.31,47.89,303.1,0,normal,0
7796,23.28,48.19,298.8,0,normal,0
7798,23.44,48.23,302.1,0,normal,0
7800,23.44,48.12,297.5,0,normal,0
7802,23.5,48.41,298.4,0,normal,0
7804,23.46,48.24,301.5,0,normal,0
7806,23.35,48.41,304.6,0,normal,0
7808,23.47,48.39,307.7,0,normal,0
7810,23.43,48.31,305.6,0,normal,0
7812,23.51,48.29,297.9,0,normal,0
7814,23.47,48.18,296.0,0,normal,0
7816,23.5,48.45,299.5,0,normal,0
7818,23.47,48.56,298.2,0,normal,0
7820,23.43,48.66,294.8,0,normal,0
7822,23.41,48.83,293.2,0,normal,0
7824,23.46,48.84,293.7,0,normal,0
7826,23.35,48.79,300.9,0,normal,0
7828,23.27,48.5,303.0,0,normal,0
7830,23.36,48.35,305.2,0,normal,0
7832,23.3,48.55,304.9,0,normal,0
7834,23.32,48.65,301.2,0,normal,0
7836,23.22,48.48,300.7,0,normal,0
7838,23.21,48.67,300.1,0,normal,0
7840,23.32,48.71,295.9,0,normal,0
7842,23.33,48.88,298.1,0,normal,0
7844,23.35,49.13,300.7,0,normal,0
7846,23.32,49.12,298.2,0,normal,0
7848,23.33,49.03,299.5,0,normal,0
7850,23.19,49.13,298.3,0,normal,0
7852,23.08,48.64,296.0,0,normal,0
7854,23.14,48.35,301.7,0,normal,0
7856,23.02,48.23,300.4,0,normal,0
7858,23.16,47.95,301.9,0,normal,0
7860,23.25,48.07,303.6,0,normal,0
7862,23.17,48.57,306.4,0,normal,0
7864,23.02,48.51,305.3,0,normal,0
7866,22.86,48.77,304.4,0,normal,0
7868,22.93,48.8,307.3,0,normal,0
7870,22.97,48.37,305.6,0,normal,0
7872,23.12,48.38,305.8,0,normal,0
7874,23.19,48.36,311.3,0,normal,0
7876,23.33,48.29,311.3,0,normal,0
7878,23.41,48.07,303.0,0,normal,0
7880,23.33,47.81,306.6,0,normal,0
7882,23.32,48.15,305.5,0,normal,0
7884,23.26,47.99,301.8,0,normal,0
7886,23.25,48.24,303.7,0,normal,0
7888,23.22,48.32,307.9,0,normal,0
7890,23.22,48.44,306.5,0,normal,0
7892,23.35,48.5,310.1,0,normal,0
7894,23.31,48.56,310.2,0,normal,0
7896,23.22,48.39,314.5,0,normal,0
7898,23.19,48.5,311.3,0,normal,0
7900,23.17,48.38,315.5,0,normal,0
7902,23.15,48.35,307.5,0,normal,0
7904,23.16,48.49,308.1,0,normal,0
7906,23.15,48.46,310.2,0,normal,0
7908,23.27,48.64,305.5,0,normal,0
7910,23.35,48.96,312.6,0,normal,0
7912,23.3,49.16,308.9,0,normal,0
7914,23.39,49.18,307.2,0,normal,0
7916,23.51,49.02,302.1,1,normal,0
7918,23.5,49.16,306.5,0,normal,0
7920,23.42,49.35,309.1,0,normal,0
7922,23.46,49.32,309.7,0,normal,0
7924,23.45,49.5,312.2,0,normal,0
7926,23.47,49.38,310.1,0,normal,0
7928,23.39,49.04,313.2,0,normal,0
7930,23.56,48.79,309.1,0,normal,0
7932,23.53,48.65,308.0,0,normal,0
7934,23.56,48.61,304.2,0,normal,0
7936,23.5,48.54,303.9,0,normal,0
7938,23.51,48.39,301.3,0,normal,0
7940,23.32,48.54,302.5,0,normal,0
7942,23.23,48.51,303.2,0,normal,0
7944,23.05,48.45,302.4,0,normal,0
7946,23.17,48.7,302.7,0,normal,0
7948,23.09,48.77,298.8,0,normal,0
7950,23.0,48.74,300.9,0,normal,0
7952,23.14,48.9,303.9,0,normal,0
7954,23.13,49.17,302.6,0,normal,0
7956,23.15,49.1,299.6,0,normal,0
7958,23.27,48.91,301.5,0,normal,0
7960,23.33,48.73,300.8,0,normal,0
7962,23.37,48.92,298.7,0,normal,0
7964,23.43,48.92,298.9,0,normal,0
7966,23.28,48.87,302.5,0,normal,0
7968,23.41,48.55,300.6,0,normal,0
7970,23.52,48.45,300.2,0,normal,0
7972,23.66,48.84,299.2,0,normal,0
7974,23.48,48.75,303.3,0,normal,0
7976,23.41,48.85,304.9,0,normal,0
7978,23.37,48.86,303.2,0,normal,0
7980,23.52,48.58,300.7,0,normal,0
7982,23.56,48.7,300.5,0,normal,0
7984,23.7,48.69,300.6,0,normal,0
7986,23.72,48.26,305.7,0,normal,0
7988,23.64,48.5,302.3,0,normal,0
7990,23.52,48.66,305.5,0,normal,0
7992,23.48,48.66,301.1,0,normal,0
7994,23.59,48.6,300.4,0,normal,0
7996,23.51,48.45,302.3,0,normal,0
7998,23.37,48.75,308.6,0,normal,0
8000,23.41,48.41,309.0,0,normal,0
8002,23.53,48.65,308.3,0,normal,0
8004,23.72,48.75,310.8,0,normal,0
8006,23.8,48.73,310.9,0,normal,0
8008,23.85,48.84,307.7,0,normal,0
8010,23.67,49.16,309.6,0,normal,0
8012,23.62,49.45,310.9,0,normal,0
8014,23.58,49.26,307.7,0,normal,0
8016,23.59,48.73,306.1,0,normal,0
8018,23.5,48.41,308.3,0,normal,0
8020,23.57,48.36,306.2,0,normal,0
8022,23.66,48.19,308.2,0,normal,0
8024,23.66,48.27,310.2,0,normal,0
8026,23.62,48.35,313.8,0,normal,0
8028,23.62,48.27,312.1,0,normal,0
8030,23.64,48.44,310.3,0,normal,0
8032,23.69,48.53,305.8,0,normal,0
8034,23.61,48.46,306.6,0,normal,0
8036,23.71,48.3,304.7,0,normal,0
8038,23.7,48.52,302.6,0,normal,0
8040,23.66,48.61,302.7,0,normal,0
8042,23.7,48.65,304.6,0,normal,0
8044,23.63,48.51,306.3,0,normal,0
8046,23.69,48.48,305.2,0,normal,0
8048,23.84,48.63,302.2,0,normal,0
8050,23.84,48.58,304.8,0,normal,0
8052,23.83,48.77,303.7,0,normal,0
8054,23.76,48.51,306.1,0,normal,0
8056,23.85,48.7,304.4,0,normal,0
8058,23.91,48.55,307.9,0,normal,0
8060,23.75,48.79,308.0,0,normal,0
8062,23.8,48.83,306.2,0,normal,0
8064,23.72,48.74,308.9,0,normal,0
8066,23.6,48.89,307.3,0,normal,0
8068,23.59,49.1,309.9,0,normal,0
8070,23.52,48.99,308.5,0,normal,0
8072,23.62,48.47,309.9,0,normal,0
8074,23.5,48.72,307.1,0,normal,0
8076,23.4,48.79,302.2,0,normal,0
8078,23.33,48.87,303.6,0,normal,0
8080,23.34,49.08,304.5,0,normal,0
8082,23.4,49.08,308.5,0,normal,0
8084,23.32,48.83,306.9,0,normal,0
8086,23.28,48.7,304.0,0,normal,0
8088,23.18,48.64,307.7,0,normal,0
8090,23.2,48.51,306.5,0,normal,0
8092,23.14,48.83,307.2,0,normal,0
8094,23.35,48.93,309.4,0,normal,0
8096,23.52,48.83,308.4,0,normal,0
8098,23.44,48.79,307.4,0,normal,0
8100,23.46,48.88,312.9,0,normal,0
8102,23.5,49.02,311.3,0,normal,0
8104,23.45,48.71,310.7,0,normal,0
8106,23.43,48.71,303.8,0,normal,0
8108,23.48,48.8,298.1,0,normal,0
8110,23.46,48.68,301.6,0,normal,0
8112,23.44,48.34,305.9,0,normal,0
8114,23.44,48.36,303.8,0,normal,0
8116,23.55,48.23,303.1,0,normal,0
8118,23.52,48.23,300.2,0,normal,0
8120,23.55,48.09,307.6,0,normal,0
8122,23.56,48.12,310.6,0,normal,0
8124,23.61,48.1,308.6,0,normal,0
8126,23.58,48.33,310.7,0,normal,0
8128,23.53,48.66,314.4,0,normal,0
8130,23.47,48.4,314.6,0,normal,0
8132,23.49,48.48,314.0,0,normal,0
8134,23.51,48.36,311.0,0,normal,0
8136,23.48,48.13,313.5,0,normal,0
8138,23.5,47.95,306.0,0,normal,0
8140,23.69,48.02,303.4,0,normal,0
8142,23.73,48.2,308.3,0,normal,0
8144,23.56,47.83,304.8,0,normal,0
8146,23.66,47.89,304.2,0,normal,0
8148,23.65,48.1,305.0,0,normal,0
8150,23.55,48.31,304.8,0,normal,0
8152,23.65,48.42,299.9,0,normal,0
8154,23.63,48.37,300.3,0,normal,0
8156,23.7,48.84,303.8,0,normal,0
8158,23.63,48.69,307.6,0,normal,0
8160,23.7,48.95,303.7,0,normal,0
8162,23.65,48.7,301.1,0,normal,0
8164,23.71,48.28,299.5,0,normal,0
8166,23.75,48.61,298.0,0,normal,0
8168,23.63,48.57,298.6,0,normal,0
8170,23.65,48.17,303.2,0,normal,0
8172,23.67,48.06,307.6,0,normal,0
8174,23.64,48.26,307.3,0,normal,0
8176,23.48,48.25,308.3,0,normal,0
8178,23.51,47.97,304.0,0,normal,0
8180,23.48,48.01,304.6,0,normal,0
8182,23.57,48.13,298.9,0,normal,0
8184,23.48,48.14,300.2,0,normal,0
8186,23.55,48.36,299.6,0,normal,0
8188,23.56,48.61,302.1,0,normal,0
8190,23.75,48.62,308.8,0,normal,0
8192,23.64,48.39,303.6,0,normal,0
8194,23.7,48.31,303.2,0,normal,0
8196,23.63,48.23,305.7,0,normal,0
8198,23.54,48.24,306.2,0,normal,0
8200,23.62,48.53,307.7,0,normal,0
8202,23.65,48.49,307.4,0,normal,0
8204,23.72,48.5,314.3,0,normal,0
8206,23.56,49.03,312.4,0,normal,0
8208,23.46,48.94,307.3,0,normal,0
8210,23.5,48.81,310.9,0,normal,0
8212,23.43,48.8,312.5,0,normal,0
8214,23.54,48.75,313.3,0,normal,0
8216,23.66,48.77,309.2,0,normal,0
8218,23.63,48.89,308.4,0,normal,0
8220,23.62,48.85,310.0,0,normal,0
8222,23.6,48.71,308.7,0,normal,0
8224,23.56,48.85,310.9,0,normal,0
8226,23.55,48.92,304.1,0,normal,0
8228,23.52,49.17,304.4,0,normal,0
8230,23.55,49.14,306.6,0,normal,0
8232,23.51,49.31,303.1,0,normal,0
8234,23.46,49.57,304.6,0,normal,0
8236,23.44,50.09,299.0,0,normal,0
8238,23.39,49.84,306.2,0,normal,0
8240,23.39,49.69,306.6,0,normal,0
8242,23.44,49.63,304.7,0,normal,0
8244,23.6,49.31,311.8,0,normal,0
8246,23.46,49.25,314.5,0,normal,0
8248,23.34,49.43,308.6,0,normal,0
8250,23.35,49.06,309.2,0,normal,0
8252,23.36,48.87,308.4,0,normal,0
8254,23.36,48.67,306.0,0,normal,0
8256,23.52,48.53,305.4,0,normal,0
8258,23.36,48.35,307.8,0,normal,0
8260,23.36,48.23,305.4,0,normal,0
8262,23.26,48.54,306.1,0,normal,0
8264,23.26,48.24,306.1,0,normal,0
8266,23.31,47.94,305.0,1,normal,0
8268,23.21,47.97,304.9,0,normal,0
8270,23.31,48.04,306.3,0,normal,0
8272,23.26,48.24,305.4,0,normal,0
8274,23.19,48.08,305.8,0,normal,0
8276,23.08,48.06,301.7,0,normal,0
8278,23.06,48.42,302.7,0,normal,0
8280,23.03,48.38,298.9,0,normal,0
8282,23.14,48.46,295.7,0,normal,0
8284,23.04,48.31,299.7,0,normal,0
8286,23.09,48.07,301.0,0,normal,0
8288,23.19,48.04,303.3,0,normal,0
8290,23.19,48.29,301.3,0,normal,0
8292,23.27,48.2,299.6,0,normal,0
8294,23.23,48.08,297.6,0,normal,0
8296,23.28,48.04,306.7,0,normal,0
8298,23.27,48.47,303.0,0,normal,0
8300,23.45,48.55,298.4,0,normal,0
8302,23.42,48.65,301.4,0,normal,0
8304,23.4,48.81,303.7,0,normal,0
8306,23.43,48.86,309.6,0,normal,0
8308,23.38,48.9,306.7,0,normal,0
8310,23.37,48.87,311.5,0,normal,0
8312,23.39,48.71,313.8,0,normal,0
8314,23.46,48.7,313.6,0,normal,0
8316,23.41,48.79,308.0,0,normal,0
8318,23.41,48.89,313.4,1,normal,0
8320,23.39,48.59,313.0,0,normal,0
8322,23.44,48.94,314.6,0,normal,0
8324,23.5,48.89,312.8,0,normal,0
8326,23.52,48.65,306.5,0,normal,0
8328,23.53,48.79,304.4,0,normal,0
8330,23.65,48.54,307.4,0,normal,0
8332,23.55,48.74,311.3,0,normal,0
8334,23.67,49.04,312.7,0,normal,0
8336,23.68,48.76,313.7,0,normal,0
8338,23.52,48.56,313.5,0,normal,0
8340,23.52,48.71,308.9,0,normal,0
8342,23.39,48.32,302.2,0,normal,0
8344,23.37,48.36,303.9,0,normal,0
8346,23.21,48.3,306.1,0,normal,0
8348,23.28,48.06,304.2,0,normal,0
8350,23.22,48.31,305.5,0,normal,0
8352,23.37,48.29,307.4,0,normal,0
8354,23.31,48.33,306.7,0,normal,0
8356,23.31,48.49,308.6,0,normal,0
8358,23.21,48.55,303.3,0,normal,0
8360,23.21,48.28,303.4,0,normal,0
8362,23.22,48.16,308.8,1,normal,0
8364,23.27,48.68,306.6,0,normal,0
8366,23.48,48.35,309.7,0,normal,0
8368,23.59,48.28,301.5,0,normal,0
8370,23.63,48.17,306.4,0,normal,0
8372,23.57,48.24,303.5,0,normal,0
8374,23.52,48.47,305.7,0,normal,0
8376,23.48,48.6,298.2,0,normal,0
8378,23.39,48.59,300.4,0,normal,0
8380,23.44,48.7,303.4,0,normal,0
8382,23.42,48.73,305.0,0,normal,0
8384,23.45,48.85,303.2,0,normal,0
8386,23.42,48.96,306.0,0,normal,0
8388,23.44,48.85,303.8,0,normal,0
8390,23.56,48.69,302.1,0,normal,0
8392,23.57,48.61,303.0,0,normal,0
8394,23.62,48.9,302.1,0,normal,0
8396,23.52,48.77,303.4,0,normal,0
8398,23.48,49.09,305.6,0,normal,0
8400,23.44,48.85,309.7,0,normal,0
8402,23.46,48.83,304.3,0,normal,0
8404,23.47,48.7,302.1,0,normal,0
8406,23.4,48.71,305.9,0,normal,0
8408,23.42,48.58,304.2,0,normal,0
8410,23.42,48.47,306.9,0,normal,0
8412,23.28,48.42,307.9,0,normal,0
8414,23.28,48.18,305.6,0,normal,0
8416,23.38,48.4,304.4,0,normal,0
8418,23.3,48.56,304.7,0,normal,0
8420,23.39,48.68,300.5,0,normal,0
8422,23.43,48.94,299.6,0,normal,0
8424,23.44,49.24,296.0,0,normal,0
8426,23.46,49.26,298.2,0,normal,0
8428,23.38,48.97,301.7,0,normal,0
8430,23.43,49.18,303.2,0,normal,0
8432,23.3,49.36,303.4,0,normal,0
8434,23.21,49.17,303.5,0,normal,0
8436,23.26,49.28,302.8,0,normal,0
8438,23.18,49.01,302.7,0,normal,0
8440,23.35,49.01,304.6,0,normal,0
8442,23.37,48.84,305.5,0,normal,0
8444,23.43,48.87,299.3,0,normal,0
8446,23.5,48.73,306.8,0,normal,0
8448,23.44,48.81,303.9,0,normal,0
8450,23.43,48.98,301.8,0,normal,0
8452,23.45,48.97,304.6,0,normal,0
8454,23.44,49.04,303.8,0,normal,0
8456,23.55,48.86,307.6,0,normal,0
8458,23.6,48.53,303.8,0,normal,0
8460,23.59,48.19,308.0,0,normal,0
8462,23.66,48.04,305.2,0,normal,0
8464,23.62,48.37,303.3,0,normal,0
8466,23.65,48.19,303.4,0,normal,0
8468,23.62,48.35,308.1,0,normal,0
8470,23.57,48.41,305.3,0,normal,0
8472,23.46,48.16,309.3,0,normal,0
8474,23.38,48.38,312.0,0,normal,0
8476,23.37,48.5,304.3,0,normal,0
8478,23.39,48.56,304.1,0,normal,0
8480,23.21,48.33,308.7,0,normal,0
8482,23.18,48.28,308.4,0,normal,0
8484,23.23,48.25,305.1,0,normal,0
8486,23.21,48.53,304.3,0,normal,0
8488,23.12,48.48,305.7,0,normal,0
8490,23.05,48.71,304.0,0,normal,0
8492,23.2,48.83,300.2,0,normal,0
8494,23.07,48.62,306.5,0,normal,0
8496,23.06,48.88,309.6,0,normal,0
8498,23.14,49.05,306.4,0,normal,0
8500,22.98,49.15,304.2,0,normal,0
8502,23.05,48.82,302.2,0,normal,0
8504,22.94,48.74,301.1,0,normal,0
8506,23.04,48.75,301.3,0,normal,0
8508,23.27,48.79,308.6,0,normal,0
8510,23.16,49.23,311.8,0,normal,0
8512,23.15,49.38,314.4,0,normal,0
8514,23.18,49.24,311.8,0,normal,0
8516,23.13,49.31,307.4,1,normal,0
8518,23.18,49.26,301.5,0,normal,0
8520,23.11,49.0,301.0,0,normal,0
8522,23.07,48.9,299.2,0,normal,0
8524,23.01,48.9,300.5,0,normal,0
8526,23.02,48.67,300.4,0,normal,0
8528,23.07,48.92,301.9,0,normal,0
8530,23.15,48.71,307.6,0,normal,0
8532,23.14,48.84,306.4,0,normal,0
8534,23.05,48.93,302.6,0,normal,0
8536,23.02,49.0,305.1,0,normal,0
8538,22.98,49.44,300.9,0,normal,0
8540,22.96,49.21,301.5,0,normal,0
8542,23.02,49.11,296.1,0,normal,0
8544,23.02,49.54,303.0,0,normal,0
8546,23.03,49.45,302.5,0,normal,0
8548,23.04,49.45,302.5,0,normal,0
8550,23.04,49.75,297.5,0,normal,0
8552,23.0,49.97,307.8,0,normal,0
8554,23.07,50.19,306.5,0,normal,0
8556,23.06,50.1,306.5,0,normal,0
8558,23.05,49.85,305.6,0,normal,0
8560,22.96,49.8,307.3,0,normal,0
8562,22.91,49.58,307.1,0,normal,0
8564,22.87,49.56,302.7,0,normal,0
8566,22.94,49.46,305.8,0,normal,0
8568,22.8,49.29,311.3,0,normal,0
8570,22.88,49.33,305.1,0,normal,0
8572,22.91,49.23,305.0,0,normal,0
8574,22.86,49.03,306.9,0,normal,0
8576,22.81,48.79,308.7,0,normal,0
8578,22.87,48.7,306.5,0,normal,0
8580,22.9,49.1,306.8,0,normal,0
8582,22.75,49.2,298.6,0,normal,0
8584,22.71,49.47,294.8,0,normal,0
8586,22.67,49.1,301.1,0,normal,0
8588,22.69,49.14,306.3,0,normal,0
8590,22.67,49.28,301.6,0,normal,0
8592,22.74,49.3,299.6,0,normal,0
8594,22.72,49.16,302.6,0,normal,0
8596,22.72,49.01,306.9,0,normal,0
8598,22.84,49.1,307.2,0,normal,0
8600,22.83,49.03,308.3,0,normal,0
8602,22.8,49.21,304.0,0,normal,0
8604,22.82,49.28,298.8,0,normal,0
8606,22.73,49.21,300.9,0,normal,0
8608,22.62,49.11,297.1,0,normal,0
8610,22.65,49.04,301.6,0,normal,0
8612,22.63,48.79,301.4,0,normal,0
8614,22.54,49.31,311.8,0,normal,0
8616,22.65,49.73,312.4,0,normal,0
8618,22.73,49.65,311.5,0,normal,0
8620,22.77,49.9,308.6,0,normal,0
8622,22.74,49.86,303.9,0,normal,0
8624,22.73,49.76,305.4,0,normal,0
8626,22.7,49.67,300.8,0,normal,0
8628,22.79,49.5,300.7,0,normal,0
8630,22.68,49.53,298.0,0,normal,0
8632,22.72,49.53,308.8,0,normal,0
8634,22.74,49.26,303.7,0,normal,0
8636,22.66,49.33,303.8,0,normal,0
8638,22.73,49.47,303.3,0,normal,0
8640,22.71,49.46,308.6,0,normal,0
8642,22.87,49.57,305.8,0,normal,0
8644,22.96,49.13,303.2,0,normal,0
8646,22.95,48.85,304.6,0,normal,0
8648,22.9,49.08,305.0,0,normal,0
8650,22.84,49.11,304.3,0,normal,0
8652,22.78,49.25,307.3,0,normal,0
8654,22.81,48.77,307.0,0,normal,0
8656,22.69,48.99,306.8,0,normal,0
8658,22.78,49.12,303.8,0,normal,0
8660,22.84,48.99,300.5,0,normal,0
8662,22.83,48.81,292.4,0,normal,0
8664,22.88,48.87,292.4,0,normal,0
8666,23.06,48.85,292.5,0,normal,0
8668,23.05,48.66,297.2,0,normal,0
8670,23.16,48.7,300.8,0,normal,0
8672,23.1,48.78,301.4,0,normal,0
8674,23.02,48.68,298.1,0,normal,0
8676,23.07,48.7,298.7,0,normal,0
8678,22.89,48.67,296.1,0,normal,0
8680,22.95,48.7,299.0,0,normal,0
8682,22.93,48.41,304.2,0,normal,0
8684,22.87,48.36,304.4,0,normal,0
8686,22.87,48.55,303.0,0,normal,0
8688,22.86,48.17,306.5,0,normal,0
8690,22.95,48.18,303.8,0,normal,0
8692,23.0,48.1,304.4,0,normal,0
8694,22.98,48.75,313.6,0,normal,0
8696,22.94,48.89,309.9,0,normal,0
8698,22.84,48.54,307.1,0,normal,0
8700,22.84,48.6,309.7,0,normal,0
8702,22.62,48.65,308.8,0,normal,0
8704,22.71,48.73,312.1,0,normal,0
8706,22.71,48.57,310.8,0,normal,0
8708,22.57,48.66,305.8,0,normal,0
8710,22.63,48.69,305.9,0,normal,0
8712,22.56,49.07,305.6,0,normal,0
8714,22.54,48.91,300.9,0,normal,0
8716,22.41,48.83,305.3,1,normal,0
8718,22.37,48.9,300.7,0,normal,0
8720,22.42,48.88,301.3,0,normal,0
8722,22.43,48.95,302.9,0,normal,0
8724,22.48,49.3,308.9,0,normal,0
8726,22.44,49.25,311.1,0,normal,0
8728,22.5,49.36,306.6,0,normal,0
8730,22.4,49.24,308.4,0,normal,0
8732,22.38,49.17,313.5,0,normal,0
8734,22.19,48.92,311.1,0,normal,0
8736,22.21,49.11,310.3,0,normal,0
8738,22.2,49.22,308.0,0,normal,0
8740,22.23,49.36,307.7,1,normal,0
8742,22.31,48.97,309.8,0,normal,0
8744,22.45,48.94,308.9,0,normal,0
8746,22.37,49.11,305.7,0,normal,0
8748,22.37,49.13,304.6,0,normal,0
8750,22.23,49.09,304.0,0,normal,0
8752,22.41,49.05,306.5,0,normal,0
8754,22.53,49.09,307.9,0,normal,0
8756,22.57,48.82,303.3,0,normal,0
8758,22.67,48.93,311.1,0,normal,0
8760,22.73,49.11,302.8,0,normal,0
8762,22.66,49.27,301.1,0,normal,0
8764,22.71,49.13,294.8,0,normal,0
8766,22.78,49.39,300.3,0,normal,0
8768,22.82,49.61,299.4,0,normal,0
8770,22.79,49.97,302.7,0,normal,0
8772,22.73,49.95,303.5,0,normal,0
8774,22.9,49.82,302.7,0,normal,0
8776,22.89,49.77,301.0,0,normal,0
8778,22.89,49.6,301.5,0,normal,0
8780,22.74,49.57,300.1,0,normal,0
8782,22.78,49.63,298.5,0,normal,0
8784,22.77,49.4,305.3,0,normal,0
8786,22.67,49.36,295.6,0,normal,0
8788,22.76,49.22,292.1,0,normal,0
8790,22.73,49.18,290.6,0,normal,0
8792,22.76,49.33,291.4,0,normal,0
8794,22.77,49.59,291.6,0,normal,0
8796,22.68,49.51,300.7,0,normal,0
8798,22.69,49.54,304.9,0,normal,0
8800,22.78,49.53,303.4,0,normal,0
8802,22.66,49.36,305.8,0,normal,0
8804,22.55,49.18,308.7,0,normal,0
8806,22.47,49.22,307.8,0,normal,0
8808,22.53,49.44,309.0,0,normal,0
8810,22.48,49.48,303.7,0,normal,0
8812,22.5,49.88,297.7,0,normal,0
8814,22.59,49.79,300.3,0,normal,0
8816,22.48,49.72,303.0,0,normal,0
8818,22.59,49.84,298.4,0,normal,0
8820,22.58,50.01,303.8,0,normal,0
8822,22.55,50.16,304.8,0,normal,0
8824,22.66,49.96,305.0,0,normal,0
8826,22.67,49.64,303.7,0,normal,0
8828,22.53,49.79,307.8,0,normal,0
8830,22.52,49.79,300.0,0,normal,0
8832,22.44,49.97,299.8,0,normal,0
8834,22.46,50.15,300.9,0,normal,0
8836,22.41,50.24,300.7,0,normal,0
8838,22.38,50.14,302.0,0,normal,0
8840,22.46,50.13,297.0,0,normal,0
8842,22.31,49.99,295.2,0,normal,0
8844,22.34,50.2,297.7,0,normal,0
8846,22.32,50.27,292.9,0,normal,0
8848,22.35,50.07,295.2,0,normal,0
8850,22.16,50.05,301.8,0,normal,0
8852,22.1,49.82,295.7,0,normal,0
8854,22.09,49.94,296.0,0,normal,0
8856,22.25,49.78,294.1,0,normal,0
8858,22.15,49.72,291.7,0,normal,0
8860,22.08,49.56,293.1,0,normal,0
8862,22.09,49.65,295.5,0,normal,0
8864,22.13,49.96,299.6,0,normal,0
8866,22.1,49.77,303.7,0,normal,0
8868,22.13,49.83,307.4,0,normal,0
8870,22.01,49.49,303.0,0,normal,0
8872,22.18,49.81,305.8,0,normal,0
8874,22.16,49.97,301.5,0,normal,0
8876,22.18,49.6,298.7,0,normal,0
8878,22.41,49.46,306.1,0,normal,0
8880,22.35,49.19,299.5,0,normal,0
8882,22.24,49.05,304.5,0,normal,0
8884,22.16,49.01,302.9,0,normal,0
8886,22.3,49.25,303.7,0,normal,0
8888,22.28,49.31,300.8,0,normal,0
8890,22.22,49.04,301.5,0,normal,0
8892,22.21,49.42,301.9,0,normal,0
8894,22.21,49.57,301.6,0,normal,0
8896,22.29,49.69,301.3,0,normal,0
8898,22.34,49.85,302.5,0,normal,0
8900,22.36,49.96,299.4,0,normal,0
8902,22.38,50.05,301.3,0,normal,0
8904,22.3,49.82,303.5,0,normal,0
8906,22.19,49.52,296.0,0,normal,0
8908,22.22,49.42,296.4,0,normal,0
8910,22.26,49.42,298.0,0,normal,0
8912,22.27,49.64,299.8,0,normal,0
8914,22.28,49.54,302.1,0,normal,0
8916,22.32,49.7,301.4,0,normal,0
8918,22.22,49.85,301.7,0,normal,0
8920,22.18,49.78,303.1,0,normal,0
8922,22.11,49.73,302.2,0,normal,0
8924,21.97,49.78,299.9,0,normal,0
8926,22.03,49.58,298.8,0,normal,0
8928,22.02,49.71,304.4,0,normal,0
8930,22.06,49.72,300.8,0,normal,0
8932,22.12,49.86,294.7,0,normal,0
8934,22.05,49.61,300.4,0,normal,0
8936,22.18,49.45,301.6,0,normal,0
8938,22.2,49.63,290.9,0,normal,0
8940,22.27,49.62,290.3,0,normal,0
8942,22.39,49.59,293.6,0,normal,0
8944,22.32,49.39,292.8,0,normal,0
8946,22.25,49.3,294.9,0,normal,0
8948,22.25,49.47,296.2,0,normal,0
8950,22.32,49.4,298.0,0,normal,0
8952,22.39,49.28,298.7,0,normal,0
8954,22.2,49.69,297.5,0,normal,0
8956,22.3,49.39,302.3,0,normal,0
8958,22.24,49.77,298.8,0,normal,0
8960,22.26,49.65,300.8,0,normal,0
8962,22.14,49.95,297.1,0,normal,0
8964,22.06,49.98,296.2,0,normal,0
8966,22.08,50.12,293.6,1,normal,0
8968,21.94,49.89,294.2,0,normal,0
8970,22.01,50.18,297.8,0,normal,0
8972,21.97,50.05,301.0,0,normal,0
8974,22.0,49.78,296.5,0,normal,0
8976,22.01,49.73,296.2,0,normal,0
8978,21.97,49.81,294.3,0,normal,0
8980,22.07,49.92,295.1,0,normal,0
8982,22.25,49.61,302.7,0,normal,0
8984,22.28,49.54,300.2,0,normal,0
8986,22.11,49.41,299.9,0,normal,0
8988,22.11,49.63,302.4,0,normal,0
8990,22.08,49.6,299.5,0,normal,0
8992,22.14,49.49,297.8,0,normal,0
8994,22.13,49.26,299.3,0,normal,0
8996,22.28,49.28,297.5,0,normal,0
8998,22.31,49.24,300.6,0,normal,0
9000,22.32,49.55,299.2,0,normal,0
9002,22.25,49.51,296.6,0,normal,0
9004,22.15,49.51,298.3,0,normal,0
9006,22.12,49.7,295.3,0,normal,0
9008,22.12,50.0,296.4,0,normal,0
9010,22.14,50.05,293.3,0,normal,0
9012,22.13,49.93,299.3,0,normal,0
9014,22.09,50.01,294.7,0,normal,0
9016,22.08,49.75,290.9,0,normal,0
9018,22.02,49.9,293.2,0,normal,0
9020,21.93,49.49,296.5,0,normal,0
9022,21.86,49.54,301.8,0,normal,0
9024,21.9,49.5,299.0,0,normal,0
9026,21.96,49.4,299.7,0,normal,0
9028,21.93,49.5,298.9,0,normal,0
9030,21.92,49.46,302.3,0,normal,0
9032,21.95,49.87,302.2,0,normal,0
9034,21.93,49.56,302.2,0,normal,0
9036,22.18,49.5,298.8,0,normal,0
9038,22.16,49.8,294.0,0,normal,0
9040,22.08,49.97,292.9,0,normal,0
9042,21.91,50.53,298.0,0,normal,0
9044,21.92,50.23,297.6,0,normal,0
9046,22.0,50.43,303.9,0,normal,0
9048,21.98,50.64,308.0,0,normal,0
9050,22.06,51.03,300.8,0,normal,0
9052,21.99,50.84,298.4,0,normal,0
9054,21.96,50.66,302.0,0,normal,0
9056,21.93,50.64,302.9,0,normal,0
9058,21.86,50.95,300.2,0,normal,0
9060,21.73,50.68,297.4,0,normal,0
9062,21.66,50.66,300.5,0,normal,0
9064,21.52,50.37,303.7,0,normal,0
9066,21.61,49.85,302.1,0,normal,0
9068,21.61,49.77,299.9,0,normal,0
9070,21.62,49.8,301.3,0,normal,0
9072,21.59,49.66,296.1,0,normal,0
9074,21.68,49.9,295.8,0,normal,0
9076,21.62,50.12,295.0,0,normal,0
9078,21.77,50.18,296.2,0,normal,0
9080,21.85,50.06,294.8,0,normal,0
9082,21.79,50.23,299.7,0,normal,0
9084,21.76,50.24,300.4,0,normal,0
9086,21.81,50.08,303.3,0,normal,0
9088,21.9,50.05,298.8,0,normal,0
9090,21.82,49.84,297.6,0,normal,0
9092,21.77,49.94,291.6,0,normal,0
9094,21.96,50.1,296.5,0,normal,0
9096,22.01,50.01,299.3,0,normal,0
9098,22.05,50.14,298.3,0,normal,0
9100,22.17,50.13,295.9,0,normal,0
9102,22.16,50.13,291.5,1,normal,0
9104,22.07,50.2,295.7,0,normal,0
9106,21.9,50.4,303.6,0,normal,0
9108,21.94,50.33,301.0,0,normal,0
9110,21.82,50.7,303.9,0,normal,0
9112,21.86,50.88,297.4,0,normal,0
9114,21.68,50.51,301.2,0,normal,0
9116,21.64,50.31,300.6,0,normal,0
9118,21.64,50.42,298.8,0,normal,0
9120,21.54,50.23,295.4,0,normal,0
9122,21.51,50.72,297.5,0,normal,0
9124,21.45,50.84,296.0,1,normal,0
9126,21.48,50.87,300.9,0,normal,0
9128,21.39,50.6,299.8,0,normal,0
9130,21.4,49.9,297.6,0,normal,0
9132,21.53,49.88,297.7,0,normal,0
9134,21.65,49.64,297.1,0,normal,0
9136,21.79,49.65,299.7,0,normal,0
9138,21.81,49.78,296.1,0,normal,0
9140,21.75,49.85,297.2,0,normal,0
9142,21.76,50.62,299.4,0,normal,0
9144,21.8,50.35,300.4,0,normal,0
9146,21.8,50.38,302.9,0,normal,0
9148,21.89,50.52,304.1,0,normal,0
9150,21.81,50.4,297.3,0,normal,0
9152,21.77,50.76,295.9,0,normal,0
9154,21.62,50.85,296.0,0,normal,0
9156,21.58,50.81,301.2,0,normal,0
9158,21.68,50.92,298.1,0,normal,0
9160,21.67,51.03,299.3,0,normal,0
9162,21.72,50.54,300.2,0,normal,0
9164,21.73,50.75,302.9,0,normal,0
9166,21.79,50.31,305.5,0,normal,0
9168,21.69,50.42,301.1,0,normal,0
9170,21.72,50.68,303.7,0,normal,0
9172,21.75,50.98,300.4,0,normal,0
9174,21.82,50.47,303.2,0,normal,0
9176,21.9,50.39,293.2,0,normal,0
9178,21.82,50.44,301.9,0,normal,0
9180,21.67,50.09,303.5,0,normal,0
9182,21.6,50.16,301.9,0,normal,0
9184,21.7,50.2,303.6,0,normal,0
9186,21.6,50.02,303.2,0,normal,0
9188,21.47,50.09,301.7,0,normal,0
9190,21.37,49.84,301.7,0,normal,0
9192,21.27,49.77,307.4,0,normal,0
9194,21.35,49.83,307.9,0,normal,0
9196,21.3,49.54,301.2,0,normal,0
9198,21.26,49.51,297.9,0,normal,0
9200,21.37,49.37,301.8,0,normal,0
9202,21.45,49.27,301.2,0,normal,0
9204,21.52,49.22,300.0,0,normal,0
9206,21.45,49.51,300.8,0,normal,0
9208,21.31,49.58,301.3,0,normal,0
9210,21.35,50.08,297.4,0,normal,0
9212,21.5,50.01,299.6,0,normal,0
9214,21.46,50.21,297.1,0,normal,0
9216,21.43,50.26,300.9,0,normal,0
9218,21.17,50.17,300.4,0,normal,0
9220,21.33,49.98,298.8,0,normal,0
9222,21.32,50.21,306.1,0,normal,0
9224,21.19,50.33,303.5,0,normal,0
9226,21.2,50.64,299.2,0,normal,0
9228,21.17,50.62,294.1,0,normal,0
9230,21.24,50.66,291.3,0,normal,0
9232,21.43,50.58,295.4,0,normal,0
9234,21.36,50.27,296.1,0,normal,0
9236,21.37,50.51,299.9,0,normal,0
9238,21.34,50.23,302.5,0,normal,0
9240,21.28,50.71,296.5,0,normal,0
9242,21.33,50.65,298.6,0,normal,0
9244,21.45,50.52,292.1,0,normal,0
9246,21.47,50.46,289.4,0,normal,0
9248,21.43,50.33,297.8,0,normal,0
9250,21.46,50.45,293.7,0,normal,0
9252,21.46,50.24,298.9,0,normal,0
9254,21.51,50.27,297.1,0,normal,0
9256,21.45,50.22,300.2,0,normal,0
9258,21.44,50.6,301.3,0,normal,0
9260,21.56,51.01,300.5,0,normal,0
9262,21.54,50.76,302.8,0,normal,0
9264,21.59,50.67,297.0,0,normal,0
9266,21.56,50.94,294.2,0,normal,0
9268,21.54,51.16,299.7,0,normal,0
9270,21.45,51.1,299.0,0,normal,0
9272,21.66,50.83,302.0,0,normal,0
9274,21.72,51.09,299.9,0,normal,0
9276,21.77,50.99,304.0,0,normal,0
9278,21.81,50.84,301.4,0,normal,0
9280,21.67,50.67,299.7,0,normal,0
9282,21.57,50.76,302.8,0,normal,0
9284,21.52,50.91,297.5,0,normal,0
9286,21.36,51.01,298.8,0,normal,0
9288,21.27,51.21,296.3,0,normal,0
9290,21.34,51.19,297.0,0,normal,0
9292,21.16,51.32,304.4,0,normal,0
9294,21.09,51.31,295.8,0,normal,0
9296,21.09,50.88,291.4,0,normal,0
9298,21.1,50.42,292.3,0,normal,0
9300,21.11,50.11,290.7,0,normal,0
9302,21.06,50.34,285.8,0,normal,0
9304,21.14,50.65,289.2,0,normal,0
9306,20.96,50.44,290.2,0,normal,0
9308,21.01,50.53,291.9,0,normal,0
9310,20.91,50.87,293.4,0,normal,0
9312,20.88,51.1,293.5,0,normal,0
9314,20.9,51.07,295.5,0,normal,0
9316,21.06,51.07,294.0,0,normal,0
9318,21.0,51.08,295.0,0,normal,0
9320,20.9,51.07,295.2,0,normal,0
9322,21.0,50.88,291.3,0,normal,0
9324,21.01,50.97,290.4,0,normal,0
9326,21.02,50.81,290.8,0,normal,0
9328,21.08,50.89,294.7,0,normal,0
9330,21.17,51.24,297.3,0,normal,0
9332,21.18,51.62,294.8,0,normal,0
9334,21.0,51.34,289.5,0,normal,0
9336,21.0,51.61,283.4,0,normal,0
9338,21.01,51.7,289.5,1,normal,0
9340,20.93,51.1,292.3,0,normal,0
9342,20.87,51.24,298.3,0,normal,0
9344,20.94,51.35,295.8,0,normal,0
9346,20.98,51.3,297.0,0,normal,0
9348,20.92,50.72,296.5,0,normal,0
9350,20.98,50.66,294.6,0,normal,0
9352,21.0,51.22,298.6,0,normal,0
9354,20.91,51.12,296.1,0,normal,0
9356,20.91,50.94,295.0,0,normal,0
9358,20.82,50.87,291.3,0,normal,0
9360,20.77,50.8,294.1,0,normal,0
9362,20.83,50.69,293.8,0,normal,0
9364,20.75,50.31,296.2,0,normal,0
9366,20.69,50.28,297.3,0,normal,0
9368,20.75,50.23,295.9,0,normal,0
9370,20.7,50.32,292.1,0,normal,0
9372,20.72,50.44,294.2,0,normal,0
9374,20.73,50.6,292.3,0,normal,0
9376,20.75,51.12,299.3,0,normal,0
9378,20.81,51.3,294.0,0,normal,0
9380,20.8,51.24,291.3,0,normal,0
9382,20.76,51.51,293.6,0,normal,0
9384,20.75,51.19,297.1,0,normal,0
9386,20.87,51.08,299.0,0,normal,0
9388,20.96,51.22,296.4,0,normal,0
9390,20.96,51.17,299.1,0,normal,0
9392,21.06,51.07,293.4,0,normal,0
9394,21.12,51.16,297.5,0,normal,0
9396,21.02,51.46,297.4,0,normal,0
9398,21.14,51.23,299.2,0,normal,0
9400,21.35,51.32,301.5,0,normal,0
9402,21.34,50.97,304.4,0,normal,0
9404,21.18,51.12,303.9,0,normal,0
9406,21.28,50.99,301.6,0,normal,0
9408,21.3,50.89,299.7,0,normal,0
9410,21.26,50.99,293.2,0,normal,0
9412,21.07,50.98,291.8,0,normal,0
9414,21.05,50.92,292.0,1,normal,0
9416,21.02,51.13,290.9,0,normal,0
9418,20.99,50.83,294.4,0,normal,0
9420,20.95,51.02,298.2,0,normal,0
9422,21.03,51.1,303.2,0,normal,0
9424,20.99,51.23,298.3,0,normal,0
9426,21.02,50.93,296.3,0,normal,0
9428,20.86,51.13,297.0,0,normal,0
9430,20.79,51.32,292.1,0,normal,0
9432,20.8,51.2,295.9,0,normal,0
9434,20.74,51.2,293.7,0,normal,0
9436,20.77,51.04,296.1,0,normal,0
9438,20.78,50.88,297.3,0,normal,0
9440,20.81,50.86,292.0,0,normal,0
9442,20.79,50.9,290.1,0,normal,0
9444,20.86,50.85,290.5,0,normal,0
9446,20.75,50.96,289.0,0,normal,0
9448,20.74,51.01,291.5,1,normal,0
9450,20.88,51.26,295.7,0,normal,0
9452,20.85,51.18,302.6,0,normal,0
9454,20.97,51.04,304.1,0,normal,0
9456,20.99,51.18,299.7,0,normal,0
9458,20.97,51.45,300.2,0,normal,0
9460,20.97,50.91,297.1,0,normal,0
9462,21.09,50.92,293.3,0,normal,0
9464,21.04,50.98,299.6,0,normal,0
9466,20.94,50.88,305.0,0,normal,0
9468,20.97,50.93,302.9,0,normal,0
9470,21.02,51.05,301.9,0,normal,0
9472,21.07,51.16,297.5,0,normal,0
9474,20.93,50.92,296.5,0,normal,0
9476,20.95,50.96,302.9,0,normal,0
9478,20.95,51.45,299.6,0,normal,0
9480,20.92,51.12,292.7,0,normal,0
9482,20.88,50.94,297.7,0,normal,0
9484,20.91,51.15,297.6,0,normal,0
9486,20.9,50.61,292.8,0,normal,0
9488,20.89,50.69,291.9,0,normal,0
9490,21.05,50.8,295.7,0,normal,0
9492,21.03,50.89,292.0,0,normal,0
9494,20.92,50.86,292.6,0,normal,0
9496,20.83,50.62,294.3,0,normal,0
9498,20.77,50.86,296.1,0,normal,0
9500,20.65,50.81,289.2,0,normal,0
9502,20.75,51.12,293.3,0,normal,0
9504,20.91,51.28,289.1,0,normal,0
9506,20.85,51.11,292.1,0,normal,0
9508,20.91,50.99,289.6,0,normal,0
9510,20.84,50.98,284.9,0,normal,0
9512,20.78,51.13,287.6,0,normal,0
9514,20.64,51.16,288.2,0,normal,0
9516,20.65,51.08,294.6,0,normal,0
9518,20.77,51.08,300.3,0,normal,0
9520,20.87,51.0,302.0,0,normal,0
9522,20.9,51.29,304.1,0,normal,0
9524,20.87,51.23,298.5,0,normal,0
9526,20.96,51.18,296.3,0,normal,0
9528,21.08,51.39,294.9,0,normal,0
9530,20.99,51.03,291.2,0,normal,0
9532,20.99,51.16,291.7,0,normal,0
9534,20.96,51.06,296.2,0,normal,0
9536,20.89,51.56,291.8,0,normal,0
9538,20.78,51.63,294.3,0,normal,0
9540,20.71,51.41,290.9,0,normal,0
9542,20.73,51.5,292.8,0,normal,0
9544,20.75,51.3,288.0,0,normal,0
9546,20.76,51.25,290.5,0,normal,0
9548,20.86,51.26,286.0,0,normal,0
9550,20.79,51.04,293.0,0,normal,0
9552,20.69,50.78,290.8,0,normal,0
9554,20.6,50.87,295.1,0,normal,0
9556,20.64,51.04,295.9,0,normal,0
9558,20.61,51.03,295.3,0,normal,0
9560,20.49,50.94,289.9,0,normal,0
9562,20.59,50.84,293.4,0,normal,0
9564,20.71,51.01,296.1,0,normal,0
9566,20.73,50.78,298.7,0,normal,0
9568,20.78,51.0,287.7,0,normal,0
9570,20.66,51.22,287.3,0,normal,0
9572,20.55,51.38,300.7,0,normal,0
9574,20.58,51.48,295.8,0,normal,0
9576,20.61,51.48,294.8,0,normal,0
9578,20.61,51.52,294.3,0,normal,0
9580,20.59,51.68,286.3,0,normal,0
9582,20.55,51.57,289.1,0,normal,0
9584,20.68,51.44,284.7,0,normal,0
9586,20.62,51.32,286.3,0,normal,0
9588,20.61,50.99,288.8,0,normal,0
9590,20.7,51.08,286.9,0,normal,0
9592,20.62,50.88,286.7,0,normal,0
9594,20.64,51.09,291.5,0,normal,0
9596,20.63,51.03,298.2,0,normal,0
9598,20.69,51.16,291.0,0,normal,0
9600,20.49,51.54,296.8,0,normal,0
9602,20.49,51.56,287.6,0,normal,0
9604,20.44,51.38,288.6,0,normal,0
9606,20.55,50.86,291.8,0,normal,0
9608,20.56,50.99,288.1,0,normal,0
9610,20.52,51.19,291.1,0,normal,0
9612,20.61,50.82,290.8,0,normal,0
9614,20.67,50.87,291.3,0,normal,0
9616,20.75,50.85,288.0,0,normal,0
9618,20.82,50.91,292.2,0,normal,0
9620,20.87,50.76,292.5,0,normal,0
9622,20.8,50.53,293.0,0,normal,0
9624,20.81,50.49,294.3,0,normal,0
9626,20.82,50.26,299.6,0,normal,0
9628,20.83,50.57,298.0,0,normal,0
9630,20.84,50.38,294.6,0,normal,0
9632,20.82,50.25,299.1,0,normal,0
9634,20.77,50.79,299.6,0,normal,0
9636,20.75,50.69,301.2,0,normal,0
9638,20.66,50.35,301.8,0,normal,0
9640,20.59,50.19,301.3,0,normal,0
9642,20.65,49.8,297.4,0,normal,0
9644,20.62,49.84,292.3,0,normal,0
9646,20.63,50.14,288.3,0,normal,0
9648,20.59,50.06,292.7,0,normal,0
9650,20.46,50.22,297.1,0,normal,0
9652,20.44,50.41,297.1,0,normal,0
9654,20.59,50.65,293.4,0,normal,0
9656,20.58,50.76,290.4,0,normal,0
9658,20.53,51.04,289.8,0,normal,0
9660,20.59,50.76,296.3,0,normal,0
9662,20.56,50.82,296.7,0,normal,0
9664,20.51,50.95,294.5,0,normal,0
9666,20.4,50.52,293.7,0,normal,0
9668,20.28,50.78,295.6,0,normal,0
9670,20.35,51.02,292.4,0,normal,0
9672,20.38,51.01,290.8,0,normal,0
9674,20.41,51.24,298.7,0,normal,0
9676,20.48,51.69,298.8,0,normal,0
9678,20.46,51.95,299.0,0,normal,0
9680,20.47,51.9,296.4,0,normal,0
9682,20.41,51.81,295.2,0,normal,0
9684,20.36,51.83,295.0,0,normal,0
9686,20.32,51.47,292.9,1,normal,0
9688,20.43,51.36,294.4,0,normal,0
9690,20.5,51.32,290.8,0,normal,0
9692,20.43,51.17,287.5,0,normal,0
9694,20.42,51.29,293.0,0,normal,0
9696,20.44,51.01,298.5,0,normal,0
9698,20.39,51.13,296.9,0,normal,0
9700,20.46,50.9,296.8,0,normal,0
9702,20.41,51.15,299.4,0,normal,0
9704,20.4,51.09,296.9,0,normal,0
9706,20.39,50.98,292.8,0,normal,0
9708,20.26,51.01,294.0,0,normal,0
9710,20.15,51.26,288.1,0,normal,0
9712,20.12,51.16,290.4,0,normal,0
9714,20.26,51.29,292.4,0,normal,0
9716,20.34,51.34,287.9,0,normal,0
9718,20.39,51.04,288.8,0,normal,0
9720,20.36,51.13,288.9,0,normal,0
9722,20.34,51.07,288.3,0,normal,0
9724,20.37,51.2,294.7,0,normal,0
9726,20.41,51.42,292.7,0,normal,0
9728,20.3,51.24,291.7,0,normal,0
9730,20.27,51.22,293.1,0,normal,0
9732,20.23,51.22,293.6,0,normal,0
9734,20.37,51.14,293.1,0,normal,0
9736,20.34,51.29,297.6,0,normal,0
9738,20.3,51.03,299.2,0,normal,0
9740,20.39,51.13,299.8,1,normal,0
9742,20.37,51.05,300.3,0,normal,0
9744,20.46,51.09,305.0,0,normal,0
9746,20.39,51.0,303.9,0,normal,0
9748,20.55,50.79,300.0,0,normal,0
9750,20.55,50.82,291.0,0,normal,0
9752,20.55,50.92,289.2,0,normal,0
9754,20.53,51.12,290.8,0,normal,0
9756,20.53,51.32,296.5,0,normal,0
9758,20.53,51.24,290.5,0,normal,0
9760,20.5,51.34,287.1,0,normal,0
9762,20.6,51.81,283.9,0,normal,0
9764,20.42,51.68,287.0,0,normal,0
9766,20.33,52.01,293.8,0,normal,0
9768,20.32,51.53,298.0,0,normal,0
9770,20.33,51.72,299.0,0,normal,0
9772,20.46,51.66,293.0,0,normal,0
9774,20.51,51.71,299.3,0,normal,0
9776,20.51,51.35,298.5,0,normal,0
9778,20.45,51.47,295.1,0,normal,0
9780,20.61,51.42,294.3,0,normal,0
9782,20.67,51.41,290.5,0,normal,0
9784,20.86,51.27,290.7,0,normal,0
9786,20.71,50.93,292.8,0,normal,0
9788,20.83,50.71,289.2,0,normal,0
9790,20.79,50.76,289.4,0,normal,0
9792,20.69,50.79,294.9,0,normal,0
9794,20.68,50.94,292.3,0,normal,0
9796,20.68,50.83,294.5,0,normal,0
9798,20.63,50.73,300.9,0,normal,0
9800,20.51,51.08,297.3,0,normal,0
9802,20.48,51.28,295.5,0,normal,0
9804,20.38,51.53,295.6,0,normal,0
9806,20.4,51.69,298.6,0,normal,0
9808,20.3,51.61,297.9,0,normal,0
9810,20.34,51.74,299.5,0,normal,0
9812,20.32,51.45,300.2,0,normal,0
9814,20.42,51.69,296.5,0,normal,0
9816,20.36,51.86,296.8,1,normal,0
9818,20.27,51.71,294.9,0,normal,0
9820,20.18,52.04,294.0,0,normal,0
9822,20.23,52.29,293.6,0,normal,0
9824,20.58,52.26,290.9,0,normal,0
9826,20.46,52.21,288.1,0,normal,0
9828,20.41,52.38,296.7,0,normal,0
9830,20.54,52.03,295.6,0,normal,0
9832,20.59,52.09,295.3,0,normal,0
9834,20.68,52.09,296.6,0,normal,0
9836,20.69,51.77,287.6,0,normal,0
9838,20.71,51.42,289.0,0,normal,0
9840,20.69,51.38,294.8,0,normal,0
9842,20.58,51.56,293.6,0,normal,0
9844,20.58,51.75,294.1,0,normal,0
9846,20.5,51.93,290.3,0,normal,0
9848,20.54,51.79,296.8,0,normal,0
9850,20.32,51.89,293.7,0,normal,0
9852,20.17,51.7,294.7,0,normal,0
9854,20.19,51.32,292.7,0,normal,0
9856,20.22,51.33,291.2,0,normal,0
9858,20.39,51.81,292.0,0,normal,0
9860,20.33,52.54,291.1,0,normal,0
9862,20.39,52.35,295.6,0,normal,0
9864,20.25,52.13,298.4,0,normal,0
9866,20.46,52.02,295.6,0,normal,0
9868,20.25,51.94,289.8,0,normal,0
9870,20.39,51.7,287.1,0,normal,0
9872,20.36,51.87,289.7,0,normal,0
9874,20.22,51.64,287.6,0,normal,0
9876,20.19,51.67,288.6,0,normal,0
9878,20.29,51.52,288.5,0,normal,0
9880,20.29,51.43,296.3,0,normal,0
9882,20.23,51.58,297.2,0,normal,0
9884,20.26,51.73,295.0,0,normal,0
9886,20.27,51.64,294.9,0,normal,0
9888,20.36,51.26,296.1,0,normal,0
9890,20.42,51.17,291.6,0,normal,0
9892,20.37,51.15,292.3,0,normal,0
9894,20.31,51.26,296.5,0,normal,0
9896,20.32,51.36,297.4,0,normal,0
9898,20.32,51.52,298.9,0,normal,0
9900,20.34,51.51,297.3,0,normal,0
9902,20.27,51.45,296.3,1,normal,0
9904,20.29,51.51,294.6,0,normal,0
9906,20.23,51.27,290.7,0,normal,0
9908,20.29,51.35,291.3,0,normal,0
9910,20.32,51.3,293.1,0,normal,0
9912,20.31,51.51,288.8,0,normal,0
9914,20.19,51.89,291.0,0,normal,0
9916,20.3,51.79,292.9,0,normal,0
9918,20.24,52.06,285.9,0,normal,0
9920,20.21,51.9,290.1,0,normal,0
9922,20.22,51.98,289.0,0,normal,0
9924,20.27,51.74,289.0,0,normal,0
9926,20.24,51.69,290.8,0,normal,0
9928,20.21,51.78,293.7,0,normal,0
9930,20.12,52.18,294.0,0,normal,0
9932,20.23,52.26,293.1,0,normal,0
9934,20.2,52.05,295.4,0,normal,0
9936,20.18,52.23,294.5,0,normal,0
9938,20.04,52.22,295.3,0,normal,0
9940,20.03,52.24,297.7,1,normal,0
9942,20.13,52.11,297.7,0,normal,0
9944,20.24,52.61,294.6,0,normal,0
9946,20.18,52.76,296.3,0,normal,0
9948,20.2,52.52,290.4,0,normal,0
9950,20.27,52.43,290.0,0,normal,0
9952,20.17,52.45,287.5,0,normal,0
9954,20.16,52.55,286.7,0,normal,0
9956,20.24,52.35,290.5,0,normal,0
9958,20.35,52.15,292.3,0,normal,0
9960,20.24,52.0,295.9,0,normal,0
9962,20.17,51.87,290.2,0,normal,0
9964,20.28,51.64,290.3,0,normal,0
9966,20.26,51.6,287.7,0,normal,0
9968,20.31,51.64,291.0,0,normal,0
9970,20.22,51.63,289.8,0,normal,0
9972,20.34,51.46,291.4,0,normal,0
9974,20.38,51.5,291.7,0,normal,0
9976,20.49,51.8,285.8,0,normal,0
9978,20.41,51.56,292.9,1,normal,0
9980,20.37,51.25,290.6,0,normal,0
9982,20.27,50.91,289.5,0,normal,0
9984,20.19,50.79,292.5,0,normal,0
9986,20.1,50.86,289.2,0,normal,0
9988,20.15,50.9,290.9,1,normal,0
9990,20.1,51.08,295.7,0,normal,0
9992,20.12,51.48,292.3,0,normal,0
9994,20.09,51.64,290.9,0,normal,0
9996,20.15,51.59,296.8,0,normal,0
9998,20.24,51.6,303.4,0,normal,0
10000,20.31,51.56,302.1,0,normal,0
10002,20.39,51.63,299.5,0,normal,0
10004,20.38,51.55,295.5,0,normal,0
10006,20.43,51.53,296.4,0,normal,0
10008,20.4,51.18,294.6,0,normal,0
10010,20.34,51.31,291.6,0,normal,0
10012,20.24,51.23,293.2,0,normal,0
10014,20.25,50.91,291.9,0,normal,0
10016,20.29,50.92,289.7,0,normal,0
10018,20.43,51.14,290.8,0,normal,0
10020,20.39,51.33,291.6,0,normal,0
10022,20.51,51.33,293.8,0,normal,0
10024,20.37,51.52,294.4,0,normal,0
10026,20.37,51.34,295.2,0,normal,0
10028,20.56,51.22,291.0,0,normal,0
10030,20.52,51.15,295.2,0,normal,0
10032,20.44,50.99,296.1,0,normal,0
10034,20.35,51.12,292.0,0,normal,0
10036,20.54,50.96,293.1,0,normal,0
10038,20.63,51.0,289.7,0,normal,0
10040,20.57,50.91,289.5,0,normal,0
10042,20.52,50.8,282.3,0,normal,0
10044,20.31,50.66,284.0,0,normal,0
10046,20.31,50.6,285.9,0,normal,0
10048,20.45,50.61,289.7,0,normal,0
10050,20.29,50.86,287.3,0,normal,0
10052,20.4,51.13,288.2,0,normal,0
10054,20.45,51.1,290.3,0,normal,0
10056,20.58,50.96,288.2,0,normal,0
10058,20.53,50.97,287.1,0,normal,0
10060,20.54,50.9,290.4,0,normal,0
10062,20.65,51.01,288.6,0,normal,0
10064,20.67,50.93,288.5,0,normal,0
10066,20.71,50.2,288.5,0,normal,0
10068,20.66,49.99,291.6,0,normal,0
10070,20.63,50.35,293.5,0,normal,0
10072,20.57,50.29,295.7,0,normal,0
10074,20.58,50.71,294.5,0,normal,0
10076,20.57,50.49,293.3,0,normal,0
10078,20.55,50.7,291.8,0,normal,0
10080,20.37,50.86,292.6,0,normal,0
10082,20.27,50.94,292.4,0,normal,0
10084,20.29,50.97,291.1,0,normal,0
10086,20.41,51.2,290.7,0,normal,0
10088,20.35,51.2,295.2,0,normal,0
10090,20.32,51.17,295.6,0,normal,0
10092,20.34,51.04,296.4,0,normal,0
10094,20.44,51.17,296.2,0,normal,0
10096,20.58,50.75,292.6,0,normal,0
10098,20.6,50.93,295.1,0,normal,0
10100,20.59,50.79,291.6,0,normal,0
10102,20.52,50.79,292.4,0,normal,0
10104,20.56,50.83,295.2,0,normal,0
10106,20.53,51.27,297.7,0,normal,0
10108,20.54,51.29,297.0,0,normal,0
10110,20.47,51.29,295.2,0,normal,0
10112,20.57,51.26,296.7,0,normal,0
10114,20.53,51.27,292.6,0,normal,0
10116,20.41,51.26,293.2,0,normal,0
10118,20.42,51.35,292.0,0,normal,0
10120,20.35,51.51,290.4,0,normal,0
10122,20.41,51.14,286.5,0,normal,0
10124,20.53,51.28,286.4,0,normal,0
10126,20.58,51.28,288.9,0,normal,0
10128,20.57,51.45,294.0,0,normal,0
10130,20.5,51.53,293.1,0,normal,0
10132,20.47,51.05,295.9,0,normal,0
10134,20.65,50.85,293.2,0,normal,0
10136,20.73,51.48,292.2,0,normal,0
10138,20.63,51.42,293.4,0,normal,0
10140,20.55,51.37,294.3,0,normal,0
10142,20.59,51.25,290.0,0,normal,0
10144,20.6,51.01,293.2,0,normal,0
10146,20.61,50.87,293.8,0,normal,0
10148,20.66,51.01,294.2,0,normal,0
10150,20.57,51.23,291.1,0,normal,0
10152,20.51,51.23,292.5,0,normal,0
10154,20.6,51.25,288.7,0,normal,0
10156,20.63,51.34,291.0,0,normal,0
10158,20.61,51.18,289.4,0,normal,0
10160,20.61,51.02,291.2,0,normal,0
10162,20.66,51.12,288.7,0,normal,0
10164,20.69,51.25,292.2,0,normal,0
10166,20.63,51.34,292.9,0,normal,0
10168,20.54,51.53,296.1,0,normal,0
10170,20.61,51.62,293.5,0,normal,0
10172,20.52,51.55,290.8,0,normal,0
10174,20.7,51.33,289.7,0,normal,0
10176,20.61,51.19,289.9,0,normal,0
10178,20.56,50.9,292.8,0,normal,0
10180,20.66,50.88,294.1,0,normal,0
10182,20.78,50.82,295.6,0,normal,0
10184,20.78,50.73,296.0,0,normal,0
10186,20.55,50.98,295.5,0,normal,0
10188,20.56,50.98,294.9,0,normal,0
10190,20.4,51.27,296.3,0,normal,0
10192,20.39,51.39,298.1,0,normal,0
10194,20.49,51.15,304.7,0,normal,0
10196,20.57,51.62,298.0,0,normal,0
10198,20.6,51.66,293.3,0,normal,0
10200,20.63,51.53,292.3,0,normal,0
10202,20.69,51.56,284.9,0,normal,0
10204,20.66,51.58,289.0,0,normal,0
10206,20.63,51.17,296.2,0,normal,0
10208,20.74,51.06,293.0,0,normal,0
10210,20.78,50.97,293.3,0,normal,0
10212,20.87,50.8,293.4,0,normal,0
10214,20.89,51.05,293.1,0,normal,0
10216,20.9,51.05,290.1,0,normal,0
10218,20.95,50.9,287.1,0,normal,0
10220,20.99,50.79,291.2,0,normal,0
10222,21.1,50.7,288.9,0,normal,0
10224,21.11,50.71,291.0,0,normal,0
10226,21.04,50.72,297.1,0,normal,0
10228,20.98,50.72,293.8,0,normal,0
10230,20.88,50.68,295.2,0,normal,0
10232,20.89,51.01,299.0,0,normal,0
10234,20.82,50.99,297.9,0,normal,0
10236,20.71,50.88,293.7,0,normal,0
10238,20.77,51.25,292.3,0,normal,0
10240,20.88,51.27,290.6,0,normal,0
10242,20.75,51.41,294.0,0,normal,0
10244,20.83,51.43,289.3,0,normal,0
10246,20.84,51.23,293.6,0,normal,0
10248,20.75,51.2,293.0,0,normal,0
10250,20.7,51.2,291.4,0,normal,0
10252,20.69,51.07,292.4,0,normal,0
10254,20.89,50.79,295.4,0,normal,0
10256,20.9,50.59,296.7,0,normal,0
10258,21.01,50.59,302.0,0,normal,0
10260,20.94,50.68,301.1,0,normal,0
10262,21.02,50.77,297.9,0,normal,0
10264,21.06,50.55,294.2,0,normal,0
10266,20.98,50.77,294.9,0,normal,0
10268,20.92,50.92,296.1,0,normal,0
10270,20.95,50.95,295.4,0,normal,0
10272,20.81,50.82,288.0,0,normal,0
10274,20.81,50.66,290.5,0,normal,0
10276,20.71,50.78,288.1,0,normal,0
10278,20.72,51.34,290.7,0,normal,0
10280,20.77,51.11,291.8,0,normal,0
10282,20.83,51.35,287.5,0,normal,0
10284,20.86,51.52,288.7,0,normal,0
10286,20.85,51.19,292.3,0,normal,0
10288,20.8,51.13,290.3,0,normal,0
10290,20.74,51.21,293.8,0,normal,0
10292,20.7,51.25,294.3,0,normal,0
10294,20.68,51.48,294.5,0,normal,0
10296,20.66,51.73,300.9,0,normal,0
10298,20.7,51.34,299.6,0,normal,0
10300,20.66,51.64,298.4,0,normal,0
10302,20.55,51.43,298.4,0,normal,0
10304,20.64,51.22,302.7,0,normal,0
10306,20.6,51.27,304.4,0,normal,0
10308,20.5,51.13,304.6,0,normal,0
10310,20.46,50.91,302.6,0,normal,0
10312,20.48,51.1,296.6,0,normal,0
10314,20.5,51.08,300.0,0,normal,0
10316,20.56,50.79,300.1,0,normal,0
10318,20.75,51.03,300.3,0,normal,0
10320,20.66,51.05,297.6,0,normal,0
10322,20.81,51.07,298.4,0,normal,0
10324,20.83,50.99,300.3,0,normal,0
10326,20.82,50.66,296.7,0,normal,0
10328,20.65,50.73,298.2,0,normal,0
10330,20.65,50.78,298.5,0,normal,0
10332,20.73,50.63,301.4,0,normal,0
10334,20.67,50.48,300.8,0,normal,0
10336,20.57,50.59,296.6,0,normal,0
10338,20.5,50.54,294.5,0,normal,0
10340,20.56,50.53,290.8,0,normal,0
10342,20.6,50.71,299.1,0,normal,0
10344,20.76,50.79,294.6,0,normal,0
10346,20.74,51.05,291.3,0,normal,0
10348,20.83,51.4,294.3,0,normal,0
10350,20.74,51.28,298.9,0,normal,0
10352,20.74,51.4,301.5,0,normal,0
10354,20.85,51.3,302.0,0,normal,0
10356,20.84,51.23,299.3,0,normal,0
10358,20.9,50.95,299.9,0,normal,0
10360,20.8,51.3,298.8,0,normal,0
10362,20.74,51.28,294.1,0,normal,0
10364,20.72,51.26,294.1,1,normal,0
10366,20.66,50.93,294.7,0,normal,0
10368,20.65,50.97,295.8,0,normal,0
10370,20.8,50.93,296.2,0,normal,0
10372,20.8,50.98,298.1,0,normal,0
10374,20.84,50.85,299.3,0,normal,0
10376,20.98,50.85,298.1,0,normal,0
10378,20.99,50.69,298.6,0,normal,0
10380,20.98,50.66,298.6,0,normal,0
10382,20.94,50.66,295.4,0,normal,0
10384,21.04,50.88,289.2,0,normal,0
10386,21.11,50.74,290.5,0,normal,0
10388,21.27,50.61,293.2,0,normal,0
10390,21.41,50.97,292.2,0,normal,0
10392,21.26,50.75,298.2,0,normal,0
10394,21.3,50.76,298.4,0,normal,0
10396,21.44,50.62,296.8,0,normal,0
10398,21.43,50.64,296.4,0,normal,0
10400,21.41,50.78,290.3,0,normal,0
10402,21.28,50.86,293.3,0,normal,0
10404,21.36,51.23,295.0,0,normal,0
10406,21.25,51.6,294.5,0,normal,0
10408,21.25,51.36,295.0,0,normal,0
10410,21.21,51.04,293.1,0,normal,0
10412,21.23,51.39,294.3,0,normal,0
10414,21.19,51.31,294.9,0,normal,0
10416,21.15,51.35,298.6,0,normal,0
10418,21.23,51.27,291.6,0,normal,0
10420,21.21,51.16,288.1,0,normal,0
10422,21.28,50.88,289.1,0,normal,0
10424,21.21,50.52,292.3,0,normal,0
10426,21.32,50.65,292.7,0,normal,0
10428,21.35,50.68,294.3,0,normal,0
10430,21.42,50.47,295.5,0,normal,0
10432,21.46,50.57,293.4,0,normal,0
10434,21.3,50.51,291.0,0,normal,0
10436,21.08,50.43,295.0,0,normal,0
10438,21.18,50.5,295.4,0,normal,0
10440,21.14,50.35,296.1,0,normal,0
10442,21.11,50.24,289.9,0,normal,0
10444,21.05,50.2,295.0,0,normal,0
10446,21.01,50.25,291.4,0,normal,0
10448,21.06,50.36,296.9,0,normal,0
10450,21.14,50.51,294.3,0,normal,0
10452,21.12,50.58,296.6,0,normal,0
10454,20.95,50.18,297.6,0,normal,0
10456,21.02,49.88,299.8,0,normal,0
10458,21.07,50.08,304.4,0,normal,0
10460,21.03,50.19,299.8,1,normal,0
10462,20.94,50.2,298.3,0,normal,0
10464,20.86,50.06,297.2,0,normal,0
10466,21.0,50.05,295.8,0,normal,0
10468,20.97,50.19,292.2,0,normal,0
10470,21.09,50.11,294.9,0,normal,0
10472,21.09,50.26,299.1,0,normal,0
10474,21.17,50.56,297.2,0,normal,0
10476,21.1,50.72,296.6,0,normal,0
10478,21.02,50.84,296.8,0,normal,0
10480,21.02,51.1,294.9,0,normal,0
10482,20.91,51.13,290.2,0,normal,0
10484,20.83,51.22,289.7,0,normal,0
10486,20.91,51.34,297.3,0,normal,0
10488,21.07,51.14,294.9,0,normal,0
10490,21.11,51.19,291.2,0,normal,0
10492,20.99,51.66,295.5,0,normal,0
10494,20.94,51.64,292.9,0,normal,0
10496,20.99,51.28,298.2,0,normal,0
10498,21.0,51.07,298.3,0,normal,0
10500,21.23,51.03,296.1,0,normal,0
10502,21.38,50.92,300.6,0,normal,0
10504,21.35,50.84,298.4,0,normal,0
10506,21.52,50.51,300.9,0,normal,0
10508,21.42,50.29,298.6,0,normal,0
10510,21.33,50.24,303.1,0,normal,0
10512,21.45,50.08,299.5,0,normal,0
10514,21.35,50.38,303.1,0,normal,0
10516,21.3,50.25,298.3,0,normal,0
10518,21.43,50.26,297.4,0,normal,0
10520,21.39,50.32,297.8,1,normal,0
10522,21.5,50.34,300.0,0,normal,0
10524,21.54,50.22,297.9,0,normal,0
10526,21.49,50.31,297.7,0,normal,0
10528,21.53,50.32,290.8,0,normal,0
10530,21.6,50.4,291.4,0,normal,0
10532,21.65,50.36,294.9,0,normal,0
10534,21.55,50.4,297.6,0,normal,0
10536,21.61,50.71,299.0,0,normal,0
10538,21.4,50.92,298.5,0,normal,0
10540,21.37,51.05,297.8,0,normal,0
10542,21.38,50.96,297.6,0,normal,0
10544,21.46,51.16,299.0,0,normal,0
10546,21.56,51.28,302.7,0,normal,0
10548,21.44,51.09,299.5,0,normal,0
10550,21.39,51.07,295.1,0,normal,0
10552,21.38,51.35,296.4,0,normal,0
10554,21.34,51.47,296.7,0,normal,0
10556,21.38,51.47,299.5,0,normal,0
10558,21.44,51.51,296.3,0,normal,0
10560,21.49,51.05,297.6,0,normal,0
10562,21.46,51.16,298.1,0,normal,0
10564,21.71,51.15,301.0,0,normal,0
10566,21.59,51.0,299.2,0,normal,0
10568,21.56,51.24,302.1,0,normal,0
10570,21.68,51.14,300.6,0,normal,0
10572,21.72,50.86,302.2,0,normal,0
10574,21.76,50.65,301.8,0,normal,0
10576,21.83,50.64,302.6,0,normal,0
10578,21.78,50.58,299.1,0,normal,0
10580,21.76,50.72,298.8,0,normal,0
10582,21.83,50.85,298.0,0,normal,0
10584,21.93,51.09,295.3,0,normal,0
10586,21.78,51.06,293.7,0,normal,0
10588,21.72,51.13,293.4,0,normal,0
10590,21.7,51.09,297.8,0,normal,0
10592,21.76,51.11,299.6,0,normal,0
10594,21.64,51.17,297.4,0,normal,0
10596,21.71,51.26,297.8,0,normal,0
10598,21.64,51.09,302.5,0,normal,0
10600,21.69,51.11,302.6,0,normal,0
10602,21.7,51.07,301.8,0,normal,0
10604,21.81,51.16,296.2,0,normal,0
10606,21.7,51.22,297.5,0,normal,0
10608,21.74,51.14,297.6,0,normal,0
10610,21.7,51.06,298.7,0,normal,0
10612,21.64,50.88,297.7,0,normal,0
10614,21.71,50.88,294.8,0,normal,0
10616,21.62,50.51,292.9,0,normal,0
10618,21.68,50.85,292.3,0,normal,0
10620,21.59,50.88,290.5,0,normal,0
10622,21.5,50.7,289.6,0,normal,0
10624,21.57,50.65,292.1,0,normal,0
10626,21.75,50.81,288.9,0,normal,0
10628,21.77,50.88,289.7,0,normal,0
10630,21.68,50.97,295.1,0,normal,0
10632,21.71,50.75,297.7,0,normal,0
10634,21.68,51.03,306.7,0,normal,0
10636,21.62,51.04,298.9,0,normal,0
10638,21.64,50.75,299.0,0,normal,0
10640,21.68,50.7,295.5,0,normal,0
10642,21.75,50.61,300.6,0,normal,0
10644,21.66,50.66,297.1,0,normal,0
10646,21.79,50.6,296.6,0,normal,0
10648,21.75,50.48,295.4,0,normal,0
10650,21.61,50.32,297.8,0,normal,0
10652,21.55,50.26,298.4,0,normal,0
10654,21.57,50.19,298.2,0,normal,0
10656,21.52,50.16,298.2,0,normal,0
10658,21.55,50.01,289.5,0,normal,0
10660,21.49,50.55,291.8,0,normal,0
10662,21.59,50.58,291.3,0,normal,0
10664,21.62,50.78,291.0,0,normal,0
10666,21.6,50.95,289.8,0,normal,0
10668,21.69,51.07,292.1,0,normal,0
10670,21.62,51.12,294.1,1,normal,0
10672,21.61,51.25,296.3,0,normal,0
10674,21.67,51.66,297.2,0,normal,0
10676,21.7,51.28,302.8,0,normal,0
10678,21.71,50.92,301.1,0,normal,0
10680,21.78,50.97,298.7,0,normal,0
10682,21.73,50.23,303.0,0,normal,0
10684,21.73,50.15,298.8,0,normal,0
10686,21.66,50.43,301.7,0,normal,0
10688,21.66,50.13,300.8,0,normal,0
10690,21.58,50.31,300.7,0,normal,0
10692,21.5,50.04,303.2,0,normal,0
10694,21.52,50.35,300.3,0,normal,0
10696,21.46,50.15,304.0,0,normal,0
10698,21.56,50.14,304.6,0,normal,0
10700,21.65,50.14,306.0,0,normal,0
10702,21.71,50.02,298.9,0,normal,0
10704,21.78,50.05,298.1,0,normal,0
10706,21.82,50.04,302.0,0,normal,0
10708,21.69,50.07,300.0,0,normal,0
10710,21.62,50.29,300.7,0,normal,0
10712,21.66,50.13,300.0,0,normal,0
10714,21.59,50.09,302.3,0,normal,0
10716,21.55,50.12,302.9,0,normal,0
10718,21.58,50.05,300.9,0,normal,0
10720,21.63,50.48,296.5,0,normal,0
10722,21.52,50.3,297.0,0,normal,0
10724,21.55,50.48,297.3,0,normal,0
10726,21.65,50.45,296.9,0,normal,0
10728,21.7,50.51,299.2,0,normal,0
10730,21.83,50.38,299.5,0,normal,0
10732,21.8,50.33,303.5,0,normal,0
10734,21.9,50.7,303.1,0,normal,0
10736,22.07,50.79,301.9,0,normal,0
10738,22.11,50.57,302.2,0,normal,0
10740,22.17,50.26,303.4,0,normal,0
10742,22.22,50.25,302.5,0,normal,0
10744,22.01,50.12,303.9,0,normal,0
10746,21.94,50.23,304.6,1,normal,0
10748,22.02,49.89,305.5,0,normal,0
10750,21.91,49.98,301.1,0,normal,0
10752,21.93,49.83,294.8,0,normal,0
10754,21.97,50.14,294.8,0,normal,0
10756,22.07,50.17,300.6,0,normal,0
10758,22.04,50.38,303.5,0,normal,0
10760,22.1,50.62,300.7,0,normal,0
10762,22.08,50.41,303.2,0,normal,0
10764,22.19,50.01,303.3,0,normal,0
10766,22.12,49.99,301.2,0,normal,0
10768,22.06,49.68,303.9,0,normal,0
10770,22.08,49.7,301.5,0,normal,0
10772,22.2,49.89,298.3,0,normal,0
10774,22.2,50.18,296.7,0,normal,0
10776,22.17,50.24,301.5,0,normal,0
10778,22.1,50.09,305.3,0,normal,0
10780,22.17,50.07,301.6,0,normal,0
10782,22.1,49.94,306.0,0,normal,0
10784,22.07,50.15,308.8,0,normal,0
10786,22.04,50.13,303.0,0,normal,0
10788,22.12,50.42,301.6,0,normal,0
10790,22.04,50.6,298.0,0,normal,0
10792,21.97,50.7,294.7,0,normal,0
10794,21.99,50.54,293.6,1,normal,0
10796,21.99,50.77,292.9,0,normal,0
10798,21.88,50.67,296.1,0,normal,0
10800,21.82,50.67,297.6,0,normal,0
10802,21.79,50.8,298.5,0,normal,0
10804,21.82,50.91,299.3,0,normal,0
10806,21.77,50.73,300.0,0,normal,0
10808,21.96,51.01,300.0,0,normal,0
10810,21.99,50.68,299.9,0,normal,0
10812,22.09,50.93,302.2,0,normal,0
10814,22.11,50.96,298.4,0,normal,0
10816,22.13,50.8,296.1,0,normal,0
10818,22.18,50.6,296.6,0,normal,0
10820,22.14,50.86,297.9,0,normal,0
10822,21.99,51.06,301.0,0,normal,0
10824,22.04,51.12,296.6,0,normal,0
10826,21.98,50.67,295.3,0,normal,0
10828,22.1,50.72,295.6,0,normal,0
10830,22.03,50.25,296.6,0,normal,0
10832,22.05,50.34,295.3,0,normal,0
10834,22.06,50.06,295.3,0,normal,0
10836,22.02,50.1,300.6,0,normal,0
10838,22.0,50.42,307.9,0,normal,0
10840,22.0,50.15,311.8,0,normal,0
10842,22.02,50.09,306.4,0,normal,0
10844,22.06,49.94,303.4,0,normal,0
10846,22.07,49.81,304.4,0,normal,0
10848,22.08,49.55,304.7,0,normal,0
10850,21.91,49.92,309.6,0,normal,0
10852,22.04,50.11,310.6,0,normal,0
10854,22.11,50.29,307.4,0,normal,0
10856,22.01,50.11,304.7,0,normal,0
10858,21.96,50.04,303.8,0,normal,0
10860,21.82,50.36,303.5,0,normal,0
10862,21.62,50.47,302.5,0,normal,0
10864,21.64,50.32,302.5,0,normal,0
10866,21.83,50.62,297.3,0,normal,0
10868,21.88,50.7,299.2,1,normal,0
10870,21.93,50.78,297.3,0,normal,0
10872,21.96,50.93,297.9,0,normal,0
10874,22.04,50.88,299.1,1,normal,0
10876,22.05,50.73,297.1,0,normal,0
10878,22.01,50.71,302.1,0,normal,0
10880,21.98,50.38,297.0,0,normal,0
10882,22.06,50.11,305.5,0,normal,0
10884,22.05,49.85,299.5,0,normal,0
10886,21.92,49.86,298.4,0,normal,0
10888,22.0,49.7,296.9,0,normal,0
10890,22.04,49.6,296.2,0,normal,0
10892,22.18,49.62,298.2,0,normal,0
10894,22.19,49.68,298.4,0,normal,0
10896,22.21,49.72,297.5,0,normal,0
10898,22.21,49.84,293.3,0,normal,0
10900,22.15,49.84,298.7,0,normal,0
10902,22.19,49.99,295.4,0,normal,0
10904,22.16,49.93,297.4,0,normal,0
10906,22.09,50.13,300.0,0,normal,0
10908,22.11,50.27,296.5,0,normal,0
10910,22.14,50.23,295.3,0,normal,0
10912,22.19,50.21,296.6,0,normal,0
10914,22.26,50.12,294.6,0,normal,0
10916,22.44,49.98,300.3,0,normal,0
10918,22.41,49.87,300.5,0,normal,0
10920,22.51,49.69,302.1,0,normal,0
10922,22.5,49.43,300.6,0,normal,0
10924,22.49,49.38,302.3,0,normal,0
10926,22.55,49.55,300.8,0,normal,0
10928,22.46,49.46,301.4,0,normal,0
10930,22.45,49.16,298.0,0,normal,0
10932,22.49,48.9,298.4,0,normal,0
10934,22.37,48.87,300.4,0,normal,0
10936,22.3,48.91,295.3,0,normal,0
10938,22.27,49.13,296.2,0,normal,0
10940,22.28,49.33,305.6,0,normal,0
10942,22.36,49.42,302.9,0,normal,0
10944,22.26,49.4,308.8,0,normal,0
10946,22.39,49.07,302.1,0,normal,0
10948,22.45,49.2,303.0,0,normal,0
10950,22.49,49.03,305.7,0,normal,0
10952,22.33,49.2,307.0,0,normal,0
10954,22.37,49.23,308.1,0,normal,0
10956,22.31,49.42,305.0,0,normal,0
10958,22.38,49.77,306.3,0,normal,0
10960,22.38,49.75,302.5,0,normal,0
10962,22.35,49.86,302.2,0,normal,0
10964,22.29,50.06,297.4,0,normal,0
10966,22.29,50.04,295.6,0,normal,0
10968,22.36,50.43,302.5,0,normal,0
10970,22.24,50.1,302.4,0,normal,0
10972,22.21,50.05,303.9,0,normal,0
10974,22.21,49.69,301.0,0,normal,0
10976,22.22,50.13,302.8,0,normal,0
10978,22.21,50.32,302.9,0,normal,0
10980,22.26,50.54,299.8,0,normal,0
10982,22.29,50.54,299.5,0,normal,0
10984,22.14,50.48,293.5,0,normal,0
10986,22.26,50.33,295.2,0,normal,0
10988,22.17,49.89,294.7,0,normal,0
10990,22.3,49.98,294.1,0,normal,0
10992,22.38,50.14,296.3,0,normal,0
10994,22.26,49.97,292.0,0,normal,0
10996,22.29,49.77,294.2,0,normal,0
10998,22.43,50.15,296.5,0,normal,0
11000,22.55,49.95,297.4,0,normal,0
11002,22.57,50.17,299.7,0,normal,0
11004,22.5,49.99,298.7,0,normal,0
11006,22.61,50.03,300.8,0,normal,0
11008,22.48,49.69,299.5,0,normal,0
11010,22.37,50.12,299.0,0,normal,0
11012,22.45,50.15,303.6,0,normal,0
11014,22.37,50.08,299.5,0,normal,0
11016,22.44,50.21,306.6,0,normal,0
11018,22.37,49.97,309.7,0,normal,0
11020,22.34,50.05,312.2,0,normal,0
11022,22.46,50.07,308.2,0,normal,0
11024,22.47,49.69,305.5,0,normal,0
11026,22.53,49.85,306.4,0,normal,0
11028,22.53,49.89,301.9,0,normal,0
11030,22.5,49.87,300.4,0,normal,0
11032,22.46,49.7,300.0,0,normal,0
11034,22.4,49.81,306.5,0,normal,0
11036,22.46,49.83,304.4,0,normal,0
11038,22.51,49.52,305.5,0,normal,0
11040,22.66,49.22,307.6,0,normal,0
11042,22.68,49.23,307.3,0,normal,0
11044,22.66,49.2,300.6,0,normal,0
11046,22.7,49.02,297.2,0,normal,0
11048,22.81,49.05,298.2,0,normal,0
11050,22.68,48.68,300.9,0,normal,0
11052,22.82,48.84,297.0,0,normal,0
11054,22.74,48.63,294.7,0,normal,0
11056,22.67,48.42,296.6,0,normal,0
11058,22.88,48.56,297.5,0,normal,0
11060,22.95,49.05,303.9,0,normal,0
11062,22.88,49.4,303.8,0,normal,0
11064,22.93,49.42,303.3,0,normal,0
11066,23.02,49.34,301.3,0,normal,0
11068,23.04,49.18,301.4,0,normal,0
11070,23.1,49.44,297.3,0,normal,0
11072,23.09,49.52,300.7,0,normal,0
11074,23.1,49.59,298.3,0,normal,0
11076,22.97,49.71,302.5,0,normal,0
11078,22.86,49.95,297.0,0,normal,0
11080,22.87,49.88,298.2,0,normal,0
11082,22.75,49.79,295.5,0,normal,0
11084,22.8,49.7,299.6,0,normal,0
11086,22.79,49.84,302.2,0,normal,0
11088,22.88,49.79,302.4,0,normal,0
11090,22.94,50.18,305.0,0,normal,0
11092,22.89,49.97,302.1,0,normal,0
11094,22.67,49.57,297.6,0,normal,0
11096,22.56,49.38,298.7,0,normal,0
11098,22.58,49.74,299.8,0,normal,0
11100,22.77,49.89,299.0,0,normal,0
11102,22.77,49.85,300.1,0,normal,0
11104,22.82,49.43,301.9,0,normal,0
11106,22.82,49.28,300.4,0,normal,0
11108,22.6,49.15,304.3,0,normal,0
11110,22.67,49.31,298.4,0,normal,0
11112,22.67,49.11,299.6,0,normal,0
11114,22.56,48.91,305.7,0,normal,0
11116,22.65,48.66,301.2,0,normal,0
11118,22.66,48.51,298.7,0,normal,0
11120,22.91,48.72,295.4,0,normal,0
11122,22.73,48.87,294.9,0,normal,0
11124,22.68,49.01,295.5,0,normal,0
11126,22.7,49.06,297.8,0,normal,0
11128,22.68,49.0,293.7,0,normal,0
11130,22.75,49.07,295.0,0,normal,0
11132,22.83,48.96,297.0,0,normal,0
11134,22.88,48.76,296.0,0,normal,0
11136,22.88,48.8,304.1,0,normal,0
11138,22.82,48.91,302.4,0,normal,0
11140,22.84,48.81,304.3,0,normal,0
11142,22.92,49.07,305.6,0,normal,0
11144,22.93,49.31,307.7,0,normal,0
11146,22.75,49.23,310.9,0,normal,0
11148,22.9,49.1,311.4,0,normal,0
11150,22.86,49.03,303.2,0,normal,0
11152,22.94,48.98,308.2,0,normal,0
11154,22.9,48.85,304.2,0,normal,0
11156,22.98,48.97,301.1,0,normal,0
11158,22.95,48.95,302.8,0,normal,0
11160,23.07,49.18,309.3,0,normal,0
11162,23.16,49.19,309.2,0,normal,0
11164,23.08,48.96,306.3,0,normal,0
11166,22.84,48.68,302.6,0,normal,0
11168,22.87,48.62,303.5,0,normal,0
11170,22.8,48.6,302.5,0,normal,0
11172,22.89,48.63,301.8,0,normal,0
11174,22.93,48.87,302.9,0,normal,0
11176,22.9,49.05,305.1,0,normal,0
11178,22.83,49.29,305.9,0,normal,0
11180,22.78,49.41,303.7,0,normal,0
11182,22.91,49.05,300.2,0,normal,0
11184,23.0,49.41,305.3,0,normal,0
11186,22.98,49.27,303.9,0,normal,0
11188,23.0,49.49,303.8,0,normal,0
11190,23.08,49.45,299.0,0,normal,0
11192,23.05,49.11,296.4,0,normal,0
11194,22.9,49.11,305.3,0,normal,0
11196,23.04,48.68,305.7,0,normal,0
11198,23.01,48.45,308.5,0,normal,0
11200,22.96,48.46,307.7,0,normal,0
11202,22.97,48.25,307.8,0,normal,0
11204,22.9,48.23,305.4,0,normal,0
11206,22.82,48.51,300.8,0,normal,0
11208,22.86,48.52,303.8,0,normal,0
11210,22.82,48.45,302.5,0,normal,0
11212,22.88,48.46,308.1,0,normal,0
11214,22.92,48.68,312.7,0,normal,0
11216,23.09,48.44,305.1,0,normal,0
11218,23.07,48.86,305.5,0,normal,0
11220,23.07,49.07,302.5,0,normal,0
11222,23.03,49.0,300.0,0,normal,0
11224,23.13,49.05,302.3,0,normal,0
11226,23.16,48.92,304.4,0,normal,0
11228,23.18,49.01,299.8,0,normal,0
11230,23.32,48.92,299.9,0,normal,0
11232,23.32,48.88,302.6,0,normal,0
11234,23.32,48.9,302.0,0,normal,0
11236,23.19,48.74,301.9,0,normal,0
11238,23.04,48.57,304.5,0,normal,0
11240,23.0,48.88,307.8,0,normal,0
11242,23.02,48.7,307.9,0,normal,0
11244,22.94,48.5,305.5,0,normal,0
11246,22.88,48.7,303.5,0,normal,0
11248,22.96,48.55,301.5,0,normal,0
11250,22.93,48.33,300.2,0,normal,0
11252,22.9,47.96,298.1,0,normal,0
11254,22.9,47.95,299.2,0,normal,0
11256,22.83,47.82,300.4,0,normal,0
11258,22.93,47.94,301.1,0,normal,0
11260,23.06,48.34,293.8,0,normal,0
11262,23.16,48.4,292.4,0,normal,0
11264,23.28,48.68,301.2,0,normal,0
11266,23.1,48.93,303.0,0,normal,0
11268,23.18,48.98,303.3,0,normal,0
11270,23.17,48.99,301.9,0,normal,0
11272,23.28,49.22,300.8,0,normal,0
11274,23.21,48.92,303.3,0,normal,0
11276,23.27,48.85,305.3,0,normal,0
11278,23.41,49.01,304.1,0,normal,0
11280,23.43,49.29,306.0,0,normal,0
11282,23.42,49.38,310.9,0,normal,0
11284,23.38,49.56,310.9,0,normal,0
11286,23.4,49.3,311.0,0,normal,0
11288,23.37,49.13,309.7,0,normal,0
11290,23.26,49.36,308.1,0,normal,0
11292,23.3,48.93,308.2,0,normal,0
11294,23.43,48.98,300.6,0,normal,0
11296,23.44,49.4,303.2,0,normal,0
11298,23.51,49.21,309.3,0,normal,0
11300,23.58,49.06,308.2,0,normal,0
11302,23.55,48.99,306.9,0,normal,0
11304,23.51,48.94,306.8,0,normal,0
11306,23.42,48.99,306.5,1,normal,0
11308,23.42,49.06,304.8,0,normal,0
11310,23.44,49.08,302.2,0,normal,0
11312,23.35,49.09,305.0,0,normal,0
11314,23.32,48.76,305.8,0,normal,0
11316,23.4,48.48,306.3,0,normal,0
11318,23.33,48.72,304.7,0,normal,0
11320,23.38,48.83,302.1,0,normal,0
11322,23.4,48.67,297.5,0,normal,0
11324,23.37,48.63,299.0,0,normal,0
11326,23.43,48.68,298.7,0,normal,0
11328,23.46,48.97,296.4,0,normal,0
11330,23.44,49.02,300.6,0,normal,0
11332,23.43,49.14,307.4,0,normal,0
11334,23.45,49.13,306.5,0,normal,0
11336,23.48,48.97,306.5,0,normal,0
11338,23.49,49.37,311.9,0,normal,0
11340,23.53,49.24,313.4,0,normal,0
11342,23.47,49.55,311.6,0,normal,0
11344,23.57,49.43,306.7,0,normal,0
11346,23.54,49.18,305.8,0,normal,0
11348,23.5,49.16,311.2,0,normal,0
11350,23.59,49.12,310.9,0,normal,0
11352,23.64,48.97,310.3,0,normal,0
11354,23.46,48.86,305.4,0,normal,0
11356,23.45,48.88,307.2,0,normal,0
11358,23.5,48.83,304.4,0,normal,0
11360,23.52,48.86,304.6,0,normal,0
11362,23.37,48.77,305.7,0,normal,0
11364,23.31,48.77,308.5,0,normal,0
11366,23.25,48.77,304.7,0,normal,0
11368,23.31,48.91,306.0,0,normal,0
11370,23.38,48.83,305.3,0,normal,0
11372,23.41,48.71,307.5,0,normal,0
11374,23.4,48.83,308.2,0,normal,0
11376,23.33,48.83,307.3,0,normal,0
11378,23.42,49.0,307.6,0,normal,0
11380,23.24,48.58,308.7,0,normal,0
11382,23.29,48.76,303.3,0,normal,0
11384,23.35,48.77,307.5,0,normal,0
11386,23.38,48.78,312.1,0,normal,0
11388,23.38,49.09,309.9,0,normal,0
11390,23.39,49.25,306.2,0,normal,0
11392,23.44,49.32,307.7,0,normal,0
11394,23.38,49.38,308.8,0,normal,0
11396,23.44,49.5,306.9,0,normal,0
11398,23.43,49.72,305.6,0,normal,0
11400,23.44,49.55,306.0,0,normal,0
11402,23.22,49.46,299.1,0,normal,0
11404,23.13,49.43,298.7,0,normal,0
11406,23.14,49.02,304.0,0,normal,0
11408,23.11,48.74,306.2,0,normal,0
11410,23.21,48.73,305.8,0,normal,0
11412,23.11,48.64,304.5,0,normal,0
11414,23.23,48.69,300.4,0,normal,0
11416,23.31,48.47,305.9,0,normal,0
11418,23.34,48.44,298.9,0,normal,0
11420,23.31,48.44,303.0,0,normal,0
11422,23.22,48.56,305.7,0,normal,0
11424,23.14,48.55,305.3,0,normal,0
11426,23.11,48.5,306.6,0,normal,0
11428,23.14,48.65,308.2,0,normal,0
11430,23.22,48.42,308.9,0,normal,0
11432,23.29,48.02,309.5,0,normal,0
11434,23.39,47.86,309.9,0,normal,0
11436,23.48,47.76,306.8,0,normal,0
11438,23.41,47.95,306.8,0,normal,0
11440,23.37,47.59,302.3,0,normal,0
11442,23.46,47.06,305.1,0,normal,0
11444,23.39,47.07,300.5,0,normal,0
11446,23.48,47.23,300.5,0,normal,0
11448,23.48,47.64,299.1,0,normal,0
11450,23.36,47.72,305.2,0,normal,0
11452,23.4,47.74,302.3,0,normal,0
11454,23.42,47.83,300.4,0,normal,0
11456,23.36,47.89,295.2,0,normal,0
11458,23.18,47.68,299.9,0,normal,0
11460,23.23,48.26,300.5,0,normal,0
11462,23.28,48.51,295.9,0,normal,0
11464,23.37,48.7,300.1,0,normal,0
11466,23.41,48.51,302.9,0,normal,0
11468,23.35,48.57,301.0,0,normal,0
11470,23.23,48.61,301.0,0,normal,0
11472,23.24,49.2,302.6,0,normal,0
11474,23.34,49.0,304.8,0,normal,0
11476,23.34,48.79,304.9,0,normal,0
11478,23.26,48.65,302.4,0,normal,0
11480,23.14,49.05,304.4,0,normal,0
11482,22.97,49.32,298.6,0,normal,0
11484,23.03,49.4,305.0,0,normal,0
11486,23.11,49.35,306.6,0,normal,0
11488,22.97,49.22,312.8,0,normal,0
11490,22.97,48.89,307.0,0,normal,0
11492,23.14,48.72,311.5,0,normal,0
11494,23.0,48.88,312.4,0,normal,0
11496,23.16,48.81,313.1,0,normal,0
11498,23.29,48.74,311.8,0,normal,0
11500,23.38,48.81,306.8,0,normal,0
11502,23.43,48.54,303.0,0,normal,0
11504,23.47,48.66,294.7,0,normal,0
11506,23.52,48.99,297.2,0,normal,0
11508,23.65,49.08,296.1,1,normal,0
11510,23.55,49.12,301.2,0,normal,0
11512,23.4,48.86,300.0,0,normal,0
11514,23.25,48.84,295.7,0,normal,0
11516,23.29,48.97,299.5,0,normal,0
11518,23.4,48.97,299.0,0,normal,0
11520,23.35,48.86,298.4,0,normal,0
11522,23.4,49.07,295.6,0,normal,0
11524,23.43,49.35,297.6,0,normal,0
11526,23.53,49.14,297.9,0,normal,0
11528,23.58,48.98,302.9,0,normal,0
11530,23.61,48.83,302.0,0,normal,0
11532,23.55,48.58,301.7,0,normal,0
11534,23.51,48.47,306.5,0,normal,0
11536,23.58,48.71,305.7,0,normal,0
11538,23.59,48.85,307.7,0,normal,0
11540,23.69,48.76,309.9,0,normal,0
11542,23.62,48.59,307.3,0,normal,0
11544,23.68,48.71,311.9,0,normal,0
11546,23.65,48.43,310.3,0,normal,0
11548,23.67,48.36,311.4,0,normal,0
11550,23.52,48.58,310.1,0,normal,0
11552,23.57,48.34,310.8,0,normal,0
11554,23.5,48.52,309.1,1,normal,0
11556,23.59,48.45,313.6,0,normal,0
11558,23.65,48.1,312.4,0,normal,0
11560,23.59,48.33,307.2,0,normal,0
11562,23.7,48.43,309.4,0,normal,0
11564,23.8,48.3,305.2,0,normal,0
11566,23.92,48.26,309.4,0,normal,0
11568,23.98,48.11,309.2,0,normal,0
11570,23.9,48.42,308.8,0,normal,0
11572,23.98,48.39,311.6,1,normal,0
11574,23.84,48.38,308.8,0,normal,0
11576,23.78,48.26,311.1,0,normal,0
11578,23.79,48.48,302.4,0,normal,0
11580,23.63,48.51,303.2,1,normal,0
11582,23.72,48.42,305.0,0,normal,0
11584,23.76,48.38,305.5,0,normal,0
11586,23.72,48.57,308.6,0,normal,0
11588,23.54,48.73,311.8,0,normal,0
11590,23.49,48.87,310.1,0,normal,0
11592,23.56,49.05,309.8,0,normal,0
11594,23.61,48.96,305.5,0,normal,0
11596,23.53,49.22,306.9,0,normal,0
11598,23.43,49.27,305.1,0,normal,0
11600,23.44,49.1,303.5,0,normal,0
11602,23.36,49.13,307.4,0,normal,0
11604,23.25,48.53,311.2,0,normal,0
11606,23.4,48.63,301.7,0,normal,0
11608,23.41,48.48,302.7,0,normal,0
11610,23.46,48.8,306.3,0,normal,0
11612,23.45,48.81,301.9,0,normal,0
11614,23.53,48.75,305.8,0,normal,0
11616,23.61,48.96,297.7,0,normal,0
11618,23.59,49.09,303.3,0,normal,0
11620,23.56,49.14,308.5,1,normal,0
11622,23.52,49.14,303.5,0,normal,0
11624,23.6,49.31,299.5,0,normal,0
11626,23.6,49.31,301.6,0,normal,0
11628,23.5,49.11,303.4,0,normal,0
11630,23.61,49.08,302.4,0,normal,0
11632,23.61,49.1,305.3,0,normal,0
11634,23.64,48.89,300.7,0,normal,0
11636,23.75,49.08,301.7,0,normal,0
11638,23.77,49.22,305.2,0,normal,0
11640,23.81,49.04,304.6,0,normal,0
11642,23.78,48.68,305.2,0,normal,0
11644,23.81,48.64,306.2,0,normal,0
11646,23.85,48.62,303.2,0,normal,0
11648,23.86,48.48,303.8,0,normal,0
11650,23.82,48.62,301.6,0,normal,0
11652,23.78,48.59,298.4,0,normal,0
11654,23.74,48.79,299.3,0,normal,0
11656,23.74,48.49,300.3,0,normal,0
11658,23.68,48.46,310.7,0,normal,0
11660,23.71,48.8,311.9,0,normal,0
11662,23.66,48.49,311.2,0,normal,0
11664,23.73,48.74,309.0,0,normal,0
11666,23.72,48.67,306.2,0,normal,0
11668,23.65,49.05,301.0,0,normal,0
11670,23.68,48.75,305.0,0,normal,0
11672,23.58,48.91,304.5,0,normal,0
11674,23.81,48.99,305.6,0,normal,0
11676,23.73,48.46,305.6,0,normal,0
11678,23.7,48.26,301.6,0,normal,0
11680,23.8,48.24,305.6,0,normal,0
11682,23.73,48.42,309.0,0,normal,0
11684,23.64,48.24,307.1,0,normal,0
11686,23.55,48.49,309.1,0,normal,0
11688,23.64,48.7,305.3,0,normal,0
11690,23.54,48.3,303.8,0,normal,0
11692,23.68,48.32,301.7,0,normal,0
11694,23.71,48.89,305.7,0,normal,0
11696,23.69,48.95,306.7,0,normal,0
11698,23.76,48.98,305.2,0,normal,0
11700,23.74,49.16,309.2,0,normal,0
11702,23.7,49.16,310.8,0,normal,0
11704,23.58,48.99,311.7,0,normal,0
11706,23.47,49.09,312.4,0,normal,0
11708,23.49,49.23,315.6,0,normal,0
11710,23.34,49.37,311.3,0,normal,0
11712,23.23,49.04,308.1,0,normal,0
11714,23.14,48.89,308.1,0,normal,0
11716,23.17,48.84,304.1,0,normal,0
11718,23.1,48.84,300.4,0,normal,0
11720,23.12,48.86,300.1,0,normal,0
11722,23.36,48.43,301.1,0,normal,0
11724,23.38,48.59,305.2,0,normal,0
11726,23.53,48.22,303.3,0,normal,0
11728,23.54,48.58,303.5,0,normal,0
11730,23.44,48.71,308.2,0,normal,0
11732,23.4,48.51,309.2,0,normal,0
11734,23.36,48.38,306.2,0,normal,0
11736,23.41,48.19,306.8,0,normal,0
11738,23.47,48.36,306.4,0,normal,0
11740,23.48,48.15,300.8,1,normal,0
11742,23.45,48.16,303.6,0,normal,0
11744,23.39,48.14,304.9,0,normal,0
11746,23.36,48.35,305.0,0,normal,0
11748,23.3,48.01,310.1,0,normal,0
11750,23.25,48.0,305.8,0,normal,0
11752,23.47,48.08,307.5,0,normal,0
11754,23.54,48.2,304.1,0,normal,0
11756,23.45,48.38,302.4,0,normal,0
11758,23.45,48.37,306.7,0,normal,0
11760,23.47,47.97,308.6,0,normal,0
11762,23.47,48.34,305.5,0,normal,0
11764,23.41,48.39,307.2,0,normal,0
11766,23.44,48.52,304.7,0,normal,0
11768,23.45,48.37,306.7,0,normal,0
11770,23.49,48.43,308.8,0,normal,0
11772,23.57,47.9,308.7,0,normal,0
11774,23.52,47.89,308.2,0,normal,0
11776,23.52,47.95,302.9,1,normal,0
11778,23.48,47.79,302.5,0,normal,0
11780,23.4,47.54,305.7,0,normal,0
11782,23.36,48.0,302.6,0,normal,0
11784,23.39,48.12,302.3,0,normal,0
11786,23.35,48.08,300.7,0,normal,0
11788,23.28,48.01,299.9,0,normal,0
11790,23.23,47.95,304.0,0,normal,0
11792,23.27,47.98,308.3,0,normal,0
11794,23.39,48.08,305.8,0,normal,0
11796,23.5,48.0,302.3,0,normal,0
11798,23.37,48.11,305.2,0,normal,0
11800,23.35,47.82,302.4,0,normal,0
11802,23.4,48.05,296.7,0,normal,0
11804,23.37,47.73,299.2,0,normal,0
11806,23.37,47.79,304.5,0,normal,0
11808,23.3,47.96,306.4,0,normal,0
11810,23.33,47.91,305.9,0,normal,0
11812,23.32,47.85,306.2,0,normal,0
11814,23.27,48.01,306.6,0,normal,0
11816,23.32,48.12,304.1,0,normal,0
11818,23.42,48.3,305.7,0,normal,0
11820,23.46,48.28,306.6,0,normal,0
11822,23.36,48.46,307.6,0,normal,0
11824,23.39,48.84,304.7,0,normal,0
11826,23.46,48.82,302.3,0,normal,0
11828,23.54,48.9,306.3,0,normal,0
11830,23.62,49.04,305.3,0,normal,0
11832,23.68,48.93,301.7,0,normal,0
11834,23.64,48.84,301.9,0,normal,0
11836,23.66,48.74,302.2,0,normal,0
11838,23.69,48.87,307.7,0,normal,0
11840,23.67,48.71,311.1,1,normal,0
11842,23.67,48.76,307.5,0,normal,0
11844,23.57,48.68,311.7,0,normal,0
11846,23.57,48.3,310.9,0,normal,0
11848,23.52,48.62,309.9,0,normal,0
11850,23.5,48.51,311.2,0,normal,0
11852,23.63,48.71,310.8,0,normal,0
11854,23.62,48.74,312.1,0,normal,0
11856,23.63,48.81,310.6,0,normal,0
11858,23.56,48.55,307.9,0,normal,0
11860,23.42,48.49,303.6,0,normal,0
11862,23.33,48.4,299.6,0,normal,0
11864,23.31,48.33,304.9,1,normal,0
11866,23.3,48.1,309.0,0,normal,0
11868,23.17,48.04,307.4,0,normal,0
11870,23.14,48.36,300.8,0,normal,0
11872,23.16,48.28,300.2,0,normal,0
11874,23.12,48.24,303.3,0,normal,0
11876,23.12,48.17,306.6,0,normal,0
11878,23.16,48.46,304.9,0,normal,0
11880,23.27,48.44,307.9,0,normal,0
11882,23.31,48.21,305.5,0,normal,0
11884,23.44,48.11,302.4,0,normal,0
11886,23.32,47.98,303.1,0,normal,0
11888,23.43,48.31,304.1,0,normal,0
11890,23.41,48.44,300.2,0,normal,0
11892,23.49,48.46,306.2,0,normal,0
11894,23.63,49.01,309.0,0,normal,0
11896,23.68,49.03,303.6,0,normal,0
11898,23.68,49.03,307.0,0,normal,0
11900,23.78,49.29,304.1,0,normal,0
11902,23.7,48.86,308.0,0,normal,0
11904,23.75,48.71,307.7,0,normal,0
11906,23.74,48.04,308.4,0,normal,0
11908,23.74,48.4,316.4,0,normal,0
11910,23.65,48.27,313.4,0,normal,0
11912,23.65,48.11,307.4,0,normal,0
11914,23.65,48.54,310.0,0,normal,0
11916,23.62,48.68,308.1,0,normal,0
11918,23.62,48.69,310.6,0,normal,0
11920,23.48,48.92,316.2,0,normal,0
11922,23.55,49.05,311.0,0,normal,0
11924,23.51,49.46,306.5,0,normal,0
11926,23.51,49.29,301.0,0,normal,0
11928,23.45,49.54,299.8,0,normal,0
11930,23.41,49.53,294.9,0,normal,0
11932,23.35,49.44,292.2,0,normal,0
11934,23.45,49.15,293.8,0,normal,0
11936,23.37,49.41,291.6,0,normal,0
11938,23.31,49.32,295.9,0,normal,0
11940,23.3,49.37,298.6,0,normal,0
11942,23.21,49.37,302.7,0,normal,0
11944,23.14,49.55,307.6,0,normal,0
11946,23.18,49.26,304.4,0,normal,0
11948,23.21,49.55,307.2,0,normal,0
11950,23.28,49.2,303.3,0,normal,0
11952,23.32,49.17,299.8,0,normal,0
11954,23.25,49.21,302.1,0,normal,0
11956,23.18,49.34,300.7,0,normal,0
11958,23.27,49.23,303.2,0,normal,0
11960,23.11,49.21,306.7,0,normal,0
11962,23.14,49.09,305.3,0,normal,0
11964,23.21,48.73,304.0,0,normal,0
11966,23.31,48.58,305.7,0,normal,0
11968,23.42,48.86,304.6,0,normal,0
11970,23.49,48.78,308.7,0,normal,0
11972,23.62,49.15,309.0,0,normal,0
11974,23.45,49.24,309.9,0,normal,0
11976,23.41,48.99,309.6,0,normal,0
11978,23.42,49.2,309.9,0,normal,0
11980,23.23,48.83,306.2,0,normal,0
11982,23.18,49.03,307.2,0,normal,0
11984,23.28,49.3,305.9,0,normal,0
11986,23.23,49.36,310.1,0,normal,0
11988,23.31,49.54,305.8,0,normal,0
11990,23.36,49.24,308.9,0,normal,0
11992,23.44,49.24,305.6,0,normal,0
11994,23.49,49.45,304.0,0,normal,0
11996,23.51,49.47,303.5,0,normal,0
11998,23.54,49.44,302.0,0,normal,0
12000,23.45,49.65,302.9,0,normal,0
12002,23.56,49.99,303.5,0,normal,0
12004,23.51,50.1,311.0,0,normal,0
12006,23.42,49.88,307.8,0,normal,0
12008,23.44,49.72,308.5,0,normal,0
12010,23.32,49.6,306.8,0,normal,0
12012,23.47,49.58,308.1,0,normal,0
12014,23.64,49.4,310.0,0,normal,0
12016,23.7,49.29,308.9,0,normal,0
12018,23.58,49.28,306.4,0,normal,0
12020,23.58,49.17,306.0,0,normal,0
12022,23.57,49.03,309.0,0,normal,0
12024,23.5,48.58,309.5,0,normal,0
12026,23.45,48.31,311.0,0,normal,0
12028,23.47,48.71,302.8,0,normal,0
12030,23.41,48.62,307.7,0,normal,0
12032,23.39,48.62,305.8,0,normal,0
12034,23.38,48.64,304.4,0,normal,0
12036,23.27,48.81,306.3,0,normal,0
12038,23.24,48.68,306.9,0,normal,0
12040,23.21,48.71,305.6,0,normal,0
12042,23.35,48.67,306.1,0,normal,0
12044,23.35,48.66,308.3,0,normal,0
12046,23.37,48.41,310.1,0,normal,0
12048,23.38,48.38,304.9,0,normal,0
12050,23.37,47.96,302.8,0,normal,0
12052,23.36,47.96,299.3,0,normal,0
12054,23.35,47.7,300.9,0,normal,0
12056,23.17,48.05,302.7,0,normal,0
12058,23.18,48.2,304.5,0,normal,0
12060,23.14,48.33,306.0,0,normal,0
12062,23.13,48.35,299.2,0,normal,0
12064,23.06,48.55,305.3,0,normal,0
12066,23.01,48.64,303.2,0,normal,0
12068,23.03,48.69,305.7,0,normal,0
12070,23.01,48.77,306.7,0,normal,0
12072,23.04,48.75,309.2,0,normal,0
12074,23.08,48.77,309.2,0,normal,0
12076,23.09,48.84,310.2,0,normal,0
12078,23.11,48.48,307.1,0,normal,0
12080,23.07,48.73,307.7,0,normal,0
12082,23.07,48.87,313.0,0,normal,0
12084,23.13,48.96,312.2,0,normal,0
12086,23.13,48.96,309.8,0,normal,0
12088,23.18,49.1,306.8,0,normal,0
12090,23.19,48.95,307.5,0,normal,0
12092,23.27,48.91,306.6,0,normal,0
12094,23.18,48.73,306.5,0,normal,0
12096,23.21,49.11,303.1,0,normal,0
12098,23.27,48.75,306.1,0,normal,0
12100,23.2,49.09,303.6,0,normal,0
12102,23.21,49.08,303.4,0,normal,0
12104,23.23,48.85,310.5,0,normal,0
12106,23.22,48.79,310.5,0,normal,0
12108,23.29,48.95,305.6,0,normal,0
12110,23.3,48.81,303.2,0,normal,0
12112,23.27,49.12,301.6,0,normal,0
12114,23.32,49.24,299.7,0,normal,0
12116,23.33,49.34,302.9,0,normal,0
12118,23.54,49.65,303.6,0,normal,0
12120,23.37,49.94,300.6,0,normal,0
12122,23.36,49.66,297.0,0,normal,0
12124,23.34,49.47,295.6,0,normal,0
12126,23.31,49.66,302.3,0,normal,0
12128,23.14,49.63,301.1,0,normal,0
12130,23.14,49.54,302.3,0,normal,0
12132,23.09,49.53,303.6,0,normal,0
12134,23.15,49.72,305.3,0,normal,0
12136,23.06,49.91,303.3,0,normal,0
12138,23.19,49.62,305.4,0,normal,0
12140,23.18,49.59,305.8,0,normal,0
12142,23.13,49.6,305.6,0,normal,0
12144,23.14,49.58,305.1,0,normal,0
12146,23.02,49.9,302.0,0,normal,0
12148,22.94,49.78,303.4,0,normal,0
12150,23.0,49.53,301.2,0,normal,0
12152,22.98,49.4,303.0,0,normal,0
12154,22.99,49.57,303.4,0,normal,0
12156,22.81,49.93,301.5,0,normal,0
12158,22.72,49.54,303.3,0,normal,0
12160,22.62,49.53,302.0,0,normal,0
12162,22.78,49.8,301.1,0,normal,0
12164,22.79,49.87,304.4,0,normal,0
12166,22.91,49.97,302.4,0,normal,0
12168,22.89,49.89,306.1,0,normal,0
12170,22.98,50.21,302.6,0,normal,0
12172,22.93,50.18,303.4,0,normal,0
12174,22.9,50.24,302.5,0,normal,0
12176,22.89,50.1,303.9,0,normal,0
12178,22.9,50.3,303.7,0,normal,0
12180,22.74,50.02,307.1,0,normal,0
12182,22.76,49.92,307.0,0,normal,0
12184,22.7,49.84,309.7,0,normal,0
12186,22.66,49.9,308.9,0,normal,0
12188,22.66,50.03,308.5,0,normal,0
12190,22.65,49.7,314.6,0,normal,0
12192,22.67,49.53,308.7,0,normal,0
12194,22.77,49.25,307.9,0,normal,0
12196,22.87,48.98,308.1,0,normal,0
12198,23.01,48.75,304.4,0,normal,0
12200,22.94,48.53,306.6,0,normal,0
12202,22.92,48.69,302.1,0,normal,0
12204,22.89,48.69,301.9,0,normal,0
12206,22.86,48.72,299.7,0,normal,0
12208,22.9,48.83,299.6,0,normal,0
12210,22.96,48.64,299.5,0,normal,0
12212,22.94,48.83,295.1,0,normal,0
12214,22.95,48.86,296.2,0,normal,0
12216,23.04,48.94,300.3,0,normal,0
12218,23.01,49.33,301.4,0,normal,0
12220,23.08,49.09,303.6,0,normal,0
12222,23.06,48.95,299.6,0,normal,0
12224,23.08,49.1,302.0,0,normal,0
12226,23.21,48.78,304.0,0,normal,0
12228,23.13,48.73,302.2,0,normal,0
12230,23.13,48.61,303.7,0,normal,0
12232,23.21,48.5,302.2,0,normal,0
12234,23.19,48.31,301.7,0,normal,0
12236,23.26,48.47,303.7,0,normal,0
12238,23.43,48.77,305.1,0,normal,0
12240,23.48,48.93,307.2,0,normal,0
12242,23.42,48.99,309.4,0,normal,0
12244,23.3,49.03,307.2,0,normal,0
12246,23.28,49.09,306.2,0,normal,0
12248,23.2,49.04,303.9,0,normal,0
12250,23.1,49.04,300.2,0,normal,0
12252,23.14,48.79,301.9,0,normal,0
12254,23.16,48.57,304.0,0,normal,0
12256,23.01,48.93,304.2,0,normal,0
12258,22.95,49.23,299.3,0,normal,0
12260,22.86,49.23,302.0,0,normal,0
12262,22.91,49.48,298.3,0,normal,0
12264,22.94,49.26,303.3,0,normal,0
12266,23.0,49.18,299.5,0,normal,0
12268,22.99,49.22,303.3,0,normal,0
12270,23.01,49.28,307.3,0,normal,0
12272,23.05,49.55,313.0,0,normal,0
12274,23.03,49.61,312.3,0,normal,0
12276,23.08,49.49,307.4,0,normal,0
12278,22.91,49.64,303.7,0,normal,0
12280,22.98,49.8,298.6,0,normal,0
12282,22.86,49.28,296.7,0,normal,0
12284,22.83,49.21,300.0,0,normal,0
12286,22.84,49.2,303.7,0,normal,0
12288,22.85,49.19,304.0,0,normal,0
12290,22.73,48.96,308.2,0,normal,0
12292,22.74,49.35,304.6,0,normal,0
12294,22.57,49.37,304.5,0,normal,0
12296,22.57,49.06,303.1,0,normal,0
12298,22.55,48.82,309.3,0,normal,0
12300,22.69,48.92,309.0,0,normal,0
12302,22.67,49.11,306.0,0,normal,0
12304,22.61,48.92,305.6,0,normal,0
12306,22.57,48.93,304.8,0,normal,0
12308,22.51,48.7,303.1,0,normal,0
12310,22.53,48.59,304.0,0,normal,0
12312,22.56,48.46,304.5,0,normal,0
12314,22.7,48.46,302.5,0,normal,0
12316,22.6,48.8,302.9,0,normal,0
12318,22.65,49.01,305.8,0,normal,0
12320,22.54,49.1,303.1,0,normal,0
12322,22.53,49.06,303.2,0,normal,0
12324,22.63,49.09,302.9,0,normal,0
12326,22.73,49.31,304.1,0,normal,0
12328,22.79,49.32,302.1,0,normal,0
12330,22.73,49.35,307.1,0,normal,0
12332,22.8,49.22,297.7,0,normal,0
12334,22.9,48.87,297.0,0,normal,0
12336,22.76,49.27,299.7,1,normal,0
12338,22.71,49.13,296.5,0,normal,0
12340,22.71,48.92,303.3,0,normal,0
12342,22.72,49.17,304.5,0,normal,0
12344,22.73,48.95,306.5,0,normal,0
12346,22.7,49.11,304.6,0,normal,0
12348,22.64,48.8,307.0,0,normal,0
12350,22.68,48.83,307.5,0,normal,0
12352,22.62,48.8,304.6,0,normal,0
12354,22.6,48.8,299.4,0,normal,0
12356,22.64,49.15,305.3,0,normal,0
12358,22.67,49.24,302.2,0,normal,0
12360,22.73,49.28,300.5,0,normal,0
12362,22.79,49.31,296.7,0,normal,0
12364,22.82,48.97,298.9,0,normal,0
12366,22.92,48.93,301.0,0,normal,0
12368,22.78,49.07,301.5,0,normal,0
12370,22.78,48.94,298.9,0,normal,0
12372,22.77,48.96,295.4,0,normal,0
12374,22.74,48.83,298.5,0,normal,0
12376,22.72,48.95,297.3,0,normal,0
12378,22.73,49.11,296.8,0,normal,0
12380,22.69,48.92,297.2,0,normal,0
12382,22.84,49.1,298.3,0,normal,0
12384,22.97,49.35,298.7,0,normal,0
12386,22.89,48.94,302.6,0,normal,0
12388,22.94,49.04,298.9,0,normal,0
12390,22.96,48.89,296.9,0,normal,0
12392,22.94,48.97,298.9,0,normal,0
12394,22.89,48.95,305.3,0,normal,0
12396,22.89,48.7,299.8,0,normal,0
12398,22.87,48.64,302.3,0,normal,0
12400,22.79,48.86,304.7,0,normal,0
12402,22.84,48.86,304.1,0,normal,0
12404,22.82,49.21,305.7,0,normal,0
12406,22.88,48.98,310.0,0,normal,0
12408,22.74,48.38,305.4,0,normal,0
12410,22.65,48.6,304.7,0,normal,0
12412,22.39,48.42,299.5,0,normal,0
12414,22.37,48.49,292.8,0,normal,0
12416,22.29,48.42,296.5,0,normal,0
12418,22.35,48.98,302.4,0,normal,0
12420,22.44,48.97,305.0,0,normal,0
12422,22.45,49.11,308.8,0,normal,0
12424,22.52,49.19,307.6,0,normal,0
12426,22.46,49.37,306.7,0,normal,0
12428,22.36,49.37,306.6,0,normal,0
12430,22.48,49.42,305.5,0,normal,0
12432,22.55,49.36,304.6,0,normal,0
12434,22.6,49.61,304.2,0,normal,0
12436,22.55,49.73,306.6,0,normal,0
12438,22.62,49.76,301.7,0,normal,0
12440,22.64,49.72,301.7,0,normal,0
12442,22.83,49.62,300.8,0,normal,0
12444,22.57,49.46,295.5,0,normal,0
12446,22.46,49.37,300.7,0,normal,0
12448,22.52,49.17,298.3,0,normal,0
12450,22.56,49.07,301.1,0,normal,0
12452,22.57,48.81,298.9,0,normal,0
12454,22.54,48.91,303.9,0,normal,0
12456,22.47,48.88,309.3,0,normal,0
12458,22.59,48.8,303.0,0,normal,0
12460,22.65,48.85,305.5,0,normal,0
12462,22.65,49.24,310.9,0,normal,0
12464,22.65,49.17,307.4,0,normal,0
12466,22.75,49.36,307.8,0,normal,0
12468,22.63,49.43,306.7,0,normal,0
12470,22.51,49.67,304.5,0,normal,0
12472,22.48,49.67,302.8,0,normal,0
12474,22.39,49.33,304.7,0,normal,0
12476,22.45,49.4,301.3,0,normal,0
12478,22.49,49.48,297.8,0,normal,0
12480,22.53,49.73,301.8,0,normal,0
12482,22.49,49.53,305.2,0,normal,0
12484,22.42,49.27,303.0,0,normal,0
12486,22.44,49.42,302.6,0,normal,0
12488,22.26,49.43,303.5,0,normal,0
12490,22.14,49.05,305.7,0,normal,0
12492,22.07,48.95,307.2,0,normal,0
12494,21.98,48.56,306.6,0,normal,0
12496,22.01,49.05,304.8,0,normal,0
12498,21.94,48.84,306.6,0,normal,0
12500,22.02,48.94,306.7,0,normal,0
12502,22.03,48.79,304.5,0,normal,0
12504,21.92,48.79,305.1,0,normal,0
12506,21.76,48.88,301.9,0,normal,0
12508,21.95,48.99,297.9,0,normal,0
12510,22.0,49.05,298.0,0,normal,0
12512,22.05,49.03,295.3,0,normal,0
12514,22.02,48.88,299.7,0,normal,0
12516,21.96,48.74,295.6,0,normal,0
12518,22.09,49.0,299.8,0,normal,0
12520,22.0,48.8,298.3,0,normal,0
12522,21.98,48.86,298.4,0,normal,0
12524,22.0,49.33,304.5,0,normal,0
12526,21.95,49.26,301.9,0,normal,0
12528,21.92,49.31,299.5,0,normal,0
12530,21.9,49.43,303.1,0,normal,0
12532,21.88,49.35,296.1,0,normal,0
12534,22.03,49.13,303.2,0,normal,0
12536,22.04,49.32,304.2,0,normal,0
12538,22.13,49.76,305.7,0,normal,0
12540,22.05,49.78,303.1,0,normal,0
12542,22.01,49.96,302.4,1,normal,0
12544,21.97,49.95,306.8,0,normal,0
12546,21.86,49.81,305.8,0,normal,0
12548,21.88,49.99,305.8,0,normal,0
12550,21.79,49.83,302.9,0,normal,0
12552,21.72,49.98,302.7,1,normal,0
12554,21.75,50.09,298.1,0,normal,0
12556,21.81,50.02,300.6,0,normal,0
12558,21.77,50.28,296.3,0,normal,0
12560,21.81,50.24,300.6,0,normal,0
12562,21.92,50.02,301.2,0,normal,0
12564,22.05,50.01,300.1,0,normal,0
12566,22.12,49.93,305.6,0,normal,0
12568,22.09,50.12,304.8,0,normal,0
12570,22.18,50.31,303.9,0,normal,0
12572,22.14,50.38,303.6,0,normal,0
12574,22.1,50.31,302.8,0,normal,0
12576,22.17,50.43,308.7,0,normal,0
12578,22.18,50.45,303.5,0,normal,0
12580,22.21,50.36,308.1,0,normal,0
12582,22.12,50.34,303.7,0,normal,0
12584,22.08,50.21,300.4,0,normal,0
12586,22.1,49.98,298.5,0,normal,0
12588,22.13,49.99,295.8,0,normal,0
12590,22.16,49.63,293.7,0,normal,0
12592,22.0,49.83,295.6,0,normal,0
12594,22.17,49.79,296.4,0,normal,0
12596,22.22,49.67,300.3,0,normal,0
12598,22.13,49.51,301.7,0,normal,0
12600,22.2,49.65,302.5,0,normal,0
12602,22.17,49.53,300.5,0,normal,0
12604,22.12,49.5,295.5,0,normal,0
12606,22.23,49.54,294.2,1,normal,0
12608,22.11,49.52,291.8,0,normal,0
12610,22.02,49.67,295.4,0,normal,0
12612,21.94,49.62,299.4,0,normal,0
12614,21.89,49.7,299.9,0,normal,0
12616,22.15,49.66,297.9,0,normal,0
12618,22.09,49.62,300.5,0,normal,0
12620,22.0,49.91,294.0,0,normal,0
12622,22.0,50.15,293.0,0,normal,0
12624,22.05,50.26,295.7,0,normal,0
12626,22.14,50.29,299.3,0,normal,0
12628,22.05,49.98,300.9,0,normal,0
12630,22.19,49.82,304.5,0,normal,0
12632,22.17,49.77,300.5,0,normal,0
12634,22.07,49.67,299.1,0,normal,0
12636,21.99,50.0,298.0,0,normal,0
12638,22.02,49.8,296.0,0,normal,0
12640,22.01,49.57,293.3,0,normal,0
12642,21.96,49.56,293.9,0,normal,0
12644,21.96,49.57,297.0,0,normal,0
12646,22.14,49.46,299.5,0,normal,0
12648,22.23,49.8,302.7,0,normal,0
12650,22.15,49.99,304.5,0,normal,0
12652,22.06,50.05,302.2,0,normal,0
12654,22.12,49.91,301.0,0,normal,0
12656,22.01,50.25,299.7,0,normal,0
12658,21.84,49.77,301.3,0,normal,0
12660,21.76,49.82,301.4,0,normal,0
12662,21.66,49.65,301.3,0,normal,0
12664,21.56,49.32,296.5,0,normal,0
12666,21.56,49.51,298.2,0,normal,0
12668,21.52,49.7,299.0,0,normal,0
12670,21.52,49.86,300.6,0,normal,0
12672,21.57,50.13,296.5,0,normal,0
12674,21.55,49.78,299.8,0,normal,0
12676,21.45,49.95,299.1,0,normal,0
12678,21.4,50.15,298.7,0,normal,0
12680,21.51,50.25,302.3,0,normal,0
12682,21.44,49.87,302.3,0,normal,0
12684,21.38,49.94,303.8,0,normal,0
12686,21.45,49.95,305.4,0,normal,0
12688,21.4,49.97,300.0,0,normal,0
12690,21.36,49.93,304.0,0,normal,0
12692,21.41,49.78,300.6,0,normal,0
12694,21.43,49.58,301.3,0,normal,0
12696,21.41,49.61,307.4,0,normal,0
12698,21.41,49.39,307.0,0,normal,0
12700,21.52,48.95,303.9,0,normal,0
12702,21.56,48.6,303.8,0,normal,0
12704,21.52,48.85,301.7,1,normal,0
12706,21.5,48.83,301.4,0,normal,0
12708,21.65,49.41,295.8,0,normal,0
12710,21.63,49.38,300.3,0,normal,0
12712,21.66,49.61,296.9,0,normal,0
12714,21.69,50.04,299.4,1,normal,0
12716,21.64,50.25,303.5,0,normal,0
12718,21.66,50.34,302.1,0,normal,0
12720,21.58,50.76,301.2,0,normal,0
12722,21.57,50.86,295.6,0,normal,0
12724,21.67,50.63,291.0,0,normal,0
12726,21.65,51.01,291.2,1,normal,0
12728,21.77,50.81,297.0,0,normal,0
12730,21.77,50.84,297.9,0,normal,0
12732,21.8,50.59,302.7,0,normal,0
12734,21.79,50.58,303.9,0,normal,0
12736,21.71,50.23,305.5,0,normal,0
12738,21.78,50.13,304.2,0,normal,0
12740,21.88,50.09,303.7,0,normal,0
12742,21.88,50.03,299.1,0,normal,0
12744,21.85,50.11,300.2,0,normal,0
12746,21.8,49.93,296.4,0,normal,0
12748,21.82,50.09,294.9,0,normal,0
12750,21.89,50.02,294.0,0,normal,0
12752,21.93,50.24,294.7,0,normal,0
12754,21.91,50.17,298.5,0,normal,0
12756,21.88,50.47,300.9,0,normal,0
12758,21.86,50.75,307.0,0,normal,0
12760,21.82,50.61,303.9,0,normal,0
12762,21.71,50.7,302.2,0,normal,0
12764,21.85,50.48,308.3,0,normal,0
12766,21.76,50.04,309.7,0,normal,0
12768,21.66,49.77,306.2,0,normal,0
12770,21.76,49.59,305.6,0,normal,0
12772,21.78,49.85,305.4,0,normal,0
12774,21.8,49.97,304.3,0,normal,0
12776,21.73,50.04,299.1,0,normal,0
12778,21.7,50.21,299.1,0,normal,0
12780,21.75,50.32,296.3,0,normal,0
12782,21.94,50.35,295.6,0,normal,0
12784,21.94,50.42,292.6,0,normal,0
12786,21.91,50.35,294.5,0,normal,0
12788,21.92,50.46,296.4,0,normal,0
12790,21.88,50.36,295.5,0,normal,0
12792,21.78,50.57,298.6,0,normal,0
12794,21.6,50.58,296.2,0,normal,0
12796,21.63,50.39,293.0,0,normal,0
12798,21.5,50.35,298.7,0,normal,0
12800,21.59,50.51,296.4,0,normal,0
12802,21.53,50.6,294.5,0,normal,0
12804,21.48,50.75,295.5,0,normal,0
12806,21.38,50.77,293.7,0,normal,0
12808,21.3,50.74,292.1,0,normal,0
12810,21.26,50.82,294.2,0,normal,0
12812,21.3,50.68,295.1,0,normal,0
12814,21.27,50.94,298.4,0,normal,0
12816,21.26,50.91,299.5,0,normal,0
12818,21.23,50.72,301.6,0,normal,0
12820,21.28,50.59,299.8,0,normal,0
12822,21.32,50.66,297.9,0,normal,0
12824,21.36,50.56,301.5,0,normal,0
12826,21.28,50.81,297.7,0,normal,0
12828,21.22,50.65,289.9,0,normal,0
12830,21.13,50.71,289.2,0,normal,0
12832,21.2,50.5,291.9,0,normal,0
12834,21.0,50.78,295.9,0,normal,0
12836,21.15,51.0,301.4,0,normal,0
12838,21.15,50.91,298.3,0,normal,0
12840,21.11,50.73,295.3,0,normal,0
12842,21.14,50.83,293.1,0,normal,0
12844,21.14,50.65,290.4,0,normal,0
12846,21.12,50.98,296.1,0,normal,0
12848,21.17,51.09,295.2,0,normal,0
12850,21.23,51.09,290.5,0,normal,0
12852,21.19,51.09,290.2,0,normal,0
12854,21.32,50.98,292.6,0,normal,0
12856,21.21,50.68,293.0,0,normal,0
12858,21.29,50.65,293.1,0,normal,0
12860,21.3,50.59,293.0,0,normal,0
12862,21.22,50.4,298.6,0,normal,0
12864,21.29,50.08,299.5,0,normal,0
12866,21.39,50.19,300.2,0,normal,0
12868,21.25,50.16,302.0,0,normal,0
12870,21.29,49.85,300.9,0,normal,0
12872,21.28,49.75,299.1,0,normal,0
12874,21.29,49.65,303.5,0,normal,0
12876,21.15,50.07,298.2,0,normal,0
12878,21.21,50.24,300.5,0,normal,0
12880,21.3,50.16,302.3,0,normal,0
12882,21.32,49.85,301.1,0,normal,0
12884,21.25,50.13,299.0,0,normal,0
12886,21.22,50.21,298.9,0,normal,0
12888,21.24,50.26,294.7,0,normal,0
12890,21.22,50.4,295.5,0,normal,0
12892,21.11,50.26,297.3,0,normal,0
12894,21.02,50.15,300.4,0,normal,0
12896,20.92,49.85,294.5,0,normal,0
12898,20.95,50.04,286.7,0,normal,0
12900,21.12,50.41,289.1,0,normal,0
12902,21.23,50.53,295.6,0,normal,0
12904,21.2,50.55,296.1,0,normal,0
12906,21.18,50.7,296.0,0,normal,0
12908,21.25,50.75,290.9,0,normal,0
12910,21.3,51.07,294.5,0,normal,0
12912,21.38,51.11,293.5,0,normal,0
12914,21.39,51.22,290.0,0,normal,0
12916,21.34,51.0,296.9,0,normal,0
12918,21.36,51.04,299.5,0,normal,0
12920,21.48,51.0,300.0,0,normal,0
12922,21.47,50.92,296.0,0,normal,0
12924,21.6,50.85,298.0,0,normal,0
12926,21.48,50.89,299.0,0,normal,0
12928,21.42,50.79,297.1,0,normal,0
12930,21.41,50.61,295.7,0,normal,0
12932,21.37,50.36,294.9,0,normal,0
12934,21.42,50.43,301.4,0,normal,0
12936,21.41,50.79,299.9,0,normal,0
12938,21.44,50.3,299.8,0,normal,0
12940,21.52,50.21,296.2,0,normal,0
12942,21.39,50.59,299.0,0,normal,0
12944,21.33,50.7,301.5,0,normal,0
12946,21.47,50.54,303.7,0,normal,0
12948,21.4,50.5,297.7,0,normal,0
12950,21.29,50.56,300.2,0,normal,0
12952,21.2,50.55,298.9,0,normal,0
12954,21.09,50.57,299.8,0,normal,0
12956,21.08,50.66,300.3,0,normal,0
12958,21.1,50.59,297.3,0,normal,0
12960,21.12,50.64,299.1,0,normal,0
12962,21.17,50.6,298.5,0,normal,0
12964,21.15,50.28,300.5,0,normal,0
12966,21.2,50.32,301.2,0,normal,0
12968,21.28,50.49,304.4,0,normal,0
12970,21.14,50.36,299.9,0,normal,0
12972,21.05,50.58,296.9,0,normal,0
12974,21.08,50.91,300.5,0,normal,0
12976,20.98,51.08,299.0,0,normal,0
12978,21.07,51.27,294.3,0,normal,0
12980,21.02,50.94,296.7,0,normal,0
12982,20.97,51.11,299.3,0,normal,0
12984,20.98,51.18,296.5,0,normal,0
12986,21.17,51.14,295.5,0,normal,0
12988,21.06,51.19,291.7,0,normal,0
12990,21.05,51.04,292.7,0,normal,0
12992,20.99,51.09,295.8,0,normal,0
12994,21.03,50.83,293.2,0,normal,0
12996,21.01,51.06,291.4,0,normal,0
12998,21.01,51.65,295.7,1,normal,0
13000,21.04,51.67,291.9,0,normal,0
13002,21.01,51.83,292.7,0,normal,0
13004,21.01,51.64,295.3,0,normal,0
13006,21.05,51.93,295.1,0,normal,0
13008,21.03,51.67,293.7,0,normal,0
13010,21.01,51.61,293.4,0,normal,0
13012,20.93,51.7,300.4,0,normal,0
13014,20.96,51.49,297.2,0,normal,0
13016,20.97,51.46,298.3,0,normal,0
13018,20.96,51.59,296.2,0,normal,0
13020,20.9,52.21,295.4,0,normal,0
13022,20.87,52.27,292.9,0,normal,0
13024,20.8,52.35,297.0,0,normal,0
13026,20.95,52.1,300.0,0,normal,0
13028,21.0,52.36,296.3,0,normal,0
13030,21.15,51.99,296.0,0,normal,0
13032,20.99,52.21,295.3,0,normal,0
13034,20.85,52.12,295.4,0,normal,0
13036,20.88,51.76,295.9,0,normal,0
13038,20.87,51.67,295.3,0,normal,0
13040,20.83,51.66,297.0,0,normal,0
13042,20.79,51.68,295.1,0,normal,0
13044,20.78,51.67,295.9,0,normal,0
13046,20.58,51.64,298.1,0,normal,0
13048,20.81,51.66,300.2,0,normal,0
13050,20.79,51.4,301.0,0,normal,0
13052,20.78,51.42,300.4,0,normal,0
13054,20.86,51.27,298.9,1,normal,0
13056,20.85,51.06,298.5,0,normal,0
13058,20.88,50.9,296.0,0,normal,0
13060,20.94,50.61,295.8,0,normal,0
13062,20.99,50.39,296.0,0,normal,0
13064,21.02,50.43,297.1,0,normal,0
13066,21.09,50.64,299.4,0,normal,0
13068,21.16,51.04,297.2,0,normal,0
13070,21.14,50.95,289.9,0,normal,0
13072,21.16,51.13,292.8,0,normal,0
13074,21.09,51.44,291.1,0,normal,0
13076,21.14,51.52,289.8,0,normal,0
13078,21.01,51.58,294.4,1,normal,0
13080,20.89,51.62,295.8,0,normal,0
13082,20.83,51.92,296.8,0,normal,0
13084,20.87,51.98,292.8,0,normal,0
13086,20.83,51.84,288.7,0,normal,0
13088,20.81,51.76,285.4,0,normal,0
13090,20.92,51.47,288.6,0,normal,0
13092,21.04,51.7,291.8,0,normal,0
13094,21.2,51.7,294.1,0,normal,0
13096,21.26,51.75,287.0,0,normal,0
13098,21.28,51.71,287.9,1,normal,0
13100,21.28,51.78,294.1,0,normal,0
13102,21.16,51.81,292.4,0,normal,0
13104,21.14,51.99,293.5,0,normal,0
13106,21.11,51.18,296.8,0,normal,0
13108,21.17,50.97,294.6,0,normal,0
13110,21.19,51.14,291.5,0,normal,0
13112,21.08,51.44,291.3,0,normal,0
13114,21.04,51.55,291.6,0,normal,0
13116,21.07,51.14,296.8,0,normal,0
13118,21.06,51.12,298.7,0,normal,0
13120,20.99,51.53,294.9,0,normal,0
13122,21.05,51.3,296.6,0,normal,0
13124,20.88,51.39,302.1,0,normal,0
13126,20.92,51.43,296.8,0,normal,0
13128,20.84,51.04,294.8,0,normal,0
13130,20.73,51.06,299.7,0,normal,0
13132,20.71,51.08,303.5,0,normal,0
13134,20.81,50.92,294.3,0,normal,0
13136,20.68,50.82,294.2,0,normal,0
13138,20.68,51.1,295.5,0,normal,0
13140,20.69,51.09,297.8,0,normal,0
13142,20.66,51.18,299.1,0,normal,0
13144,20.64,51.68,298.5,0,normal,0
13146,20.64,51.43,292.2,0,normal,0
13148,20.67,51.37,295.9,0,normal,0
13150,20.8,51.37,298.4,0,normal,0
13152,20.57,51.28,303.2,0,normal,0
13154,20.61,51.16,303.5,0,normal,0
13156,20.7,51.24,299.2,0,normal,0
13158,20.56,51.23,300.0,0,normal,0
13160,20.63,51.31,296.5,0,normal,0
13162,20.72,51.33,296.4,0,normal,0
13164,20.69,51.72,296.3,0,normal,0
13166,20.71,51.55,300.4,0,normal,0
13168,20.66,51.59,298.3,0,normal,0
13170,20.57,51.6,302.7,0,normal,0
13172,20.54,51.49,302.4,0,normal,0
13174,20.5,50.96,299.8,0,normal,0
13176,20.6,51.18,300.4,0,normal,0
13178,20.56,51.42,301.8,0,normal,0
13180,20.63,51.55,298.4,0,normal,0
13182,20.71,51.33,297.5,0,normal,0
13184,20.8,51.6,297.2,0,normal,0
13186,20.79,51.72,301.2,0,normal,0
13188,20.82,51.8,294.7,0,normal,0
13190,20.75,51.76,297.2,0,normal,0
13192,20.66,51.7,294.2,0,normal,0
13194,20.79,51.43,292.5,0,normal,0
13196,20.87,51.78,290.4,0,normal,0
13198,20.77,52.04,294.4,0,normal,0
13200,20.69,51.96,296.8,0,normal,0
13202,20.83,52.24,291.8,0,normal,0
13204,20.84,52.11,290.9,0,normal,0
13206,20.91,51.79,289.3,0,normal,0
13208,21.01,51.76,287.5,0,normal,0
13210,20.96,51.55,290.2,0,normal,0
13212,21.01,51.36,290.8,0,normal,0
13214,20.88,51.69,292.3,0,normal,0
13216,20.86,51.28,282.0,0,normal,0
13218,20.9,51.23,285.0,0,normal,0
13220,20.99,50.97,285.9,0,normal,0
13222,20.96,51.33,291.8,0,normal,0
13224,20.97,51.07,289.3,0,normal,0
13226,20.87,50.99,292.0,0,normal,0
13228,20.92,51.09,293.4,0,normal,0
13230,20.79,51.41,291.3,0,normal,0
13232,20.75,51.32,297.0,0,normal,0
13234,20.73,51.18,299.5,0,normal,0
13236,20.65,51.24,301.5,1,normal,0
13238,20.6,51.03,293.3,0,normal,0
13240,20.58,51.11,293.3,0,normal,0
13242,20.66,51.17,298.7,0,normal,0
13244,20.71,51.4,301.0,0,normal,0
13246,20.73,51.4,295.9,0,normal,0
13248,20.75,51.4,294.6,0,normal,0
13250,20.76,51.3,295.6,0,normal,0
13252,20.68,51.33,297.2,0,normal,0
13254,20.64,51.42,297.8,0,normal,0
13256,20.62,51.29,292.5,0,normal,0
13258,20.68,50.93,298.1,0,normal,0
13260,20.7,50.99,291.8,0,normal,0
13262,20.74,51.17,293.6,0,normal,0
13264,20.63,51.13,296.7,0,normal,0
13266,20.75,51.03,295.2,0,normal,0
13268,20.69,50.95,298.2,0,normal,0
13270,20.6,50.88,296.8,0,normal,0
13272,20.6,50.61,297.7,0,normal,0
13274,20.62,50.28,297.8,0,normal,0
13276,20.61,50.25,297.4,0,normal,0
13278,20.72,50.37,293.8,0,normal,0
13280,20.66,50.14,295.1,0,normal,0
13282,20.62,50.34,295.2,0,normal,0
13284,20.51,50.46,292.8,0,normal,0
13286,20.62,50.58,290.4,0,normal,0
13288,20.59,50.54,292.2,0,normal,0
13290,20.55,50.26,291.5,0,normal,0
13292,20.41,50.49,295.4,1,normal,0
13294,20.36,50.33,294.9,0,normal,0
13296,20.34,50.64,293.5,0,normal,0
13298,20.39,50.64,290.5,0,normal,0
13300,20.48,50.81,287.6,0,normal,0
13302,20.57,50.65,288.9,0,normal,0
13304,20.51,50.92,289.5,0,normal,0
13306,20.53,51.1,289.6,0,normal,0
13308,20.66,51.29,293.4,0,normal,0
13310,20.7,51.49,291.0,0,normal,0
13312,20.75,51.63,288.5,0,normal,0
13314,20.83,51.74,288.1,0,normal,0
13316,20.85,51.83,293.8,0,normal,0
13318,20.83,51.87,297.0,0,normal,0
13320,21.01,51.72,292.2,0,normal,0
13322,20.85,51.66,288.4,0,normal,0
13324,20.84,52.11,289.3,0,normal,0
13326,20.87,51.87,288.9,0,normal,0
13328,20.85,51.88,290.0,0,normal,0
13330,20.83,52.04,287.4,0,normal,0
13332,20.77,52.09,288.7,0,normal,0
13334,20.84,52.2,290.8,0,normal,0
13336,20.68,52.22,293.7,0,normal,0
13338,20.58,52.14,282.5,0,normal,0
13340,20.47,52.33,283.0,0,normal,0
13342,20.42,52.17,288.2,0,normal,0
13344,20.4,51.79,293.4,0,normal,0
13346,20.44,51.64,292.4,0,normal,0
13348,20.53,51.22,293.9,0,normal,0
13350,20.47,51.22,290.1,0,normal,0
13352,20.49,50.97,292.3,0,normal,0
13354,20.66,51.12,293.9,0,normal,0
13356,20.71,51.55,295.8,0,normal,0
13358,20.57,51.98,296.2,0,normal,0
13360,20.63,52.13,294.3,0,normal,0
13362,20.63,51.83,299.4,0,normal,0
13364,20.63,51.99,297.2,0,normal,0
13366,20.65,51.84,298.9,0,normal,0
13368,20.71,52.06,302.4,0,normal,0
13370,20.72,51.85,302.3,0,normal,0
13372,20.79,51.85,301.4,0,normal,0
13374,20.79,51.86,304.2,0,normal,0
13376,20.84,51.71,300.7,0,normal,0
13378,20.86,51.71,295.1,0,normal,0
13380,20.76,52.1,295.6,0,normal,0
13382,20.62,52.15,292.4,0,normal,0
13384,20.77,52.4,292.9,0,normal,0
13386,20.68,52.98,291.0,0,normal,0
13388,20.58,52.84,291.1,0,normal,0
13390,20.66,52.51,291.7,0,normal,0
13392,20.74,52.21,289.7,0,normal,0
13394,20.71,52.14,285.9,0,normal,0
13396,20.8,51.81,289.3,0,normal,0
13398,20.73,51.78,288.1,0,normal,0
13400,20.68,51.51,291.2,0,normal,0
13402,20.56,51.67,292.0,0,normal,0
13404,20.72,51.91,291.5,0,normal,0
13406,20.72,51.85,293.1,0,normal,0
13408,20.76,51.8,292.3,0,normal,0
13410,20.61,51.72,295.2,0,normal,0
13412,20.64,51.73,295.8,0,normal,0
13414,20.49,51.79,293.4,0,normal,0
13416,20.45,52.07,289.4,0,normal,0
13418,20.51,52.06,291.6,0,normal,0
13420,20.63,51.96,297.3,0,normal,0
13422,20.75,51.72,294.9,0,normal,0
13424,20.73,51.53,292.0,0,normal,0
13426,20.61,51.33,291.8,0,normal,0
13428,20.64,51.23,290.6,0,normal,0
13430,20.6,51.32,292.6,0,normal,0
13432,20.65,51.04,290.5,0,normal,0
13434,20.68,50.8,291.1,0,normal,0
13436,20.81,50.59,294.5,0,normal,0
13438,20.84,50.74,294.4,0,normal,0
13440,20.8,50.74,296.8,0,normal,0
13442,20.82,50.79,295.5,0,normal,0
13444,20.77,51.13,292.0,0,normal,0
13446,20.71,50.79,293.3,0,normal,0
13448,20.65,50.81,293.2,0,normal,0
13450,20.63,50.83,295.6,0,normal,0
13452,20.57,51.07,297.8,0,normal,0
13454,20.57,51.18,295.0,0,normal,0
13456,20.46,51.09,293.8,0,normal,0
13458,20.43,50.99,295.4,0,normal,0
13460,20.49,50.83,287.3,0,normal,0
13462,20.43,51.01,289.6,0,normal,0
13464,20.37,50.78,293.3,0,normal,0
13466,20.53,50.71,294.5,0,normal,0
13468,20.49,50.78,291.2,0,normal,0
13470,20.63,50.94,294.9,0,normal,0
13472,20.62,50.95,291.2,0,normal,0
13474,20.65,50.85,297.5,0,normal,0
13476,20.71,50.85,297.3,0,normal,0
13478,20.65,50.85,301.8,0,normal,0
13480,20.57,50.88,300.8,0,normal,0
13482,20.58,50.9,300.4,0,normal,0
13484,20.57,51.22,299.0,0,normal,0
13486,20.63,51.27,299.1,0,normal,0
13488,20.58,51.37,296.1,0,normal,0
13490,20.53,51.34,298.4,0,normal,0
13492,20.55,51.83,296.2,0,normal,0
13494,20.49,51.93,294.5,0,normal,0
13496,20.42,51.63,285.6,0,normal,0
13498,20.46,51.88,287.4,0,normal,0
13500,20.43,51.52,290.1,0,normal,0
13502,20.34,51.15,288.8,0,normal,0
13504,20.43,51.32,291.4,0,normal,0
13506,20.42,51.03,295.2,0,normal,0
13508,20.25,51.03,293.3,0,normal,0
13510,20.22,51.04,295.8,0,normal,0
13512,20.33,51.22,298.0,0,normal,0
13514,20.35,51.11,294.8,0,normal,0
13516,20.32,51.39,293.9,0,normal,0
13518,20.36,51.38,290.4,0,normal,0
13520,20.32,51.36,290.6,0,normal,0
13522,20.31,51.39,297.3,0,normal,0
13524,20.36,51.6,288.8,0,normal,0
13526,20.3,51.57,290.4,0,normal,0
13528,20.47,51.45,289.6,0,normal,0
13530,20.27,51.76,290.0,0,normal,0
13532,20.17,51.42,289.5,0,normal,0
13534,20.28,51.61,279.8,0,normal,0
13536,20.33,51.75,281.4,0,normal,0
13538,20.5,51.75,291.0,0,normal,0
13540,20.55,51.46,291.2,0,normal,0
13542,20.64,51.26,295.1,0,normal,0
13544,20.69,50.89,295.0,0,normal,0
13546,20.66,51.11,290.4,0,normal,0
13548,20.5,51.1,290.6,0,normal,0
13550,20.48,51.29,292.3,0,normal,0
13552,20.52,51.43,292.1,0,normal,0
13554,20.55,51.24,291.1,0,normal,0
13556,20.47,51.33,292.3,0,normal,0
13558,20.56,51.6,290.7,0,normal,0
13560,20.52,51.53,295.4,0,normal,0
13562,20.44,51.46,296.7,0,normal,0
13564,20.46,51.59,294.6,0,normal,0
13566,20.46,51.35,301.0,0,normal,0
13568,20.38,51.22,295.5,0,normal,0
13570,20.32,51.25,294.5,0,normal,0
13572,20.36,51.27,293.6,0,normal,0
13574,20.52,51.13,292.7,0,normal,0
13576,20.32,51.06,295.0,0,normal,0
13578,20.15,50.86,290.5,0,normal,0
13580,20.14,51.14,292.1,0,normal,0
13582,20.14,51.5,295.9,0,normal,0
13584,20.25,51.59,292.9,0,normal,0
13586,20.15,51.16,294.2,0,normal,0
13588,20.21,51.3,294.5,0,normal,0
13590,20.27,51.34,292.7,0,normal,0
13592,20.37,51.25,293.3,0,normal,0
13594,20.34,50.77,292.8,0,normal,0
13596,20.3,50.93,293.9,0,normal,0
13598,20.31,51.09,294.6,0,normal,0
13600,20.29,51.14,298.3,0,normal,0
13602,20.28,51.47,297.9,0,normal,0
13604,20.27,51.09,295.5,0,normal,0
13606,20.36,51.53,293.7,0,normal,0
13608,20.36,51.65,292.6,0,normal,0
13610,20.37,51.22,298.0,0,normal,0
13612,20.44,51.05,297.5,0,normal,0
13614,20.43,51.6,296.5,0,normal,0
13616,20.46,51.71,294.4,0,normal,0
13618,20.36,51.65,290.8,0,normal,0
13620,20.39,51.58,294.0,0,normal,0
13622,20.41,51.59,292.9,0,normal,0
13624,20.38,51.7,293.9,0,normal,0
13626,20.36,51.81,293.3,0,normal,0
13628,20.32,51.9,290.6,0,normal,0
13630,20.44,51.69,291.4,0,normal,0
13632,20.45,51.6,290.8,0,normal,0
13634,20.41,51.69,288.2,0,normal,0
13636,20.38,51.95,292.1,0,normal,0
13638,20.32,52.09,296.4,0,normal,0
13640,20.37,52.06,297.4,0,normal,0
13642,20.4,51.74,295.7,0,normal,0
13644,20.36,51.49,294.9,0,normal,0
13646,20.33,51.47,296.0,0,normal,0
13648,20.38,51.23,295.6,0,normal,0
13650,20.31,50.91,296.2,0,normal,0
13652,20.45,51.2,305.0,0,normal,0
13654,20.48,51.09,307.1,0,normal,0
13656,20.45,51.34,302.9,0,normal,0
13658,20.48,51.53,297.7,0,normal,0
13660,20.35,51.81,298.4,0,normal,0
13662,20.42,51.52,302.1,0,normal,0
13664,20.39,51.07,295.8,0,normal,0
13666,20.49,50.93,295.5,0,normal,0
13668,20.57,51.01,293.3,0,normal,0
13670,20.51,50.84,299.8,0,normal,0
13672,20.64,51.07,296.2,0,normal,0
13674,20.61,50.92,297.1,0,normal,0
13676,20.59,50.87,296.2,0,normal,0
13678,20.68,50.89,300.7,0,normal,0
13680,20.75,50.9,296.3,0,normal,0
13682,20.68,50.99,293.2,0,normal,0
13684,20.69,51.09,292.3,0,normal,0
13686,20.64,51.3,294.6,0,normal,0
13688,20.57,51.62,292.3,0,normal,0
13690,20.52,51.48,294.4,0,normal,0
13692,20.56,51.82,295.8,0,normal,0
13694,20.42,51.64,303.0,0,normal,0
13696,20.46,51.82,299.6,0,normal,0
13698,20.42,51.83,298.3,0,normal,0
13700,20.42,52.05,295.2,0,normal,0
13702,20.53,51.79,293.5,0,normal,0
13704,20.58,51.88,294.1,0,normal,0
13706,20.56,51.89,288.7,0,normal,0
13708,20.7,52.05,289.0,0,normal,0
13710,20.57,51.97,291.6,0,normal,0
13712,20.58,51.98,290.8,0,normal,0
13714,20.66,52.05,289.6,0,normal,0
13716,20.56,51.91,292.9,0,normal,0
13718,20.6,52.36,296.4,0,normal,0
13720,20.59,52.1,296.5,0,normal,0
13722,20.72,52.28,298.3,0,normal,0
13724,20.78,52.31,291.6,0,normal,0
13726,20.81,52.42,294.0,0,normal,0
13728,20.68,52.25,293.8,0,normal,0
13730,20.65,51.84,296.1,0,normal,0
13732,20.78,51.9,297.2,0,normal,0
13734,20.83,52.08,295.6,0,normal,0
13736,20.76,51.72,297.6,0,normal,0
13738,20.73,51.72,300.0,0,normal,0
13740,20.59,51.09,295.3,0,normal,0
13742,20.6,51.53,299.4,0,normal,0
13744,20.53,51.64,294.6,0,normal,0
13746,20.43,51.59,294.1,0,normal,0
13748,20.38,51.48,301.4,0,normal,0
13750,20.47,51.71,297.9,0,normal,0
13752,20.36,51.36,294.6,0,normal,0
13754,20.17,51.34,292.8,0,normal,0
13756,20.39,51.68,289.2,0,normal,0
13758,20.38,51.64,287.1,0,normal,0
13760,20.37,51.37,289.1,0,normal,0
13762,20.31,51.49,293.8,0,normal,0
13764,20.44,51.48,292.9,0,normal,0
13766,20.52,51.5,291.5,0,normal,0
13768,20.6,51.23,291.7,1,normal,0
13770,20.64,51.2,292.4,0,normal,0
13772,20.72,51.08,300.7,0,normal,0
13774,20.75,51.01,299.0,0,normal,0
13776,20.73,50.85,296.6,0,normal,0
13778,20.81,51.11,297.6,0,normal,0
13780,20.81,51.41,298.8,0,normal,0
13782,20.76,51.69,304.1,0,normal,0
13784,20.78,51.27,297.2,0,normal,0
13786,20.62,51.12,297.6,0,normal,0
13788,20.64,50.96,300.1,0,normal,0
13790,20.6,50.78,299.8,0,normal,0
13792,20.49,51.05,292.3,0,normal,0
13794,20.56,50.91,293.2,0,normal,0
13796,20.73,51.05,293.8,0,normal,0
13798,20.83,50.97,294.0,0,normal,0
13800,20.87,51.25,290.6,0,normal,0
13802,20.79,51.44,285.7,0,normal,0
13804,20.68,51.26,289.6,0,normal,0
13806,20.65,51.35,288.2,0,normal,0
13808,20.61,51.21,288.6,0,normal,0
13810,20.64,51.1,292.5,0,normal,0
13812,20.79,50.97,294.8,0,normal,0
13814,20.85,51.2,293.3,0,normal,0
13816,20.87,51.12,293.4,0,normal,0
13818,20.89,50.91,295.3,0,normal,0
13820,20.75,50.87,294.3,0,normal,0
13822,20.81,51.0,306.4,0,normal,0
13824,20.82,50.99,303.0,0,normal,0
13826,20.76,51.3,298.3,0,normal,0
13828,20.75,51.06,292.1,0,normal,0
13830,20.74,51.26,296.1,0,normal,0
13832,20.79,51.22,298.3,0,normal,0
13834,20.75,51.46,292.8,0,normal,0
13836,20.85,51.76,291.2,0,normal,0
13838,20.84,51.53,294.3,0,normal,0
13840,20.8,51.46,292.1,0,normal,0
13842,20.91,51.35,293.9,0,normal,0
13844,20.89,51.6,293.7,0,normal,0
13846,20.88,51.45,290.2,0,normal,0
13848,20.79,51.29,292.0,0,normal,0
13850,20.88,51.44,292.7,0,normal,0
13852,20.88,51.29,291.5,0,normal,0
13854,20.91,51.33,291.2,0,normal,0
13856,20.88,51.33,292.2,0,normal,0
13858,20.9,51.43,286.0,0,normal,0
13860,20.79,51.14,285.2,0,normal,0
13862,20.76,51.28,290.7,0,normal,0
13864,20.66,51.16,291.3,0,normal,0
13866,20.66,51.36,291.5,0,normal,0
13868,20.73,51.15,292.7,0,normal,0
13870,20.7,51.05,293.4,0,normal,0
13872,20.71,50.98,291.7,0,normal,0
13874,20.74,50.75,295.2,0,normal,0
13876,20.88,50.95,292.1,0,normal,0
13878,20.95,51.35,295.2,0,normal,0
13880,20.81,51.52,291.3,1,normal,0
13882,20.92,51.44,293.1,0,normal,0
13884,20.78,51.58,296.5,0,normal,0
13886,20.67,51.46,301.7,0,normal,0
13888,20.71,51.2,302.8,0,normal,0
13890,20.85,51.14,298.2,0,normal,0
13892,20.78,51.09,300.7,0,normal,0
13894,20.7,51.1,295.2,0,normal,0
13896,20.69,51.06,294.3,0,normal,0
13898,20.72,51.02,296.1,0,normal,0
13900,20.84,50.78,299.0,0,normal,0
13902,20.85,50.6,296.5,0,normal,0
13904,20.82,50.69,296.0,0,normal,0
13906,20.8,50.55,302.3,0,normal,0
13908,20.82,50.53,300.0,0,normal,0
13910,20.86,50.68,305.1,0,normal,0
13912,20.79,50.52,304.8,0,normal,0
13914,20.78,50.67,295.3,0,normal,0
13916,20.85,50.89,293.4,0,normal,0
13918,21.03,51.12,292.1,0,normal,0
13920,21.06,51.08,289.7,0,normal,0
13922,20.87,51.13,288.2,0,normal,0
13924,20.82,51.21,294.9,0,normal,0
13926,20.87,51.15,297.7,0,normal,0
13928,20.84,51.13,295.3,0,normal,0
13930,20.94,51.11,294.3,0,normal,0
13932,20.92,51.14,290.5,0,normal,0
13934,20.96,51.07,290.9,0,normal,0
13936,21.0,51.16,291.5,0,normal,0
13938,20.96,51.06,294.3,0,normal,0
13940,20.91,51.05,292.4,0,normal,0
13942,20.89,50.81,299.7,0,normal,0
13944,20.81,50.7,297.8,0,normal,0
13946,20.82,50.84,300.0,0,normal,0
13948,20.78,51.25,297.1,0,normal,0
13950,20.8,51.51,289.3,0,normal,0
13952,20.73,51.74,295.6,0,normal,0
13954,20.88,51.81,296.8,0,normal,0
13956,20.93,51.56,296.7,0,normal,0
13958,21.04,51.54,297.9,0,normal,0
13960,20.99,51.73,298.5,0,normal,0
13962,20.96,52.04,293.3,0,normal,0
13964,21.0,51.63,292.8,0,normal,0
13966,21.02,51.48,292.5,0,normal,0
13968,21.05,51.15,291.4,0,normal,0
13970,21.11,51.04,294.0,0,normal,0
13972,21.13,51.02,291.0,0,normal,0
13974,21.21,50.92,296.0,0,normal,0
13976,21.15,50.86,291.5,0,normal,0
13978,21.22,50.86,293.8,0,normal,0
13980,20.92,50.86,297.4,0,normal,0
13982,20.95,51.05,294.2,0,normal,0
13984,20.94,51.13,297.0,0,normal,0
13986,20.91,51.27,295.1,0,normal,0
13988,20.92,50.86,297.9,0,normal,0
13990,20.93,50.87,296.9,0,normal,0
13992,20.97,50.25,299.8,0,normal,0
13994,20.9,49.9,298.6,0,normal,0
13996,20.86,50.08,298.7,0,normal,0
13998,20.91,50.14,299.7,0,normal,0
14000,20.89,50.22,300.2,0,normal,0
14002,20.87,50.05,301.9,0,normal,0
14004,20.93,50.12,301.6,0,normal,0
14006,20.96,50.09,300.9,0,normal,0
14008,20.93,50.46,300.3,0,normal,0
14010,20.88,50.41,298.9,0,normal,0
14012,20.94,50.81,294.6,0,normal,0
14014,21.02,50.46,297.7,0,normal,0
14016,21.07,50.47,298.3,0,normal,0
14018,21.12,50.6,305.3,0,normal,0
14020,21.09,50.68,299.9,0,normal,0
14022,21.03,50.78,297.7,0,normal,0
14024,21.03,50.78,297.9,0,normal,0
14026,21.03,50.97,298.5,0,normal,0
14028,20.99,51.05,296.7,0,normal,0
14030,21.02,51.09,295.4,0,normal,0
14032,21.26,50.89,299.9,0,normal,0
14034,21.2,50.99,299.9,0,normal,0
14036,21.17,51.22,295.3,0,normal,0
14038,21.22,51.33,298.2,0,normal,0
14040,21.16,51.22,294.5,0,normal,0
14042,21.12,51.08,294.6,0,normal,0
14044,21.09,51.02,298.5,0,normal,0
14046,21.09,51.08,299.4,0,normal,0
14048,21.16,51.05,299.3,0,normal,0
14050,21.2,50.89,298.1,0,normal,0
14052,21.08,50.85,299.6,0,normal,0
14054,21.07,50.93,301.9,0,normal,0
14056,21.0,50.87,296.4,0,normal,0
14058,21.04,51.37,296.1,0,normal,0
14060,21.02,51.46,295.4,0,normal,0
14062,21.12,51.01,295.7,0,normal,0
14064,21.28,51.11,297.2,0,normal,0
14066,21.24,51.16,294.7,0,normal,0
14068,21.25,51.0,295.9,0,normal,0
14070,21.31,50.88,295.9,0,normal,0
14072,21.24,51.11,296.8,0,normal,0
14074,21.12,50.97,298.3,0,normal,0
14076,21.17,51.18,304.9,0,normal,0
14078,21.2,51.26,307.9,0,normal,0
14080,21.05,51.27,302.6,0,normal,0
14082,21.06,51.12,300.3,0,normal,0
14084,21.04,50.61,300.1,0,normal,0
14086,21.01,50.8,305.5,0,normal,0
14088,21.03,50.53,300.7,0,normal,0
14090,20.93,50.75,299.3,0,normal,0
14092,20.85,50.68,298.7,0,normal,0
14094,20.99,50.44,297.1,0,normal,0
14096,21.06,50.57,293.8,0,normal,0
14098,21.08,50.58,296.0,0,normal,0
14100,21.1,50.49,299.0,0,normal,0
14102,21.14,50.68,296.7,0,normal,0
14104,21.15,50.41,294.5,0,normal,0
14106,21.35,50.38,294.8,0,normal,0
14108,21.3,50.76,296.7,0,normal,0
14110,21.34,50.86,300.4,0,normal,0
14112,21.24,50.71,300.2,0,normal,0
14114,21.3,51.07,295.5,0,normal,0
14116,21.44,51.26,300.7,0,normal,0
14118,21.42,51.55,299.6,0,normal,0
14120,21.34,51.42,295.5,0,normal,0
14122,21.21,51.43,295.6,0,normal,0
14124,21.31,51.35,297.1,0,normal,0
14126,21.26,51.59,297.6,0,normal,0
14128,21.28,51.58,295.2,0,normal,0
14130,21.34,51.53,295.6,0,normal,0
14132,21.27,51.49,299.7,0,normal,0
14134,21.28,51.24,296.1,0,normal,0
14136,21.39,50.92,298.3,0,normal,0
14138,21.32,50.93,293.9,0,normal,0
14140,21.3,50.87,296.4,0,normal,0
14142,21.31,50.68,301.0,0,normal,0
14144,21.19,50.6,304.4,0,normal,0
14146,21.17,50.8,304.6,0,normal,0
14148,21.27,50.68,303.9,0,normal,0
14150,21.44,50.55,302.5,0,normal,0
14152,21.36,50.37,298.7,0,normal,0
14154,21.37,50.14,300.0,0,normal,0
14156,21.4,50.46,301.6,0,normal,0
14158,21.38,50.48,301.5,0,normal,0
14160,21.33,50.25,298.9,0,normal,0
14162,21.33,50.14,299.2,0,normal,0
14164,21.3,50.09,302.8,0,normal,0
14166,21.25,49.85,300.1,0,normal,0
14168,21.25,49.88,298.4,0,normal,0
14170,21.26,49.84,295.2,0,normal,0
14172,21.1,49.8,296.4,0,normal,0
14174,21.14,49.71,296.2,0,normal,0
14176,21.16,49.6,293.3,0,normal,0
14178,21.2,49.91,298.3,0,normal,0
14180,21.07,50.27,290.1,0,normal,0
14182,21.26,50.05,294.7,0,normal,0
14184,21.28,50.01,297.7,0,normal,0
14186,21.18,50.15,299.5,0,normal,0
14188,21.29,50.32,297.4,0,normal,0
14190,21.36,50.23,296.9,0,normal,0
14192,21.33,50.34,298.8,0,normal,0
14194,21.45,49.95,295.3,0,normal,0
14196,21.5,49.85,299.3,0,normal,0
14198,21.42,50.05,302.0,1,normal,0
14200,21.38,50.0,304.2,0,normal,0
14202,21.43,49.86,306.9,0,normal,0
14204,21.57,49.87,302.9,0,normal,0
14206,21.53,49.65,303.2,0,normal,0
14208,21.64,49.57,301.8,0,normal,0
14210,21.64,49.86,300.6,0,normal,0
14212,21.58,50.13,302.8,0,normal,0
14214,21.68,50.3,298.7,0,normal,0
14216,21.6,50.41,300.3,0,normal,0
14218,21.58,50.42,298.0,0,normal,0
14220,21.41,50.09,298.4,0,normal,0
14222,21.4,50.36,291.4,0,normal,0
14224,21.49,50.26,293.4,0,normal,0
14226,21.4,50.23,288.0,0,normal,0
14228,21.3,49.95,293.6,0,normal,0
14230,21.45,50.14,293.3,0,normal,0
14232,21.52,50.09,298.1,0,normal,0
14234,21.47,49.82,299.4,0,normal,0
14236,21.48,49.99,294.8,0,normal,0
14238,21.64,50.51,295.9,0,normal,0
14240,21.55,50.28,299.6,0,normal,0
14242,21.63,50.35,299.5,0,normal,0
14244,21.68,50.22,297.5,0,normal,0
14246,21.7,50.33,295.3,0,normal,0
14248,21.69,49.93,297.0,0,normal,0
14250,21.75,50.03,296.0,0,normal,0
14252,21.67,50.62,297.8,0,normal,0
14254,21.68,50.39,297.1,0,normal,0
14256,21.78,50.55,297.1,0,normal,0
14258,21.76,50.45,295.6,0,normal,0
14260,21.76,50.6,297.9,0,normal,0
14262,21.83,50.55,295.7,0,normal,0
14264,21.68,50.62,300.1,0,normal,0
14266,21.52,50.62,302.0,0,normal,0
14268,21.65,50.34,301.3,0,normal,0
14270,21.68,50.31,293.7,0,normal,0
14272,21.72,50.19,298.1,0,normal,0
14274,21.69,49.84,294.9,0,normal,0
14276,21.7,49.91,295.2,0,normal,0
14278,21.76,50.11,301.8,0,normal,0
14280,21.75,50.19,302.1,0,normal,0
14282,21.71,50.12,302.8,0,normal,0
14284,21.64,50.23,301.7,0,normal,0
14286,21.53,50.08,303.7,0,normal,0
14288,21.36,50.04,307.5,0,normal,0
14290,21.37,50.41,302.8,0,normal,0
14292,21.37,50.36,299.4,0,normal,0
14294,21.61,50.26,298.4,0,normal,0
14296,21.57,50.53,300.3,0,normal,0
14298,21.5,50.55,297.2,0,normal,0
14300,21.68,50.38,296.6,0,normal,0
14302,21.63,50.47,301.0,0,normal,0
14304,21.62,50.35,297.6,0,normal,0
14306,21.72,50.09,298.1,0,normal,0
14308,21.8,50.35,302.3,0,normal,0
14310,21.89,50.43,295.2,0,normal,0
14312,21.93,50.59,298.3,0,normal,0
14314,21.85,50.38,296.5,0,normal,0
14316,21.8,50.44,299.1,0,normal,0
14318,21.76,50.29,299.6,0,normal,0
14320,21.82,50.04,303.3,0,normal,0
14322,21.81,50.13,300.4,0,normal,0
14324,21.9,50.18,303.5,0,normal,0
14326,21.92,49.85,304.8,0,normal,0
14328,21.94,50.04,295.5,0,normal,0
14330,21.76,49.74,297.0,0,normal,0
14332,21.79,49.5,298.3,0,normal,0
14334,21.72,49.41,306.1,0,normal,0
14336,21.81,50.1,304.9,0,normal,0
14338,21.81,50.14,299.7,0,normal,0
14340,21.88,50.04,299.7,0,normal,0
14342,21.94,50.14,299.2,0,normal,0
14344,21.9,50.15,297.3,0,normal,0
14346,21.85,50.18,297.3,0,normal,0
14348,21.94,50.39,291.2,0,normal,0
14350,22.05,50.79,289.9,0,normal,0
14352,21.98,50.81,296.1,0,normal,0
14354,21.85,50.26,299.0,0,normal,0
14356,21.94,50.26,299.5,0,normal,0
14358,21.83,49.99,299.0,0,normal,0
14360,21.84,50.15,305.5,0,normal,0
14362,21.69,49.9,300.8,1,normal,0
14364,21.81,49.72,304.1,0,normal,0
14366,21.86,49.75,300.4,0,normal,0
14368,21.84,50.03,300.2,0,normal,0
14370,21.76,50.13,296.7,0,normal,0
14372,21.57,50.08,294.2,0,normal,0
14374,21.61,49.89,302.6,0,normal,0
14376,21.7,49.62,300.5,0,normal,0
14378,21.76,50.0,302.2,0,normal,0
14380,21.68,50.15,304.1,0,normal,0
14382,21.78,49.97,301.1,0,normal,0
14384,21.83,49.98,301.1,0,normal,0
14386,21.73,49.97,303.0,0,normal,0
14388,21.63,50.18,300.4,0,normal,0
14390,21.6,50.15,302.8,0,normal,0
14392,21.74,50.11,301.6,0,normal,0
14394,21.73,50.21,300.1,0,normal,0
14396,21.9,50.16,301.0,0,normal,0
14398,22.02,49.78,301.8,0,normal,0
14400,21.9,50.05,298.9,0,normal,0
14402,21.9,50.19,297.4,0,normal,0
14404,22.19,50.57,298.2,0,normal,0
14406,22.18,50.43,299.7,0,normal,0
14408,22.24,50.26,300.0,1,normal,0
14410,22.25,49.96,297.1,0,normal,0
14412,22.22,49.92,297.0,0,normal,0
14414,22.16,49.91,293.4,0,normal,0
14416,22.18,49.92,295.7,0,normal,0
14418,22.21,50.22,303.7,0,normal,0
14420,22.26,50.03,299.8,0,normal,0
14422,22.32,49.98,297.4,1,normal,0
14424,22.21,49.98,293.8,0,normal,0
14426,22.14,50.05,293.6,0,normal,0
14428,22.2,49.83,301.4,0,normal,0
14430,22.21,49.73,299.5,0,normal,0
14432,22.06,49.65,298.1,0,normal,0
14434,22.0,49.66,302.8,0,normal,0
14436,22.21,49.8,305.7,0,normal,0
14438,22.18,49.59,299.1,0,normal,0
14440,22.16,49.9,298.0,0,normal,0
14442,22.19,50.0,298.5,0,normal,0
14444,22.23,49.98,298.0,0,normal,0
14446,22.12,50.03,298.7,0,normal,0
14448,22.08,49.83,301.7,0,normal,0
14450,22.22,50.17,299.9,0,normal,0
14452,22.14,50.4,299.4,0,normal,0
14454,22.16,50.22,291.7,0,normal,0
14456,22.28,50.45,292.0,0,normal,0
14458,22.27,50.47,295.6,0,normal,0
14460,22.26,50.07,295.3,0,normal,0
14462,22.19,49.79,300.6,0,normal,0
14464,22.13,49.7,304.0,0,normal,0
14466,22.24,49.95,304.3,0,normal,0
14468,22.29,49.78,301.4,0,normal,0
14470,22.31,49.88,305.0,0,normal,0
14472,22.27,49.74,306.2,0,normal,0
14474,22.4,49.61,303.0,0,normal,0
14476,22.53,49.45,306.7,0,normal,0
14478,22.52,49.55,308.6,0,normal,0
14480,22.43,49.62,305.5,0,normal,0
14482,22.33,49.8,308.5,0,normal,0
14484,22.52,49.69,307.1,0,normal,0
14486,22.7,50.06,303.5,0,normal,0
14488,22.61,49.98,305.0,0,normal,0
14490,22.6,49.56,300.2,0,normal,0
14492,22.41,49.83,300.9,0,normal,0
14494,22.34,49.96,298.1,0,normal,0
14496,22.49,49.98,295.2,0,normal,0
14498,22.54,50.12,298.8,0,normal,0
14500,22.59,50.18,302.2,0,normal,0
14502,22.54,50.18,300.3,0,normal,0
14504,22.44,50.23,295.5,0,normal,0
14506,22.41,50.11,294.6,0,normal,0
14508,22.49,49.95,296.3,0,normal,0
14510,22.51,50.05,296.4,0,normal,0
14512,22.55,49.72,302.4,0,normal,0
14514,22.59,49.97,301.4,0,normal,0
14516,22.51,49.58,303.3,0,normal,0
14518,22.51,49.37,307.0,0,normal,0
14520,22.42,48.91,305.4,0,normal,0
14522,22.34,49.11,307.3,0,normal,0
14524,22.38,49.1,305.9,0,normal,0
14526,22.28,49.23,301.0,0,normal,0
14528,22.41,49.47,300.1,0,normal,0
14530,22.43,49.3,304.8,0,normal,0
14532,22.32,49.53,304.8,0,normal,0
14534,22.29,49.37,305.1,0,normal,0
14536,22.21,49.74,306.2,0,normal,0
14538,22.31,49.74,307.4,0,normal,0
14540,22.37,49.79,301.8,0,normal,0
14542,22.38,49.99,303.9,0,normal,0
14544,22.53,49.96,301.5,0,normal,0
14546,22.52,49.84,301.7,0,normal,0
14548,22.5,49.92,304.1,0,normal,0
14550,22.42,50.16,303.5,0,normal,0
14552,22.33,49.57,303.2,0,normal,0
14554,22.38,49.56,302.1,0,normal,0
14556,22.45,49.5,306.1,0,normal,0
14558,22.45,49.36,307.2,0,normal,0
14560,22.48,49.21,300.6,0,normal,0
14562,22.49,49.31,302.1,0,normal,0
14564,22.63,49.37,297.8,0,normal,0
14566,22.63,49.51,300.1,0,normal,0
14568,22.71,49.41,300.5,0,normal,0
14570,22.68,49.45,297.8,0,normal,0
14572,22.6,49.46,299.2,0,normal,0
14574,22.46,49.45,300.0,0,normal,0
14576,22.38,49.49,299.6,0,normal,0
14578,22.43,49.71,300.1,0,normal,0
14580,22.36,49.74,298.1,0,normal,0
14582,22.47,49.69,301.5,0,normal,0
14584,22.44,49.72,297.7,0,normal,0
14586,22.3,49.99,299.4,0,normal,0
14588,22.34,49.51,293.3,0,normal,0
14590,22.32,49.31,300.5,0,normal,0
14592,22.49,49.42,300.2,0,normal,0
14594,22.55,49.43,300.7,0,normal,0
14596,22.47,49.07,298.4,0,normal,0
14598,22.49,49.3,302.9,0,normal,0
14600,22.38,49.12,302.4,0,normal,0
14602,22.27,49.06,299.8,0,normal,0
14604,22.3,49.01,296.5,0,normal,0
14606,22.37,48.92,301.9,0,normal,0
14608,22.35,48.89,300.8,0,normal,0
14610,22.46,49.21,300.1,0,normal,0
14612,22.33,49.03,291.2,0,normal,0
14614,22.4,49.13,295.5,0,normal,0
14616,22.44,49.19,298.8,0,normal,0
14618,22.34,49.12,296.4,0,normal,0
14620,22.4,49.23,299.7,0,normal,0
14622,22.39,49.42,299.9,0,normal,0
14624,22.51,49.15,297.1,0,normal,0
14626,22.4,49.26,299.0,0,normal,0
14628,22.47,49.33,294.2,0,normal,0
14630,22.47,49.2,297.1,0,normal,0
14632,22.61,49.13,299.3,0,normal,0
14634,22.82,49.5,303.0,0,normal,0
14636,22.77,49.24,300.5,0,normal,0
14638,22.73,49.53,301.0,0,normal,0
14640,22.72,49.51,300.0,0,normal,0
14642,22.71,49.48,307.0,0,normal,0
14644,22.78,49.11,308.3,0,normal,0
14646,22.73,49.07,305.2,0,normal,0
14648,22.66,49.07,306.2,0,normal,0
14650,22.66,48.89,306.7,0,normal,0
14652,22.66,48.75,305.9,0,normal,0
14654,22.78,48.95,304.1,0,normal,0
14656,22.72,48.95,301.3,0,normal,0
14658,22.67,48.85,298.4,0,normal,0
14660,22.72,48.84,298.5,0,normal,0
14662,22.76,49.31,296.6,0,normal,0
14664,22.67,48.99,299.0,0,normal,0
14666,22.65,48.96,301.1,0,normal,0
14668,22.54,48.96,299.1,0,normal,0
14670,22.62,48.74,299.6,0,normal,0
14672,22.56,48.93,300.1,0,normal,0
14674,22.52,48.73,299.1,0,normal,0
14676,22.51,48.69,300.3,0,normal,0
14678,22.46,48.66,302.6,0,normal,0
14680,22.49,48.43,299.1,0,normal,0
14682,22.58,48.5,302.5,0,normal,0
14684,22.62,48.68,306.7,0,normal,0
14686,22.8,48.8,308.0,0,normal,0
14688,22.81,48.82,306.8,0,normal,0
14690,22.66,48.76,308.1,0,normal,0
14692,22.67,48.8,307.4,0,normal,0
14694,22.63,48.89,306.6,0,normal,0
14696,22.72,49.05,305.9,0,normal,0
14698,22.7,49.22,304.8,1,normal,0
14700,22.74,49.05,305.5,0,normal,0
14702,22.63,48.97,308.6,0,normal,0
14704,22.59,48.87,305.9,0,normal,0
14706,22.62,48.8,305.7,0,normal,0
14708,22.6,48.89,301.6,0,normal,0
14710,22.62,49.06,306.8,0,normal,0
14712,22.77,48.93,307.4,0,normal,0
14714,22.67,49.05,305.3,0,normal,0
14716,22.59,49.28,306.6,0,normal,0
14718,22.71,48.97,306.7,0,normal,0
14720,22.74,48.76,301.8,0,normal,0
14722,22.69,48.93,305.6,0,normal,0
14724,22.74,48.91,307.0,0,normal,0
14726,22.82,49.17,307.6,0,normal,0
14728,22.76,48.91,307.1,0,normal,0
14730,22.84,49.02,302.9,0,normal,0
14732,22.83,48.97,302.7,0,normal,0
14734,22.95,49.1,301.0,0,normal,0
14736,22.76,49.11,298.0,0,normal,0
14738,22.92,49.31,303.5,0,normal,0
14740,22.91,49.24,303.4,0,normal,0
14742,23.0,49.24,305.4,0,normal,0
14744,22.94,49.44,306.3,0,normal,0
14746,22.97,49.53,303.0,0,normal,0
14748,23.05,49.39,299.8,0,normal,0
14750,23.04,49.17,300.3,0,normal,0
14752,23.0,48.95,297.4,1,normal,0
14754,22.93,49.13,306.3,0,normal,0
14756,22.87,49.23,306.8,0,normal,0
14758,22.94,49.0,304.5,0,normal,0
14760,22.86,48.63,299.7,0,normal,0
14762,22.92,48.78,299.6,0,normal,0
14764,22.92,48.84,304.9,1,normal,0
14766,22.91,48.83,303.3,0,normal,0
14768,22.85,48.91,296.2,1,normal,0
14770,22.82,48.81,292.3,0,normal,0
14772,22.67,48.73,294.4,0,normal,0
14774,22.75,48.65,299.6,0,normal,0
14776,22.73,48.8,298.8,0,normal,0
14778,22.85,48.99,301.3,0,normal,0
14780,22.8,49.19,301.4,0,normal,0
14782,22.75,49.26,303.8,0,normal,0
14784,22.77,49.11,303.3,0,normal,0
14786,22.76,48.92,298.4,0,normal,0
14788,22.69,49.14,300.9,0,normal,0
14790,22.55,49.0,298.0,0,normal,0
14792,22.53,49.13,295.4,0,normal,0
14794,22.52,49.07,299.6,0,normal,0
14796,22.62,49.37,303.1,0,normal,0
14798,22.72,49.56,296.3,0,normal,0
14800,22.66,49.95,296.2,0,normal,0
14802,22.76,49.69,296.6,0,normal,0
14804,22.7,49.58,299.3,0,normal,0
14806,22.68,49.48,295.8,0,normal,0
14808,22.67,49.24,294.2,0,normal,0
14810,22.64,49.45,294.2,0,normal,0
14812,22.73,49.33,297.9,1,normal,0
14814,22.89,49.64,305.3,0,normal,0
14816,22.82,49.52,310.9,0,normal,0
14818,22.87,49.5,304.8,0,normal,0
14820,22.89,49.68,306.1,0,normal,0
14822,22.94,49.76,306.5,0,normal,0
14824,22.9,49.63,310.2,0,normal,0
14826,23.02,49.11,308.8,0,normal,0
14828,23.07,48.98,307.3,0,normal,0
14830,23.12,49.13,308.5,0,normal,0
14832,23.28,48.78,305.0,0,normal,0
14834,23.2,48.62,304.6,0,normal,0
14836,23.18,48.65,301.4,0,normal,0
14838,23.23,48.77,301.1,0,normal,0
14840,23.3,48.94,302.4,0,normal,0
14842,23.28,49.23,302.7,0,normal,0
14844,23.32,49.06,300.8,0,normal,0
14846,23.41,48.88,306.4,0,normal,0
14848,23.37,48.9,303.4,0,normal,0
14850,23.32,48.91,303.1,0,normal,0
14852,23.3,48.77,303.7,0,normal,0
14854,23.09,48.77,305.2,0,normal,0
14856,23.14,48.71,305.2,0,normal,0
14858,23.18,48.5,306.7,0,normal,0
14860,23.33,48.3,302.7,0,normal,0
14862,23.2,48.35,303.9,0,normal,0
14864,23.22,48.37,301.1,1,normal,0
14866,23.24,48.51,297.2,0,normal,0
14868,23.29,48.41,302.0,0,normal,0
14870,23.18,48.23,302.6,0,normal,0
14872,22.93,48.57,299.3,0,normal,0
14874,22.95,48.62,298.5,0,normal,0
14876,22.99,48.55,302.1,0,normal,0
14878,23.03,48.36,306.3,0,normal,0
14880,22.99,48.33,305.5,0,normal,0
14882,22.94,48.67,299.0,0,normal,0
14884,22.95,48.62,303.7,0,normal,0
14886,22.9,48.23,306.2,0,normal,0
14888,22.85,48.39,304.2,0,normal,0
14890,22.9,48.41,312.9,0,normal,0
14892,22.97,48.51,307.7,0,normal,0
14894,22.9,48.68,305.7,0,normal,0
14896,22.78,48.98,305.8,0,normal,0
14898,22.74,49.06,311.0,0,normal,0
14900,22.84,48.81,305.9,0,normal,0
14902,22.85,48.89,307.1,0,normal,0
14904,22.94,48.7,304.8,0,normal,0
14906,23.01,48.59,307.7,0,normal,0
14908,23.12,48.67,308.7,0,normal,0
14910,23.1,48.95,309.3,0,normal,0
14912,23.12,48.89,307.1,0,normal,0
14914,23.2,48.78,308.2,0,normal,0
14916,23.17,48.44,313.0,0,normal,0
14918,23.09,48.75,313.7,0,normal,0
14920,23.19,48.96,312.2,0,normal,0
14922,23.32,49.12,309.3,0,normal,0
14924,23.24,49.2,307.7,0,normal,0
14926,23.28,49.16,307.8,0,normal,0
14928,23.31,49.34,307.8,0,normal,0
14930,23.32,49.32,306.1,0,normal,0
14932,23.28,49.11,306.4,0,normal,0
14934,23.21,49.18,304.4,0,normal,0
14936,23.12,49.19,303.0,0,normal,0
14938,23.21,49.02,307.7,0,normal,0
14940,23.21,49.02,307.3,0,normal,0
14942,23.26,49.03,309.4,0,normal,0
14944,23.11,49.15,312.4,0,normal,0
14946,23.21,49.04,310.4,0,normal,0
14948,23.29,49.05,309.2,0,normal,0
14950,23.31,49.38,309.9,0,normal,0
14952,23.47,49.18,312.4,0,normal,0
14954,23.47,49.18,309.8,0,normal,0
14956,23.46,49.13,308.8,1,normal,0
14958,23.36,49.4,309.6,0,normal,0
14960,23.3,49.04,313.3,0,normal,0
14962,23.34,48.88,312.7,0,normal,0
14964,23.36,48.94,309.5,1,normal,0
14966,23.44,49.06,304.0,0,normal,0
14968,23.38,49.26,311.8,0,normal,0
14970,23.41,49.08,309.2,0,normal,0
14972,23.32,49.37,309.1,0,normal,0
14974,23.31,49.14,306.6,0,normal,0
14976,23.25,48.95,311.3,0,normal,0
14978,23.08,48.77,313.2,0,normal,0
14980,23.16,48.66,315.5,0,normal,0
14982,23.1,48.63,313.7,0,normal,0
14984,23.05,48.59,305.0,0,normal,0
14986,23.09,48.82,305.6,0,normal,0
14988,23.02,48.75,305.3,0,normal,0
14990,22.97,49.19,302.6,0,normal,0
14992,22.8,48.84,306.4,0,normal,0
14994,22.84,49.19,310.2,0,normal,0
14996,22.94,49.11,309.9,0,normal,0
14998,22.94,49.23,312.3,0,normal,0
15000,23.07,48.55,311.4,0,normal,0
15002,23.21,48.84,308.8,0,normal,0
15004,23.27,48.7,309.2,0,normal,0
15006,23.25,48.75,304.7,0,normal,0
15008,23.31,48.87,307.4,0,normal,0
15010,23.37,48.96,312.1,0,normal,0
15012,23.38,48.82,306.2,0,normal,0
15014,23.46,49.0,303.5,0,normal,0
15016,23.48,48.76,305.0,0,normal,0
15018,23.37,48.78,298.3,0,normal,0
15020,23.35,48.83,296.4,0,normal,0
15022,23.35,49.14,301.1,0,normal,0
15024,23.25,49.27,304.7,0,normal,0
15026,23.15,49.13,300.6,0,normal,0
15028,23.17,49.27,301.5,0,normal,0
15030,23.23,48.94,298.4,0,normal,0
15032,23.16,48.89,296.5,0,normal,0
15034,23.21,48.73,301.6,0,normal,0
15036,23.15,48.97,299.9,0,normal,0
15038,23.07,49.01,301.3,0,normal,0
15040,23.17,48.81,303.4,0,normal,0
15042,23.2,48.79,308.0,0,normal,0
15044,23.07,48.92,308.5,1,normal,0
15046,22.96,48.93,308.0,0,normal,0
15048,23.01,49.1,310.4,0,normal,0
15050,22.97,49.06,309.5,0,normal,0
15052,22.94,48.94,311.7,0,normal,0
15054,22.87,49.26,312.3,0,normal,0
15056,22.89,49.12,308.8,0,normal,0
15058,23.12,48.96,305.6,0,normal,0
15060,23.02,49.13,305.9,0,normal,0
15062,23.18,49.1,306.7,0,normal,0
15064,23.13,49.06,307.1,0,normal,0
15066,23.05,49.13,309.5,0,normal,0
15068,23.15,49.17,307.5,0,normal,0
15070,23.15,49.0,308.5,0,normal,0
15072,23.15,48.92,306.8,0,normal,0
15074,23.26,48.62,307.3,0,normal,0
15076,23.43,48.57,306.8,0,normal,0
15078,23.45,48.67,305.1,0,normal,0
15080,23.36,48.87,304.3,0,normal,0
15082,23.27,48.82,301.6,0,normal,0
15084,23.27,48.75,307.1,0,normal,0
15086,23.36,49.38,304.6,0,normal,0
15088,23.39,49.3,304.7,0,normal,0
15090,23.41,49.01,302.1,0,normal,0
15092,23.5,48.55,300.6,0,normal,0
15094,23.31,48.52,302.0,0,normal,0
15096,23.38,48.57,305.3,0,normal,0
15098,23.39,48.56,305.9,0,normal,0
15100,23.39,48.69,306.9,0,normal,0
15102,23.42,48.66,305.4,0,normal,0
15104,23.39,48.58,305.6,0,normal,0
15106,23.3,48.88,307.2,0,normal,0
15108,23.15,48.75,314.3,0,normal,0
15110,23.2,48.75,313.1,0,normal,0
15112,23.12,48.64,312.1,0,normal,0
15114,23.14,48.37,303.7,0,normal,0
15116,23.03,48.5,305.7,0,normal,0
15118,23.06,48.6,308.8,0,normal,0
15120,23.13,48.71,309.4,0,normal,0
15122,23.13,48.7,303.4,0,normal,0
15124,23.19,48.53,306.7,0,normal,0
15126,23.15,48.61,302.1,0,normal,0
15128,23.14,48.66,300.7,0,normal,0
15130,23.18,48.8,302.1,0,normal,0
15132,23.2,48.92,303.0,0,normal,0
15134,23.26,48.71,301.3,0,normal,0
15136,23.29,48.69,303.1,0,normal,0
15138,23.38,48.9,301.5,0,normal,0
15140,23.52,48.85,299.8,0,normal,0
15142,23.56,49.02,297.8,0,normal,0
15144,23.63,48.67,294.7,0,normal,0
15146,23.64,48.71,300.6,0,normal,0
15148,23.54,48.68,303.6,0,normal,0
15150,23.6,48.77,302.7,0,normal,0
15152,23.65,48.87,304.3,0,normal,0
15154,23.55,48.66,305.9,0,normal,0
15156,23.52,48.47,307.4,0,normal,0
15158,23.39,48.39,305.1,0,normal,0
15160,23.43,48.1,308.0,0,normal,0
15162,23.55,48.17,303.5,0,normal,0
15164,23.56,48.02,299.2,0,normal,0
15166,23.49,48.21,301.7,0,normal,0
15168,23.58,48.19,301.4,0,normal,0
15170,23.61,47.93,302.2,0,normal,0
15172,23.61,47.7,311.0,0,normal,0
15174,23.66,47.84,313.7,0,normal,0
15176,23.63,47.78,314.1,0,normal,0
15178,23.7,48.07,313.5,0,normal,0
15180,23.51,48.08,309.0,0,normal,0
15182,23.55,47.84,314.0,0,normal,0
15184,23.48,47.78,309.8,0,normal,0
15186,23.51,48.02,310.5,0,normal,0
15188,23.44,47.78,310.4,0,normal,0
15190,23.31,47.86,307.5,0,normal,0
15192,23.37,47.7,300.5,0,normal,0
15194,23.27,47.79,309.9,0,normal,0
15196,23.1,47.76,315.1,0,normal,0
15198,23.12,47.5,312.8,0,normal,0
15200,23.26,47.55,311.1,0,normal,0
15202,23.42,47.9,313.5,0,normal,0
15204,23.55,47.81,306.4,0,normal,0
15206,23.39,47.55,306.7,0,normal,0
15208,23.39,47.58,304.6,0,normal,0
15210,23.32,47.76,305.8,0,normal,0
15212,23.35,48.15,302.8,0,normal,0
15214,23.21,48.21,300.2,0,normal,0
15216,23.29,48.28,304.0,0,normal,0
15218,23.32,47.91,303.6,0,normal,0
15220,23.44,47.93,306.4,0,normal,0
15222,23.54,48.2,306.2,0,normal,0
15224,23.54,48.36,303.7,0,normal,0
15226,23.41,48.43,303.6,0,normal,0
15228,23.46,48.61,304.4,0,normal,0
15230,23.41,48.85,301.3,0,normal,0
15232,23.42,48.99,299.4,0,normal,0
15234,23.52,48.72,294.8,0,normal,0
15236,23.36,48.41,297.7,0,normal,0
15238,23.35,48.49,304.7,0,normal,0
15240,23.28,48.39,305.3,0,normal,0
15242,23.32,48.62,301.5,0,normal,0
15244,23.37,48.63,301.2,0,normal,0
15246,23.41,48.73,301.3,0,normal,0
15248,23.45,48.5,298.9,0,normal,0
15250,23.39,48.42,304.0,0,normal,0
15252,23.35,48.59,310.7,0,normal,0
15254,23.35,48.4,308.3,0,normal,0
15256,23.38,48.28,310.6,0,normal,0
15258,23.38,48.5,308.0,0,normal,0
15260,23.31,48.22,306.4,0,normal,0
15262,23.3,48.42,304.7,0,normal,0
15264,23.33,48.15,308.3,0,normal,0
15266,23.26,48.09,311.0,0,normal,0
15268,23.2,48.04,306.9,0,normal,0
15270,23.27,48.37,309.0,0,normal,0
15272,23.47,48.46,311.6,0,normal,0
15274,23.49,48.45,302.1,0,normal,0
15276,23.4,48.51,298.8,0,normal,0
15278,23.53,48.07,298.3,0,normal,0
15280,23.57,47.81,299.5,0,normal,0
15282,23.48,47.9,300.3,0,normal,0
15284,23.5,47.69,299.2,0,normal,0
15286,23.53,47.93,301.7,0,normal,0
15288,23.61,48.14,302.7,0,normal,0
15290,23.52,47.97,307.2,0,normal,0
15292,23.6,47.71,310.2,0,normal,0
15294,23.56,47.7,301.0,0,normal,0
15296,23.58,47.92,303.3,0,normal,0
15298,23.47,47.83,305.7,0,normal,0
15300,23.57,47.84,309.9,0,normal,0
15302,23.58,47.94,306.3,0,normal,0
15304,23.5,48.18,307.3,0,normal,0
15306,23.53,48.32,305.5,0,normal,0
15308,23.58,48.29,300.9,0,normal,0
15310,23.65,48.33,303.9,0,normal,0
15312,23.7,48.02,304.6,0,normal,0
15314,23.53,48.15,304.8,0,normal,0
15316,23.43,48.47,306.4,0,normal,0
15318,23.43,48.26,305.7,0,normal,0
15320,23.45,48.18,304.7,0,normal,0
15322,23.35,48.35,305.1,0,normal,0
15324,23.45,48.6,301.9,0,normal,0
15326,23.49,48.72,298.8,0,normal,0
15328,23.34,48.72,303.5,0,normal,0
15330,23.25,48.8,302.1,0,normal,0
15332,23.37,48.67,309.6,0,normal,0
15334,23.23,48.95,310.5,0,normal,0
15336,23.42,48.73,310.7,0,normal,0
15338,23.56,48.53,308.2,0,normal,0
15340,23.45,48.42,307.6,0,normal,0
15342,23.48,48.37,314.7,0,normal,0
15344,23.56,48.55,306.8,0,normal,0
15346,23.43,48.43,302.2,0,normal,0
15348,23.28,48.47,300.1,0,normal,0
15350,23.42,48.6,300.9,0,normal,0
15352,23.4,48.8,307.3,0,normal,0
15354,23.26,48.8,310.0,0,normal,0
15356,23.37,48.52,306.6,0,normal,0
15358,23.46,48.59,302.8,0,normal,0
15360,23.49,48.76,298.4,0,normal,0
15362,23.47,49.17,295.8,0,normal,0
15364,23.39,49.15,303.8,0,normal,0
15366,23.25,49.12,303.7,0,normal,0
15368,23.33,49.12,304.5,0,normal,0
15370,23.37,48.75,303.0,0,normal,0
15372,23.26,48.84,307.5,0,normal,0
15374,23.19,48.9,304.1,0,normal,0
15376,23.15,48.93,307.8,0,normal,0
15378,23.13,48.92,306.3,0,normal,0
15380,23.15,49.15,307.7,0,normal,0
15382,23.29,48.8,307.2,0,normal,0
15384,23.3,48.64,300.7,0,normal,0
15386,23.39,48.4,299.1,0,normal,0
15388,23.4,47.97,299.7,0,normal,0
15390,23.48,48.12,304.4,0,normal,0
15392,23.45,48.11,308.9,0,normal,0
15394,23.52,48.06,308.8,0,normal,0
15396,23.44,48.18,307.4,0,normal,0
15398,23.3,48.14,301.6,0,normal,0
15400,23.39,48.8,302.9,0,normal,0
15402,23.28,48.58,307.8,0,normal,0
15404,23.2,48.45,308.1,0,normal,0
15406,23.33,48.43,305.1,0,normal,0
15408,23.31,48.49,307.0,0,normal,0
15410,23.32,48.6,309.1,0,normal,0
15412,23.35,48.75,312.1,0,normal,0
15414,23.39,48.77,307.4,0,normal,0
15416,23.47,48.58,309.7,0,normal,0
15418,23.43,48.66,309.0,0,normal,0
15420,23.35,48.68,302.1,0,normal,0
15422,23.43,48.59,300.3,0,normal,0
15424,23.41,48.46,304.1,0,normal,0
15426,23.36,48.32,303.2,0,normal,0
15428,23.42,48.41,307.6,0,normal,0
15430,23.47,48.37,310.7,0,normal,0
15432,23.47,48.24,311.1,0,normal,0
15434,23.29,48.56,309.3,0,normal,0
15436,23.46,48.37,303.7,0,normal,0
15438,23.45,48.62,307.8,0,normal,0
15440,23.32,48.59,307.8,0,normal,0
15442,23.37,48.82,303.6,0,normal,0
15444,23.47,49.0,300.9,0,normal,0
15446,23.56,48.9,302.8,0,normal,0
15448,23.57,49.18,302.2,0,normal,0
15450,23.58,49.0,304.1,0,normal,0
15452,23.41,49.15,304.7,0,normal,0
15454,23.19,48.82,308.6,0,normal,0
15456,23.3,48.95,298.1,0,normal,0
15458,23.33,49.06,302.2,0,normal,0
15460,23.34,48.81,303.5,0,normal,0
15462,23.22,48.56,306.0,0,normal,0
15464,23.36,48.41,300.4,0,normal,0
15466,23.31,48.49,301.6,0,normal,0
15468,23.38,48.59,305.9,0,normal,0
15470,23.26,48.37,305.6,0,normal,0
15472,23.09,48.11,304.2,0,normal,0
15474,23.13,48.63,302.2,0,normal,0
15476,23.19,48.55,304.9,0,normal,0
15478,23.11,48.43,306.7,0,normal,0
15480,23.33,48.79,311.5,0,normal,0
15482,23.28,48.79,306.2,0,normal,0
15484,23.4,48.72,303.7,0,normal,0
15486,23.48,48.86,301.0,0,normal,0
15488,23.35,49.09,302.2,0,normal,0
15490,23.38,48.72,306.0,0,normal,0
15492,23.31,48.59,308.9,0,normal,0
15494,23.33,48.69,303.5,0,normal,0
15496,23.32,48.62,300.9,0,normal,0
15498,23.4,48.63,304.3,0,normal,0
15500,23.33,48.42,310.2,0,normal,0
15502,23.38,48.59,308.7,0,normal,0
15504,23.43,48.61,309.6,0,normal,0
15506,23.51,48.83,309.5,0,normal,0
15508,23.43,48.46,306.0,0,normal,0
15510,23.48,48.25,304.3,0,normal,0
15512,23.52,48.46,305.9,0,normal,0
15514,23.59,48.4,302.9,0,normal,0
15516,23.37,48.53,303.6,0,normal,0
15518,23.21,48.55,305.5,0,normal,0
15520,23.06,48.93,303.4,0,normal,0
15522,23.04,49.05,301.4,0,normal,0
15524,22.96,48.87,301.3,0,normal,0
15526,22.96,48.9,302.0,0,normal,0
15528,22.97,48.59,302.6,0,normal,0
15530,23.09,48.76,306.5,0,normal,0
15532,23.18,48.69,305.9,0,normal,0
15534,23.15,48.75,302.3,0,normal,0
15536,23.15,48.73,303.1,0,normal,0
15538,23.01,48.76,303.5,0,normal,0
15540,22.99,48.95,306.9,0,normal,0
15542,23.0,49.0,308.1,0,normal,0
15544,22.98,49.09,309.9,0,normal,0
15546,23.17,48.99,306.0,0,normal,0
15548,22.97,48.66,303.4,0,normal,0
15550,22.95,48.77,299.0,0,normal,0
15552,22.98,48.68,303.1,0,normal,0
15554,23.07,48.67,307.0,0,normal,0
15556,23.12,48.66,301.9,0,normal,0
15558,22.99,48.83,304.4,0,normal,0
15560,22.94,48.71,302.2,0,normal,0
15562,23.01,48.92,304.0,0,normal,0
15564,23.04,48.93,305.4,0,normal,0
15566,23.15,49.28,303.4,0,normal,0
15568,23.2,49.33,303.7,0,normal,0
15570,23.19,49.33,302.5,0,normal,0
15572,23.16,49.01,306.2,0,normal,0
15574,23.22,49.3,310.6,0,normal,0
15576,23.17,49.1,314.2,0,normal,0
15578,23.15,49.0,314.1,0,normal,0
15580,23.25,49.04,310.7,1,normal,0
15582,23.21,48.98,308.8,0,normal,0
15584,23.25,49.03,302.1,0,normal,0
15586,23.03,48.87,305.7,0,normal,0
15588,22.99,48.59,308.4,0,normal,0
15590,23.01,48.88,304.6,0,normal,0
15592,23.07,49.14,299.7,0,normal,0
15594,23.07,49.33,304.4,0,normal,0
15596,23.09,49.23,302.8,0,normal,0
15598,23.03,49.3,306.0,0,normal,0
15600,23.04,49.11,305.0,1,normal,0
15602,23.11,49.53,304.7,0,normal,0
15604,23.04,49.38,306.4,0,normal,0
15606,22.95,49.31,311.8,0,normal,0
15608,23.05,49.19,308.5,0,normal,0
15610,23.21,49.07,311.0,0,normal,0
15612,23.32,49.2,311.4,0,normal,0
15614,23.25,48.99,302.9,0,normal,0
15616,23.22,48.94,298.9,0,normal,0
15618,23.18,49.15,298.9,0,normal,0
15620,23.23,49.32,300.0,0,normal,0
15622,23.28,49.3,306.3,0,normal,0
15624,23.21,49.51,305.3,0,normal,0
15626,23.26,49.27,301.8,0,normal,0
15628,23.28,49.18,302.9,0,normal,0
15630,23.39,49.22,299.2,0,normal,0
15632,23.35,49.18,300.1,0,normal,0
15634,23.36,49.24,302.5,0,normal,0
15636,23.2,49.44,304.1,0,normal,0
15638,23.16,49.35,302.9,0,normal,0
15640,23.21,49.1,301.9,0,normal,0
15642,23.1,49.16,301.8,0,normal,0
15644,23.04,49.29,303.7,0,normal,0
15646,23.05,49.15,307.7,0,normal,0
15648,23.03,48.93,311.1,0,normal,0
15650,22.96,49.08,310.7,0,normal,0
15652,22.93,49.37,305.9,0,normal,0
15654,23.0,49.26,302.8,0,normal,0
15656,23.12,48.83,306.2,0,normal,0
15658,23.2,49.0,304.2,1,normal,0
15660,23.22,49.26,297.7,0,normal,0
15662,23.32,49.5,304.1,0,normal,0
15664,23.17,49.75,305.1,0,normal,0
15666,23.26,49.71,299.0,0,normal,0
15668,23.25,49.86,298.4,0,normal,0
15670,23.23,49.79,302.7,0,normal,0
15672,23.17,49.59,306.5,0,normal,0
15674,23.16,49.28,306.4,0,normal,0
15676,23.19,49.22,308.2,0,normal,0
15678,23.13,49.21,306.3,0,normal,0
15680,23.05,49.37,310.8,0,normal,0
15682,23.09,49.27,319.2,0,normal,0
15684,23.21,49.29,309.6,0,normal,0
15686,23.29,49.05,307.9,0,normal,0
15688,23.36,48.88,304.8,0,normal,0
15690,23.28,48.72,299.5,0,normal,0
15692,23.22,48.54,305.0,0,normal,0
15694,23.18,48.6,302.4,0,normal,0
15696,23.32,48.38,300.1,0,normal,0
15698,23.26,48.57,302.8,0,normal,0
15700,23.34,48.99,300.6,0,normal,0
15702,23.38,49.54,294.2,0,normal,0
15704,23.28,49.24,294.8,0,normal,0
15706,23.29,48.99,304.1,0,normal,0
15708,23.38,48.78,300.6,0,normal,0
15710,23.4,48.46,303.7,0,normal,0
15712,23.39,48.82,299.1,0,normal,0
15714,23.45,48.61,298.5,0,normal,0
15716,23.3,48.98,298.4,0,normal,0
15718,23.23,48.84,301.7,0,normal,0
15720,23.22,48.7,307.2,0,normal,0
15722,23.26,48.38,300.9,0,normal,0
15724,23.34,48.59,301.2,0,normal,0
15726,23.26,48.67,297.1,0,normal,0
15728,23.25,49.01,299.1,0,normal,0
15730,23.32,48.76,297.7,0,normal,0
15732,23.39,48.63,292.7,0,normal,0
15734,23.3,48.61,295.4,0,normal,0
15736,23.2,48.68,301.8,0,normal,0
15738,23.16,48.68,302.7,0,normal,0
15740,23.17,48.97,302.0,0,normal,0
15742,22.96,49.16,304.6,0,normal,0
15744,23.08,49.25,304.0,0,normal,0
15746,23.06,48.9,299.5,0,normal,0
15748,23.14,49.1,306.0,0,normal,0
15750,23.24,49.02,304.5,0,normal,0
15752,23.18,49.07,305.1,0,normal,0
15754,23.05,48.99,305.7,0,normal,0
15756,22.91,49.19,306.6,0,normal,0
15758,23.05,49.15,307.2,0,normal,0
15760,22.99,49.47,305.9,0,normal,0
15762,22.98,49.62,307.2,0,normal,0
15764,22.87,49.8,307.1,0,normal,0
15766,22.84,49.82,305.2,0,normal,0
15768,22.87,49.7,300.5,0,normal,0
15770,22.92,49.33,306.3,0,normal,0
15772,22.93,48.99,302.4,0,normal,0
15774,22.85,48.83,305.7,0,normal,0
15776,22.84,48.76,305.7,0,normal,0
15778,22.83,48.96,309.5,0,normal,0
15780,22.93,49.15,306.2,0,normal,0
15782,22.89,49.26,305.1,0,normal,0
15784,22.79,48.97,306.3,0,normal,0
15786,22.84,48.96,306.1,0,normal,0
15788,22.77,49.04,308.9,0,normal,0
15790,22.89,48.93,306.1,0,normal,0
15792,23.0,49.23,308.5,0,normal,0
15794,22.96,49.4,308.1,0,normal,0
15796,22.92,49.53,304.6,0,normal,0
15798,22.97,49.7,304.3,0,normal,0
15800,22.83,49.57,301.8,0,normal,0
15802,22.92,49.2,305.3,0,normal,0
15804,23.03,49.1,305.6,0,normal,0
15806,23.03,49.01,299.7,0,normal,0
15808,23.02,49.08,301.3,0,normal,0
15810,22.96,48.51,301.1,0,normal,0
15812,22.88,48.41,300.2,0,normal,0
15814,22.91,48.21,304.1,0,normal,0
15816,22.93,48.46,309.4,0,normal,0
15818,22.88,48.23,307.7,0,normal,0
15820,22.96,48.09,311.7,0,normal,0
15822,22.92,48.22,307.4,0,normal,0
15824,22.99,48.13,306.0,0,normal,0
15826,22.9,48.0,293.5,0,normal,0
15828,22.92,48.17,299.1,0,normal,0
15830,22.96,48.3,302.8,0,normal,0
15832,23.03,48.36,302.4,0,normal,0
15834,22.99,48.42,300.6,0,normal,0
15836,22.98,48.62,300.6,0,normal,0
15838,22.97,48.56,303.6,0,normal,0
15840,23.05,48.54,300.6,0,normal,0
15842,22.96,48.67,301.4,0,normal,0
15844,22.92,49.07,299.2,0,normal,0
15846,22.77,49.14,303.5,0,normal,0
15848,22.91,48.8,297.4,0,normal,0
15850,22.91,48.74,293.2,0,normal,0
15852,22.88,48.76,294.2,0,normal,0
15854,22.86,48.75,297.3,0,normal,0
15856,22.91,49.2,301.7,0,normal,0
15858,22.88,48.97,304.8,0,normal,0
15860,22.89,49.2,301.4,0,normal,0
15862,22.76,49.04,303.6,0,normal,0
15864,22.66,49.22,301.3,0,normal,0
15866,22.77,49.06,299.4,0,normal,0
15868,22.77,48.98,300.2,0,normal,0
15870,22.64,49.11,299.8,0,normal,0
15872,22.66,49.28,305.5,0,normal,0
15874,22.73,49.73,309.1,0,normal,0
15876,22.86,50.01,310.4,0,normal,0
15878,22.78,49.77,305.3,0,normal,0
15880,22.79,49.48,299.7,0,normal,0
15882,22.72,49.87,297.7,0,normal,0
15884,22.59,49.95,302.0,0,normal,0
15886,22.52,49.63,301.3,0,normal,0
15888,22.54,49.56,298.9,0,normal,0
15890,22.51,49.59,305.3,0,normal,0
15892,22.51,49.57,306.0,0,normal,0
15894,22.49,49.83,310.2,0,normal,0
15896,22.53,49.72,308.2,0,normal,0
15898,22.72,49.68,305.3,0,normal,0
15900,22.76,49.08,304.6,0,normal,0
15902,22.84,49.12,300.4,0,normal,0
15904,22.98,49.25,297.9,0,normal,0
15906,22.84,49.12,297.5,0,normal,0
15908,22.72,49.7,296.5,0,normal,0
15910,22.65,49.8,293.9,0,normal,0
15912,22.55,49.99,294.6,0,normal,0
15914,22.65,50.05,300.4,0,normal,0
15916,22.55,49.5,296.0,0,normal,0
15918,22.51,49.43,298.4,0,normal,0
15920,22.6,49.79,302.2,0,normal,0
15922,22.53,49.69,302.1,0,normal,0
15924,22.56,49.45,301.7,0,normal,0
15926,22.64,49.42,301.5,0,normal,0
15928,22.58,49.42,299.0,0,normal,0
15930,22.68,49.2,302.6,0,normal,0
15932,22.73,49.57,305.6,0,normal,0
15934,22.75,49.21,297.1,0,normal,0
15936,22.73,49.25,296.6,0,normal,0
15938,22.64,49.32,300.1,0,normal,0
15940,22.79,49.28,303.2,0,normal,0
15942,22.73,49.5,307.1,0,normal,0
15944,22.69,49.44,307.8,0,normal,0
15946,22.67,49.64,307.9,0,normal,0
15948,22.65,49.59,310.5,0,normal,0
15950,22.69,49.63,307.2,0,normal,0
15952,22.62,49.71,303.6,0,normal,0
15954,22.61,49.93,305.7,0,normal,0
15956,22.68,49.83,304.9,0,normal,0
15958,22.59,49.68,306.0,0,normal,0
15960,22.58,49.63,303.0,0,normal,0
15962,22.48,49.59,301.6,0,normal,0
15964,22.47,49.62,299.5,0,normal,0
15966,22.5,49.48,295.8,0,normal,0
15968,22.44,49.41,303.7,0,normal,0
15970,22.6,49.61,298.2,0,normal,0
15972,22.48,49.42,299.8,0,normal,0
15974,22.58,49.57,301.4,0,normal,0
15976,22.56,49.9,304.2,0,normal,0
15978,22.58,49.98,306.9,0,normal,0
15980,22.49,49.8,303.8,0,normal,0
15982,22.54,49.77,303.1,0,normal,0
15984,22.57,49.76,300.7,0,normal,0
15986,22.43,49.39,303.0,0,normal,0
15988,22.43,49.4,297.4,0,normal,0
15990,22.41,49.63,297.7,0,normal,0
15992,22.49,49.71,300.9,0,normal,0
15994,22.39,49.84,301.4,0,normal,0
15996,22.46,49.71,302.1,0,normal,0
15998,22.48,50.0,298.3,0,normal,0
16000,22.6,49.96,298.1,0,normal,0
16002,22.48,50.16,297.0,0,normal,0
16004,22.56,49.9,301.0,0,normal,0
16006,22.33,49.75,300.9,0,normal,0
16008,22.24,49.62,302.1,0,normal,0
16010,22.23,49.76,300.4,0,normal,0
16012,22.16,49.74,304.3,0,normal,0
16014,22.24,49.82,306.7,0,normal,0
16016,22.22,50.0,301.9,0,normal,0
16018,22.24,49.7,300.3,0,normal,0
16020,22.26,49.94,304.3,0,normal,0
16022,22.33,49.8,304.8,0,normal,0
16024,22.28,49.44,306.2,0,normal,0
16026,22.37,49.68,306.5,0,normal,0
16028,22.36,49.57,307.2,0,normal,0
16030,22.39,49.83,306.1,0,normal,0
16032,22.44,49.94,309.4,0,normal,0
16034,22.48,50.42,305.2,0,normal,0
16036,22.4,50.25,305.2,0,normal,0
16038,22.35,49.81,304.1,0,normal,0
16040,22.31,49.77,305.5,0,normal,0
16042,22.33,49.67,298.0,0,normal,0
16044,22.35,49.6,305.5,0,normal,0
16046,22.17,49.67,311.0,0,normal,0
16048,22.02,49.53,305.3,0,normal,0
16050,22.12,49.36,305.3,0,normal,0
16052,22.05,49.28,306.1,0,normal,0
16054,22.11,49.53,304.4,0,normal,0
16056,22.07,49.63,305.5,0,normal,0
16058,22.12,50.23,308.0,0,normal,0
16060,22.16,50.21,307.9,0,normal,0
16062,22.09,49.83,303.4,0,normal,0
16064,22.2,49.96,303.1,0,normal,0
16066,22.31,50.13,302.4,0,normal,0
16068,22.35,50.08,308.8,0,normal,0
16070,22.2,49.79,309.9,0,normal,0
16072,22.15,49.94,305.0,0,normal,0
16074,22.2,49.7,304.0,0,normal,0
16076,22.28,49.9,300.0,0,normal,0
16078,22.21,49.8,301.2,0,normal,0
16080,22.01,49.62,300.7,0,normal,0
16082,21.95,49.6,298.7,0,normal,0
16084,22.03,50.1,297.4,0,normal,0
16086,21.99,50.04,299.6,0,normal,0
16088,22.13,49.81,299.3,0,normal,0
16090,22.11,50.2,297.7,0,normal,0
16092,22.25,50.25,300.3,0,normal,0
16094,22.16,50.2,299.5,0,normal,0
16096,22.16,50.16,301.9,0,normal,0
16098,22.23,50.12,303.2,0,normal,0
16100,22.15,50.28,308.2,0,normal,0
16102,22.43,50.37,310.0,0,normal,0
16104,22.51,50.19,308.9,0,normal,0
16106,22.44,50.33,309.2,0,normal,0
16108,22.46,50.25,309.5,0,normal,0
16110,22.4,50.3,305.5,0,normal,0
16112,22.36,49.88,303.9,0,normal,0
16114,22.45,49.68,303.5,0,normal,0
16116,22.44,49.8,304.1,0,normal,0
16118,22.54,50.03,301.7,0,normal,0
16120,22.5,49.92,296.1,0,normal,0
16122,22.54,49.91,300.3,0,normal,0
16124,22.55,49.98,299.5,0,normal,0
16126,22.6,50.05,298.1,0,normal,0
16128,22.53,50.25,297.6,0,normal,0
16130,22.52,50.24,299.3,0,normal,0
16132,22.52,50.22,300.0,0,normal,0
16134,22.36,50.25,298.9,0,normal,0
16136,22.4,50.38,302.1,0,normal,0
16138,22.4,50.59,299.9,0,normal,0
16140,22.31,50.58,303.0,0,normal,0
16142,22.34,50.6,308.3,0,normal,0
16144,22.39,50.49,301.3,0,normal,0
16146,22.33,50.31,302.9,0,normal,0
16148,22.34,50.54,303.7,0,normal,0
16150,22.43,50.38,309.4,0,normal,0
16152,22.42,50.08,310.6,0,normal,0
16154,22.39,50.05,310.4,0,normal,0
16156,22.34,50.25,305.0,0,normal,0
16158,22.24,50.35,305.9,0,normal,0
16160,22.31,50.34,305.2,1,normal,0
16162,22.27,50.38,298.4,0,normal,0
16164,22.17,50.4,299.2,0,normal,0
16166,21.93,50.34,298.3,0,normal,0
16168,21.93,50.36,299.6,0,normal,0
16170,21.89,50.28,304.6,0,normal,0
16172,21.88,50.36,303.9,0,normal,0
16174,21.9,50.3,301.9,0,normal,0
16176,21.89,49.96,299.8,0,normal,0
16178,21.93,49.82,300.0,0,normal,0
16180,22.02,49.87,298.7,0,normal,0
16182,21.98,49.93,300.8,0,normal,0
16184,22.01,50.09,300.5,0,normal,0
16186,21.96,49.9,304.0,0,normal,0
16188,22.02,49.93,303.5,0,normal,0
16190,22.0,49.79,305.1,0,normal,0
16192,21.98,49.49,300.6,0,normal,0
16194,22.0,49.46,302.3,0,normal,0
16196,21.99,49.55,297.8,0,normal,0
16198,21.94,49.56,299.5,0,normal,0
16200,21.96,49.73,302.8,0,normal,0
16202,22.01,49.88,300.6,0,normal,0
16204,22.0,49.56,296.2,0,normal,0
16206,21.95,49.95,298.7,0,normal,0
16208,22.04,50.07,301.4,0,normal,0
16210,22.03,49.95,307.9,0,normal,0
16212,21.95,49.72,310.6,0,normal,0
16214,21.88,49.82,302.8,0,normal,0
16216,21.86,49.85,304.6,0,normal,0
16218,21.96,49.71,296.9,0,normal,0
16220,22.05,49.74,297.4,0,normal,0
16222,22.09,49.53,303.4,0,normal,0
16224,21.97,49.37,301.6,0,normal,0
16226,21.93,49.37,304.6,0,normal,0
16228,22.03,49.42,304.0,0,normal,0
16230,22.08,49.43,299.5,0,normal,0
16232,22.08,49.62,299.8,0,normal,0
16234,22.12,49.87,296.5,0,normal,0
16236,22.07,50.29,297.6,0,normal,0
16238,22.08,50.31,298.7,0,normal,0
16240,22.09,50.24,296.2,0,normal,0
16242,22.01,50.07,296.5,0,normal,0
16244,22.07,50.06,297.5,0,normal,0
16246,22.02,49.92,297.3,0,normal,0
16248,22.05,49.96,295.1,0,normal,0
16250,21.95,50.27,295.9,0,normal,0
16252,22.06,50.5,296.9,0,normal,0
16254,22.21,50.67,299.9,0,normal,0
16256,22.13,50.54,298.3,0,normal,0
16258,22.15,50.45,296.0,0,normal,0
16260,22.04,50.6,293.9,0,normal,0
16262,22.17,50.66,301.0,0,normal,0
16264,22.03,50.49,294.2,0,normal,0
16266,21.98,50.15,295.9,0,normal,0
16268,21.92,50.19,295.5,0,normal,0
16270,22.04,50.32,291.0,0,normal,0
16272,21.93,50.16,297.0,0,normal,0
16274,21.94,50.18,299.0,0,normal,0
16276,22.01,50.15,297.9,0,normal,0
16278,22.01,49.97,299.5,0,normal,0
16280,21.95,50.09,298.6,0,normal,0
16282,21.95,49.96,299.8,0,normal,0
16284,21.89,49.77,297.1,0,normal,0
16286,21.93,49.5,297.3,0,normal,0
16288,21.95,49.42,297.2,0,normal,0
16290,21.95,49.2,299.7,0,normal,0
16292,22.0,49.36,296.0,0,normal,0
16294,21.94,49.22,294.3,0,normal,0
16296,21.89,49.16,294.6,0,normal,0
16298,21.89,49.3,295.9,0,normal,0
16300,21.91,49.33,292.2,0,normal,0
16302,21.86,49.34,297.4,0,normal,0
16304,21.88,49.54,299.5,0,normal,0
16306,21.91,49.85,304.3,0,normal,0
16308,21.89,50.06,301.4,0,normal,0
16310,21.86,50.07,300.7,0,normal,0
16312,21.8,50.18,301.5,0,normal,0
16314,21.89,50.07,301.8,0,normal,0
16316,21.81,50.25,294.5,0,normal,0
16318,21.92,50.15,298.8,0,normal,0
16320,21.87,50.37,294.6,0,normal,0
16322,21.72,50.5,299.9,0,normal,0
16324,21.77,50.4,296.1,0,normal,0
16326,21.76,50.24,295.8,0,normal,0
16328,21.71,49.85,297.3,0,normal,0
16330,21.69,49.88,300.5,0,normal,0
16332,21.66,49.84,302.8,0,normal,0
16334,21.71,49.75,298.8,0,normal,0
16336,21.61,49.83,297.1,0,normal,0
16338,21.52,49.94,300.5,0,normal,0
16340,21.62,50.12,296.0,0,normal,0
16342,21.66,50.15,293.5,0,normal,0
16344,21.64,50.09,297.7,0,normal,0
16346,21.75,49.85,299.4,0,normal,0
16348,21.69,49.51,300.5,0,normal,0
16350,21.84,49.66,296.2,0,normal,0
16352,21.75,49.66,297.9,0,normal,0
16354,21.76,49.78,300.6,0,normal,0
16356,21.75,49.88,300.0,0,normal,0
16358,21.85,49.93,298.9,0,normal,0
16360,21.87,50.03,304.2,0,normal,0
16362,21.88,50.18,300.9,0,normal,0
16364,21.89,50.46,302.4,0,normal,0
16366,21.93,50.49,301.6,0,normal,0
16368,21.97,50.69,294.9,0,normal,0
16370,21.88,50.78,294.6,0,normal,0
16372,21.8,50.84,293.6,0,normal,0
16374,21.79,50.82,293.8,0,normal,0
16376,21.64,50.86,295.5,0,normal,0
16378,21.49,50.74,295.1,0,normal,0
16380,21.52,50.54,301.7,0,normal,0
16382,21.54,50.59,295.1,0,normal,0
16384,21.51,50.59,293.2,0,normal,0
16386,21.44,51.18,290.3,0,normal,0
16388,21.37,51.38,286.4,0,normal,0
16390,21.4,51.07,286.8,0,normal,0
16392,21.54,51.17,287.7,0,normal,0
16394,21.5,51.08,289.5,0,normal,0
16396,21.53,50.94,293.5,0,normal,0
16398,21.51,50.6,292.3,0,normal,0
16400,21.48,50.59,294.7,0,normal,0
16402,21.54,50.48,298.2,0,normal,0
16404,21.4,50.31,300.8,0,normal,0
16406,21.36,50.3,293.2,0,normal,0
16408,21.39,50.52,294.3,0,normal,0
16410,21.4,50.95,294.7,0,normal,0
16412,21.27,51.06,297.5,0,normal,0
16414,21.42,50.6,296.0,0,normal,0
16416,21.61,50.78,298.0,0,normal,0
16418,21.54,50.36,301.3,0,normal,0
16420,21.59,50.19,301.8,0,normal,0
16422,21.61,50.45,299.2,0,normal,0
16424,21.59,50.47,298.2,0,normal,0
16426,21.47,50.48,299.1,0,normal,0
16428,21.51,50.29,297.1,0,normal,0
16430,21.52,50.23,293.3,0,normal,0
16432,21.43,50.27,297.6,0,normal,0
16434,21.5,50.13,291.9,0,normal,0
16436,21.44,49.82,291.1,0,normal,0
16438,21.52,49.87,291.0,0,normal,0
16440,21.51,49.9,293.8,0,normal,0
16442,21.46,50.06,295.1,0,normal,0
16444,21.61,50.08,299.3,0,normal,0
16446,21.69,50.18,296.3,0,normal,0
16448,21.71,49.94,294.2,0,normal,0
16450,21.6,49.83,295.7,0,normal,0
16452,21.54,49.53,297.7,0,normal,0
16454,21.57,49.7,296.0,0,normal,0
16456,21.5,49.74,293.0,0,normal,0
16458,21.43,49.95,297.2,0,normal,0
16460,21.45,50.12,297.9,0,normal,0
16462,21.46,50.08,297.9,0,normal,0
16464,21.34,49.91,290.9,0,normal,0
16466,21.4,49.82,293.1,0,normal,0
16468,21.39,49.86,291.6,0,normal,0
16470,21.54,49.9,293.5,0,normal,0
16472,21.51,50.02,294.0,0,normal,0
16474,21.48,49.87,294.8,0,normal,0
16476,21.4,50.14,295.5,0,normal,0
16478,21.43,50.07,293.5,0,normal,0
16480,21.39,49.78,296.2,0,normal,0
16482,21.38,50.09,298.6,0,normal,0
16484,21.45,50.25,301.9,0,normal,0
16486,21.54,50.29,302.6,0,normal,0
16488,21.53,50.55,298.9,0,normal,0
16490,21.48,50.52,292.3,0,normal,0
16492,21.45,50.32,296.8,0,normal,0
16494,21.34,50.42,294.6,0,normal,0
16496,21.44,50.3,292.0,0,normal,0
16498,21.47,50.11,294.6,0,normal,0
16500,21.34,50.02,294.0,0,normal,0
16502,21.23,49.77,291.7,0,normal,0
16504,21.17,49.83,292.5,0,normal,0
16506,21.3,50.09,292.7,0,normal,0
16508,21.18,50.01,292.6,0,normal,0
16510,21.17,49.9,295.9,0,normal,0
16512,21.19,50.1,291.2,0,normal,0
16514,21.1,50.1,294.5,0,normal,0
16516,21.08,50.39,299.0,0,normal,0
16518,21.21,50.64,296.4,0,normal,0
16520,21.3,50.61,293.2,0,normal,0
16522,21.17,50.68,291.8,0,normal,0
16524,21.2,50.45,293.7,0,normal,0
16526,21.19,50.61,288.8,0,normal,0
16528,21.28,50.84,286.8,0,normal,0
16530,21.17,51.0,294.2,0,normal,0
16532,21.17,50.67,292.1,0,normal,0
16534,21.22,50.44,295.9,0,normal,0
16536,21.12,50.27,295.6,0,normal,0
16538,21.12,50.33,292.4,0,normal,0
16540,21.11,50.38,296.8,0,normal,0
16542,21.15,50.19,300.6,0,normal,0
16544,21.09,50.4,296.0,0,normal,0
16546,21.3,50.69,296.3,0,normal,0
16548,21.33,51.13,301.0,0,normal,0
16550,21.22,50.85,304.5,0,normal,0
16552,21.15,50.76,302.1,0,normal,0
16554,21.05,50.52,299.8,0,normal,0
16556,21.07,50.59,305.4,0,normal,0
16558,21.07,50.82,295.2,0,normal,0
16560,21.13,50.73,294.9,0,normal,0
16562,21.15,50.72,296.1,0,normal,0
16564,21.09,50.82,296.3,0,normal,0
16566,21.05,51.01,299.7,0,normal,0
16568,21.1,51.19,296.8,0,normal,0
16570,21.15,51.52,299.5,0,normal,0
16572,21.04,51.41,299.1,0,normal,0
16574,21.0,51.26,302.6,0,normal,0
16576,21.07,50.9,298.6,0,normal,0
16578,21.02,50.76,294.8,0,normal,0
16580,21.03,50.86,295.5,0,normal,0
16582,20.96,50.88,291.9,0,normal,0
16584,21.06,51.11,288.1,0,normal,0
16586,21.03,50.76,288.5,0,normal,0
16588,20.99,51.04,294.5,0,normal,0
16590,21.03,50.93,299.4,0,normal,0
16592,21.02,51.06,299.5,0,normal,0
16594,21.04,51.25,293.8,0,normal,0
16596,21.14,51.18,285.9,0,normal,0
16598,21.13,51.1,289.6,0,normal,0
16600,21.12,50.74,290.9,0,normal,0
16602,21.23,50.77,286.4,0,normal,0
16604,21.2,50.4,291.6,0,normal,0
16606,21.17,50.19,294.6,0,normal,0
16608,21.23,50.35,298.3,0,normal,0
16610,21.11,50.92,300.1,0,normal,0
16612,21.19,50.6,297.8,0,normal,0
16614,21.16,50.77,298.5,0,normal,0
16616,21.1,50.94,296.4,0,normal,0
16618,21.05,51.34,300.5,0,normal,0
16620,20.99,51.37,304.8,0,normal,0
16622,21.04,51.22,303.4,0,normal,0
16624,20.99,51.24,301.8,0,normal,0
16626,20.83,51.13,299.2,0,normal,0
16628,20.79,50.79,294.9,0,normal,0
16630,20.86,50.7,293.8,0,normal,0
16632,20.85,50.49,293.5,0,normal,0
16634,20.81,50.55,289.3,0,normal,0
16636,20.73,50.6,288.3,0,normal,0
16638,20.84,50.32,294.1,0,normal,0
16640,20.8,50.6,293.8,0,normal,0
16642,20.86,50.84,293.3,0,normal,0
16644,20.71,50.67,294.9,0,normal,0
16646,20.7,50.71,295.8,0,normal,0
16648,20.65,50.97,296.3,0,normal,0
16650,20.66,50.73,293.4,0,normal,0
16652,20.69,50.65,284.7,0,normal,0
16654,20.68,50.37,291.2,0,normal,0
16656,20.73,50.38,291.0,0,normal,0
16658,20.83,50.68,291.4,0,normal,0
16660,20.84,50.71,295.8,0,normal,0
16662,20.75,51.16,294.8,0,normal,0
16664,20.84,51.17,290.9,0,normal,0
16666,20.79,51.21,289.1,0,normal,0
16668,20.8,51.05,289.2,0,normal,0
16670,20.89,50.93,291.1,0,normal,0
16672,20.89,51.18,292.4,0,normal,0
16674,20.88,51.13,292.2,0,normal,0
16676,20.86,51.16,288.8,0,normal,0
16678,20.76,51.6,289.8,0,normal,0
16680,20.73,51.89,285.9,0,normal,0
16682,20.65,51.69,289.5,0,normal,0
16684,20.7,51.47,295.2,0,normal,0
16686,20.68,51.43,294.7,0,normal,0
16688,20.69,51.5,296.3,0,normal,0
16690,20.79,51.57,292.6,0,normal,0
16692,20.86,51.71,293.7,0,normal,0
16694,20.88,52.07,290.4,0,normal,0
16696,20.94,51.8,293.5,0,normal,0
16698,20.98,51.86,298.1,0,normal,0
16700,20.97,51.75,301.1,0,normal,0
16702,21.0,51.66,301.3,0,normal,0
16704,21.09,51.56,302.3,0,normal,0
16706,21.04,51.26,303.8,1,normal,0
16708,21.04,51.28,302.7,0,normal,0
16710,20.89,50.94,297.8,0,normal,0
16712,20.81,50.86,298.4,0,normal,0
16714,20.82,51.08,305.0,0,normal,0
16716,20.78,51.19,298.1,0,normal,0
16718,20.8,50.79,302.4,0,normal,0
16720,20.78,50.62,299.0,0,normal,0
16722,20.76,50.87,296.6,0,normal,0
16724,20.76,50.97,299.3,0,normal,0
16726,20.71,51.11,300.8,0,normal,0
16728,20.77,51.04,300.0,0,normal,0
16730,20.72,50.89,295.8,0,normal,0
16732,20.72,50.92,292.4,0,normal,0
16734,20.83,51.27,292.2,0,normal,0
16736,20.83,51.77,290.5,0,normal,0
16738,20.78,51.77,295.5,0,normal,0
16740,20.73,51.71,294.9,0,normal,0
16742,20.78,51.8,292.7,0,normal,0
16744,20.83,51.77,299.1,0,normal,0
16746,20.77,51.47,297.6,0,normal,0
16748,20.72,51.32,293.6,0,normal,0
16750,20.88,51.22,296.6,0,normal,0
16752,20.8,51.27,297.9,0,normal,0
16754,20.91,51.49,294.4,0,normal,0
16756,20.91,51.29,292.2,0,normal,0
16758,20.84,51.35,296.9,0,normal,0
16760,20.81,51.05,290.1,0,normal,0
16762,20.77,51.23,295.1,0,normal,0
16764,20.74,51.22,295.5,0,normal,0
16766,20.77,51.17,293.8,0,normal,0
16768,20.63,50.82,294.9,0,normal,0
16770,20.72,51.12,297.2,0,normal,0
16772,20.76,51.36,304.3,1,normal,0
16774,20.69,51.0,296.6,0,normal,0
16776,20.56,51.12,296.7,0,normal,0
16778,20.71,51.09,292.9,0,normal,0
16780,20.58,51.41,294.6,0,normal,0
16782,20.62,51.3,297.1,0,normal,0
16784,20.67,51.28,295.4,0,normal,0
16786,20.58,51.17,294.8,0,normal,0
16788,20.68,51.41,295.7,1,normal,0
16790,20.56,51.76,295.3,0,normal,0
16792,20.43,51.78,293.6,0,normal,0
16794,20.36,51.91,295.9,0,normal,0
16796,20.32,51.74,297.1,0,normal,0
16798,20.47,51.79,295.4,0,normal,0
16800,20.39,52.04,294.8,0,normal,0
16802,20.57,51.78,293.4,0,normal,0
16804,20.59,51.74,291.2,0,normal,0
16806,20.68,51.88,295.8,0,normal,0
16808,20.72,51.57,292.9,0,normal,0
16810,20.65,51.82,292.4,0,normal,0
16812,20.63,51.74,292.2,0,normal,0
16814,20.67,51.94,297.2,0,normal,0
16816,20.7,51.99,292.1,0,normal,0
16818,20.85,52.11,301.4,0,normal,0
16820,20.76,52.17,302.7,0,normal,0
16822,20.64,51.79,298.8,0,normal,0
16824,20.54,51.67,299.6,0,normal,0
16826,20.44,51.67,302.3,1,normal,0
16828,20.45,51.87,298.8,0,normal,0
16830,20.49,52.01,295.5,0,normal,0
16832,20.66,52.26,298.6,0,normal,0
16834,20.67,52.34,300.8,0,normal,0
16836,20.61,52.2,301.5,0,normal,0
16838,20.62,52.12,299.4,0,normal,0
16840,20.78,52.16,297.3,0,normal,0
16842,20.73,52.15,296.9,0,normal,0
16844,20.64,51.95,295.1,0,normal,0
16846,20.68,51.63,301.6,0,normal,0
16848,20.73,51.85,295.1,0,normal,0
16850,20.78,51.39,294.8,0,normal,0
16852,20.81,51.25,300.0,0,normal,0
16854,20.87,50.99,298.2,0,normal,0
16856,20.99,51.25,303.3,0,normal,0
16858,21.1,51.2,300.6,0,normal,0
16860,21.13,51.16,299.0,0,normal,0
16862,21.11,51.28,299.1,0,normal,0
16864,21.0,51.65,298.8,0,normal,0
16866,20.91,51.59,301.3,0,normal,0
16868,20.77,51.18,298.3,0,normal,0
16870,20.7,51.29,294.2,0,normal,0
16872,20.7,51.41,295.9,0,normal,0
16874,20.76,51.17,295.7,0,normal,0
16876,20.65,51.17,302.0,0,normal,0
16878,20.75,51.3,294.4,0,normal,0
16880,20.72,51.46,294.3,0,normal,0
16882,20.56,51.34,296.7,0,normal,0
16884,20.58,51.27,295.4,0,normal,0
16886,20.51,51.42,295.2,0,normal,0
16888,20.45,51.27,296.4,0,normal,0
16890,20.45,51.44,304.7,0,normal,0
16892,20.38,51.29,298.2,0,normal,0
16894,20.4,51.16,298.3,0,normal,0
16896,20.43,51.21,291.6,0,normal,0
16898,20.53,51.1,292.6,0,normal,0
16900,20.46,51.24,295.0,0,normal,0
16902,20.37,51.3,296.9,0,normal,0
16904,20.6,51.75,292.5,0,normal,0
16906,20.54,51.37,294.8,0,normal,0
16908,20.65,51.36,299.0,0,normal,0
16910,20.63,51.48,294.3,0,normal,0
16912,20.59,51.56,291.4,0,normal,0
16914,20.76,51.22,294.0,0,normal,0
16916,20.81,51.01,292.6,0,normal,0
16918,20.75,51.0,288.6,0,normal,0
16920,20.71,51.11,290.9,0,normal,0
16922,20.75,51.24,289.5,0,normal,0
16924,20.72,51.21,292.8,0,normal,0
16926,20.75,50.98,290.9,0,normal,0
16928,20.7,50.88,287.6,0,normal,0
16930,20.68,50.86,291.2,0,normal,0
16932,20.68,51.06,297.8,0,normal,0
16934,20.66,51.26,294.8,0,normal,0
16936,20.54,51.46,296.4,0,normal,0
16938,20.55,51.41,296.7,0,normal,0
16940,20.47,51.35,297.3,0,normal,0
16942,20.45,51.52,302.9,0,normal,0
16944,20.42,51.48,297.9,0,normal,0
16946,20.35,51.43,297.5,0,normal,0
16948,20.52,51.65,296.6,0,normal,0
16950,20.4,51.46,294.8,0,normal,0
16952,20.51,51.68,296.7,0,normal,0
16954,20.41,51.55,301.4,0,normal,0
16956,20.38,51.53,300.2,0,normal,0
16958,20.47,51.73,297.9,0,normal,0
16960,20.48,51.39,294.8,0,normal,0
16962,20.5,51.52,297.4,0,normal,0
16964,20.65,51.66,292.0,0,normal,0
16966,20.69,51.73,288.4,0,normal,0
16968,20.78,51.81,293.0,0,normal,0
16970,20.77,51.58,294.0,0,normal,0
16972,20.75,51.61,293.0,0,normal,0
16974,20.73,51.72,290.5,0,normal,0
16976,20.84,51.61,290.2,0,normal,0
16978,20.56,51.27,293.2,0,normal,0
16980,20.59,51.17,291.5,0,normal,0
16982,20.62,51.33,293.9,0,normal,0
16984,20.48,51.15,294.0,0,normal,0
16986,20.5,50.89,294.7,0,normal,0
16988,20.48,50.89,291.0,0,normal,0
16990,20.41,50.85,296.6,0,normal,0
16992,20.44,50.84,301.6,0,normal,0
16994,20.35,50.9,299.0,0,normal,0
16996,20.49,50.91,295.3,0,normal,0
16998,20.38,50.86,297.6,0,normal,0
17000,20.3,51.16,296.2,0,normal,0
17002,20.29,51.45,294.3,0,normal,0
17004,20.31,51.24,292.2,0,normal,0
17006,20.38,51.47,290.0,0,normal,0
17008,20.41,51.5,285.4,0,normal,0
17010,20.43,51.22,291.1,0,normal,0
17012,20.23,51.19,293.5,0,normal,0
17014,20.22,51.24,293.5,0,normal,0
17016,20.24,51.12,290.7,0,normal,0
17018,20.34,51.15,291.8,0,normal,0
17020,20.27,51.37,290.5,0,normal,0
17022,20.33,51.31,292.6,0,normal,0
17024,20.31,51.4,291.4,0,normal,0
17026,20.27,51.48,291.3,0,normal,0
17028,20.29,51.23,297.1,0,normal,0
17030,20.29,51.34,294.6,0,normal,0
17032,20.32,51.22,288.7,0,normal,0
17034,20.33,51.2,291.6,0,normal,0
17036,20.42,51.25,294.7,0,normal,0
17038,20.49,51.35,291.7,0,normal,0
17040,20.41,51.49,292.6,0,normal,0
17042,20.54,51.4,292.9,0,normal,0
17044,20.64,51.19,295.4,0,normal,0
17046,20.7,51.1,294.8,0,normal,0
17048,20.69,50.92,291.7,0,normal,0
17050,20.83,50.95,294.0,0,normal,0
17052,20.76,50.89,290.8,0,normal,0
17054,20.76,51.25,288.6,0,normal,0
17056,20.66,51.45,291.3,0,normal,0
17058,20.66,51.57,292.4,0,normal,0
17060,20.74,51.54,293.4,0,normal,0
17062,20.68,51.47,292.0,0,normal,0
17064,20.73,51.62,290.5,0,normal,0
17066,20.63,51.32,292.7,0,normal,0
17068,20.66,51.56,286.0,0,normal,0
17070,20.78,51.4,290.8,0,normal,0
17072,20.73,51.37,293.4,0,normal,0
17074,20.7,51.4,297.5,0,normal,0
17076,20.77,51.15,296.8,0,normal,0
17078,20.83,51.31,293.4,0,normal,0
17080,20.79,51.19,294.2,0,normal,0
17082,20.78,51.41,290.8,0,normal,0
17084,20.76,51.58,290.1,0,normal,0
17086,20.81,51.77,287.0,0,normal,0
17088,20.84,51.81,285.8,0,normal,0
17090,20.83,51.83,291.3,0,normal,0
17092,20.74,51.32,288.5,0,normal,0
17094,20.6,51.29,286.6,0,normal,0
17096,20.44,51.31,289.2,0,normal,0
17098,20.48,51.3,294.5,0,normal,0
17100,20.73,51.15,294.3,0,normal,0
17102,20.76,51.39,292.4,0,normal,0
17104,20.81,51.33,292.4,0,normal,0
17106,20.77,51.51,293.9,0,normal,0
17108,20.78,51.51,294.9,0,normal,0
17110,20.67,51.45,292.7,0,normal,0
17112,20.66,51.58,292.2,0,normal,0
17114,20.56,51.31,290.8,0,normal,0
17116,20.6,51.51,292.4,0,normal,0
17118,20.49,51.53,293.1,0,normal,0
17120,20.58,51.34,295.4,0,normal,0
17122,20.57,51.31,297.1,0,normal,0
17124,20.62,51.55,296.8,0,normal,0
17126,20.65,51.27,293.8,0,normal,0
17128,20.52,51.29,290.2,0,normal,0
17130,20.42,51.54,285.6,0,normal,0
17132,20.52,51.59,288.7,0,normal,0
17134,20.56,51.8,289.7,0,normal,0
17136,20.62,51.75,286.0,0,normal,0
17138,20.78,51.66,288.2,0,normal,0
17140,20.81,51.5,292.5,0,normal,0
17142,20.92,51.54,296.1,0,normal,0
17144,20.87,51.67,293.4,0,normal,0
17146,20.79,51.8,297.0,0,normal,0
17148,20.78,51.78,295.7,0,normal,0
17150,20.77,51.57,293.1,0,normal,0
17152,20.77,51.63,292.4,0,normal,0
17154,20.82,51.31,290.7,0,normal,0
17156,20.86,51.35,289.2,0,normal,0
17158,20.93,51.22,289.6,0,normal,0
17160,20.87,51.33,290.6,0,normal,0
17162,20.78,51.33,289.2,0,normal,0
17164,20.8,51.2,290.0,0,normal,0
17166,20.84,51.17,290.1,1,normal,0
17168,20.84,50.93,294.7,0,normal,0
17170,20.84,51.61,296.7,1,normal,0
17172,20.96,52.08,297.8,0,normal,0
17174,20.96,52.11,295.4,0,normal,0
17176,20.84,52.01,290.0,0,normal,0
17178,20.77,51.82,293.2,0,normal,0
17180,20.89,52.03,294.4,0,normal,0
17182,20.92,52.05,291.6,0,normal,0
17184,20.78,52.14,290.0,0,normal,0
17186,20.69,52.06,295.8,1,normal,0
17188,20.7,51.98,295.5,0,normal,0
17190,20.66,52.14,296.7,0,normal,0
17192,20.69,51.9,295.9,0,normal,0
17194,20.59,51.45,294.2,0,normal,0
17196,20.59,51.88,295.3,0,normal,0
17198,20.61,51.92,291.9,0,normal,0
17200,20.66,52.12,293.6,0,normal,0
17202,20.66,52.09,293.7,0,normal,0
17204,20.65,52.0,292.4,0,normal,0
17206,20.63,51.84,290.8,0,normal,0
17208,20.67,51.66,284.2,0,normal,0
17210,20.72,51.34,287.5,0,normal,0
17212,20.65,51.51,291.0,0,normal,0
17214,20.58,51.27,283.7,0,normal,0
17216,20.59,51.5,284.5,0,normal,0
17218,20.5,51.49,289.3,0,normal,0
17220,20.49,51.21,291.0,0,normal,0
17222,20.69,51.16,293.2,0,normal,0
17224,20.71,51.13,296.4,0,normal,0
17226,20.66,51.08,295.3,0,normal,0
17228,20.61,51.27,294.9,0,normal,0
17230,20.56,51.17,291.8,0,normal,0
17232,20.47,51.02,292.5,0,normal,0
17234,20.46,50.97,290.4,0,normal,0
17236,20.53,51.12,291.9,0,normal,0
17238,20.61,51.31,293.0,0,normal,0
17240,20.67,51.4,291.0,0,normal,0
17242,20.5,51.31,290.7,0,normal,0
17244,20.53,51.58,298.4,0,normal,0
17246,20.47,51.54,292.9,0,normal,0
17248,20.5,51.29,297.3,0,normal,0
17250,20.5,51.36,299.8,0,normal,0
17252,20.48,51.57,298.4,0,normal,0
17254,20.39,51.86,301.3,0,normal,0
17256,20.4,51.88,296.1,0,normal,0
17258,20.41,52.28,294.2,0,normal,0
17260,20.46,52.14,301.1,0,normal,0
17262,20.48,52.59,294.3,0,normal,0
17264,20.42,52.55,297.2,0,normal,0
17266,20.55,52.36,300.4,0,normal,0
17268,20.68,51.81,300.1,0,normal,0
17270,20.65,51.95,303.4,0,normal,0
17272,20.54,51.73,300.3,0,normal,0
17274,20.73,51.51,298.7,0,normal,0
17276,20.84,52.14,300.8,0,normal,0
17278,20.88,51.84,299.2,0,normal,0
17280,20.72,51.58,292.7,0,normal,0
17282,20.85,51.53,299.1,1,normal,0
17284,20.91,51.83,300.3,0,normal,0
17286,20.83,51.75,296.9,0,normal,0
17288,20.62,51.47,294.5,0,normal,0
17290,20.73,51.56,299.5,0,normal,0
17292,20.67,51.44,288.5,0,normal,0
17294,20.67,51.5,291.0,0,normal,0
17296,20.72,51.51,290.8,0,normal,0
17298,20.8,51.52,288.9,0,normal,0
17300,20.77,51.43,291.8,0,normal,0
17302,20.81,51.53,292.5,0,normal,0
17304,20.82,51.41,296.5,0,normal,0
17306,20.79,51.21,304.0,0,normal,0
17308,20.82,51.46,304.5,0,normal,0
17310,20.78,51.15,300.0,0,normal,0
17312,20.75,50.9,296.5,0,normal,0
17314,20.73,50.91,294.6,0,normal,0
17316,20.6,50.95,295.7,0,normal,0
17318,20.55,51.13,289.7,0,normal,0
17320,20.47,50.84,294.1,0,normal,0
17322,20.54,50.74,295.3,0,normal,0
17324,20.43,50.84,290.6,0,normal,0
17326,20.61,50.69,292.9,0,normal,0
17328,20.62,50.91,287.1,0,normal,0
17330,20.62,50.64,288.1,0,normal,0
17332,20.52,50.69,292.3,0,normal,0
17334,20.49,50.88,285.7,0,normal,0
17336,20.64,51.07,285.4,0,normal,0
17338,20.65,50.86,294.2,0,normal,0
17340,20.52,50.62,290.9,1,normal,0
17342,20.6,50.54,292.6,0,normal,0
17344,20.74,50.57,296.4,0,normal,0
17346,20.69,51.16,293.2,0,normal,0
17348,20.68,51.07,296.4,0,normal,0
17350,20.81,51.08,292.5,0,normal,0
17352,20.6,51.09,289.4,0,normal,0
17354,20.7,51.31,291.4,0,normal,0
17356,20.65,51.41,287.7,0,normal,0
17358,20.68,51.39,291.2,1,normal,0
17360,20.78,51.44,295.5,0,normal,0
17362,20.84,51.01,295.7,0,normal,0
17364,20.86,50.67,292.1,0,normal,0
17366,20.95,50.96,288.8,0,normal,0
17368,20.87,51.21,286.7,0,normal,0
17370,20.87,51.25,286.2,0,normal,0
17372,20.79,51.19,289.9,1,normal,0
17374,20.81,51.09,294.8,0,normal,0
17376,20.76,50.63,292.0,0,normal,0
17378,20.68,50.54,290.1,0,normal,0
17380,20.61,50.62,292.8,0,normal,0
17382,20.69,51.02,293.1,0,normal,0
17384,20.55,50.96,291.8,0,normal,0
17386,20.46,51.08,288.6,0,normal,0
17388,20.33,51.15,288.6,0,normal,0
17390,20.27,51.3,284.1,0,normal,0
17392,20.16,51.23,286.4,0,normal,0
17394,20.1,51.63,290.1,0,normal,0
17396,20.07,51.25,290.2,0,normal,0
17398,20.25,51.56,289.1,0,normal,0
17400,20.3,51.84,295.0,0,normal,0
17402,20.27,51.73,297.0,0,normal,0
17404,20.15,51.76,294.2,0,normal,0
17406,20.14,51.51,295.3,0,normal,0
17408,20.3,51.6,301.3,1,normal,0
17410,20.31,51.43,299.4,1,normal,0
17412,20.41,51.57,301.8,0,normal,0
17414,20.46,51.31,301.1,0,normal,0
17416,20.49,51.0,295.9,0,normal,0
17418,20.48,51.13,302.4,0,normal,0
17420,20.49,51.29,300.4,0,normal,0
17422,20.48,51.47,303.8,0,normal,0
17424,20.44,51.5,302.4,0,normal,0
17426,20.47,51.54,297.9,0,normal,0
17428,20.57,51.51,295.2,0,normal,0
17430,20.63,51.51,294.1,0,normal,0
17432,20.51,51.48,294.7,0,normal,0
17434,20.58,51.43,295.2,0,normal,0
17436,20.62,51.49,290.6,0,normal,0
17438,20.58,51.44,294.1,0,normal,0
17440,20.67,51.65,290.6,0,normal,0
17442,20.72,51.57,291.1,0,normal,0
17444,20.87,51.27,287.7,0,normal,0
17446,20.68,51.08,292.7,0,normal,0
17448,20.75,50.71,291.9,0,normal,0
17450,20.66,50.96,290.1,0,normal,0
17452,20.68,50.77,287.1,0,normal,0
17454,20.72,50.39,294.2,0,normal,0
17456,20.85,50.23,291.5,0,normal,0
17458,20.85,50.51,293.4,0,normal,0
17460,20.78,50.27,295.1,0,normal,0
17462,20.84,50.42,289.5,0,normal,0
17464,20.87,50.41,297.0,0,normal,0
17466,20.96,50.46,297.5,0,normal,0
17468,20.72,50.47,299.6,0,normal,0
17470,20.73,50.84,295.6,0,normal,0
17472,20.5,50.67,295.7,0,normal,0
17474,20.54,50.57,297.4,0,normal,0
17476,20.57,50.85,299.0,0,normal,0
17478,20.52,50.94,295.4,0,normal,0
17480,20.58,50.84,303.4,0,normal,0
17482,20.62,50.79,301.8,0,normal,0
17484,20.72,50.72,295.7,0,normal,0
17486,20.84,50.53,295.5,0,normal,0
17488,20.85,50.45,295.1,0,normal,0
17490,20.83,50.46,295.9,0,normal,0
17492,20.77,50.54,300.7,0,normal,0
17494,20.87,50.46,301.2,0,normal,0
17496,20.86,50.79,297.8,0,normal,0
17498,20.84,50.92,293.9,0,normal,0
17500,20.89,50.97,294.7,0,normal,0
17502,20.84,50.72,297.0,0,normal,0
17504,20.82,50.87,296.7,0,normal,0
17506,20.82,50.8,294.7,0,normal,0
17508,20.91,50.77,302.7,0,normal,0
17510,20.82,50.73,301.0,0,normal,0
17512,20.73,50.64,297.3,0,normal,0
17514,20.69,50.99,300.0,0,normal,0
17516,20.65,50.9,294.7,0,normal,0
17518,20.61,51.25,295.1,0,normal,0
17520,20.7,51.23,300.5,0,normal,0
17522,20.67,51.1,296.9,0,normal,0
17524,20.84,51.17,298.5,0,normal,0
17526,20.92,50.96,299.1,0,normal,0
17528,20.92,51.1,298.9,0,normal,0
17530,20.91,50.88,295.5,0,normal,0
17532,20.96,50.89,294.1,0,normal,0
17534,21.15,50.98,293.6,0,normal,0
17536,21.16,51.15,294.6,0,normal,0
17538,21.06,51.36,293.6,0,normal,0
17540,21.05,51.36,290.1,0,normal,0
17542,21.31,51.4,289.4,0,normal,0
17544,21.2,51.31,290.6,0,normal,0
17546,21.15,51.39,290.9,0,normal,0
17548,21.13,51.48,292.3,0,normal,0
17550,21.07,51.2,290.3,0,normal,0
17552,21.16,51.09,294.3,0,normal,0
17554,21.09,51.12,295.2,0,normal,0
17556,21.07,50.94,294.3,0,normal,0
17558,21.1,51.05,298.5,0,normal,0
17560,21.13,50.7,296.6,0,normal,0
17562,21.1,50.81,297.7,0,normal,0
17564,21.1,50.62,292.5,0,normal,0
17566,21.08,50.58,291.0,0,normal,0
17568,20.79,50.7,291.0,0,normal,0
17570,20.87,50.82,294.6,0,normal,0
17572,20.9,51.07,295.3,0,normal,0
17574,20.9,51.13,293.9,0,normal,0
17576,20.98,51.02,295.6,0,normal,0
17578,20.84,50.57,300.4,0,normal,0
17580,20.96,50.51,302.4,0,normal,0
17582,20.92,50.59,301.6,0,normal,0
17584,20.85,50.38,301.4,0,normal,0
17586,20.78,50.45,300.9,0,normal,0
17588,20.84,50.43,297.0,0,normal,0
17590,20.8,50.8,293.6,0,normal,0
17592,20.89,50.64,287.2,0,normal,0
17594,20.79,50.43,290.6,0,normal,0
17596,20.91,50.62,286.6,0,normal,0
17598,20.91,50.76,289.1,0,normal,0
17600,21.07,50.55,294.9,0,normal,0
17602,21.1,51.12,295.5,0,normal,0
17604,21.06,50.96,291.4,0,normal,0
17606,21.04,50.84,289.1,0,normal,0
17608,20.89,50.97,294.9,0,normal,0
17610,20.89,51.07,296.6,0,normal,0
17612,20.81,51.02,298.8,0,normal,0
17614,20.78,51.25,301.0,0,normal,0
17616,20.98,51.19,303.3,0,normal,0
17618,20.91,51.1,299.1,0,normal,0
17620,20.97,51.07,292.7,0,normal,0
17622,21.03,50.85,294.1,0,normal,0
17624,21.01,50.93,295.0,0,normal,0
17626,21.01,51.05,293.2,0,normal,0
17628,20.97,50.74,290.1,0,normal,0
17630,21.13,51.19,292.6,0,normal,0
17632,21.17,51.27,287.2,0,normal,0
17634,21.25,50.82,293.8,0,normal,0
17636,21.1,51.27,295.4,0,normal,0
17638,21.09,51.3,292.3,0,normal,0
17640,21.0,51.41,298.4,0,normal,0
17642,21.1,51.7,300.2,0,normal,0
17644,21.08,52.09,301.8,0,normal,0
17646,21.03,51.98,299.5,0,normal,0
17648,21.05,51.86,300.1,0,normal,0
17650,21.07,51.35,297.1,0,normal,0
17652,21.07,51.34,296.4,0,normal,0
17654,21.21,50.97,296.8,0,normal,0
17656,21.29,50.33,295.0,0,normal,0
17658,21.29,50.57,300.2,0,normal,0
17660,21.33,50.52,294.7,0,normal,0
17662,21.29,50.67,294.5,0,normal,0
17664,21.16,50.79,287.2,0,normal,0
17666,21.16,50.99,288.8,0,normal,0
17668,20.98,51.05,296.4,0,normal,0
17670,21.07,50.48,306.9,0,normal,0
17672,21.05,50.36,304.8,0,normal,0
17674,20.91,50.5,302.1,0,normal,0
17676,20.95,50.67,300.5,0,normal,0
17678,21.19,50.69,301.5,0,normal,0
17680,21.14,50.57,299.7,0,normal,0
17682,21.14,50.67,299.2,0,normal,0
17684,21.19,50.6,299.8,0,normal,0
17686,21.1,50.98,298.5,0,normal,0
17688,21.24,50.62,296.7,0,normal,0
17690,21.21,50.38,302.6,0,normal,0
17692,21.24,50.42,295.3,0,normal,0
17694,21.31,50.36,298.1,0,normal,0
17696,21.3,50.25,295.7,0,normal,0
17698,21.35,50.71,295.4,0,normal,0
17700,21.22,50.98,293.8,0,normal,0
17702,21.11,51.06,297.1,0,normal,0
17704,21.15,51.16,297.0,0,normal,0
17706,21.11,51.07,302.7,0,normal,0
17708,21.07,51.08,293.9,0,normal,0
17710,21.1,51.38,292.0,0,normal,0
17712,21.17,51.4,291.7,0,normal,0
17714,21.29,51.44,290.9,0,normal,0
17716,21.45,51.55,293.9,0,normal,0
17718,21.56,51.24,295.3,0,normal,0
17720,21.61,51.06,294.9,0,normal,0
17722,21.52,50.81,293.4,0,normal,0
17724,21.43,50.72,294.9,0,normal,0
17726,21.33,50.5,293.7,0,normal,0
17728,21.3,50.32,296.3,0,normal,0
17730,21.33,50.38,295.8,0,normal,0
17732,21.5,50.19,295.3,0,normal,0
17734,21.43,50.34,297.0,0,normal,0
17736,21.48,50.27,296.7,0,normal,0
17738,21.43,49.91,300.5,0,normal,0
17740,21.43,50.1,300.3,0,normal,0
17742,21.29,50.26,300.9,0,normal,0
17744,21.5,50.26,304.1,0,normal,0
17746,21.51,50.24,301.4,0,normal,0
17748,21.51,50.07,301.4,0,normal,0
17750,21.51,49.84,300.0,0,normal,0
17752,21.39,49.78,297.3,0,normal,0
17754,21.47,50.16,297.3,0,normal,0
17756,21.5,49.97,290.7,0,normal,0
17758,21.57,49.69,287.0,0,normal,0
17760,21.7,49.59,289.5,0,normal,0
17762,21.75,49.3,294.4,0,normal,0
17764,21.68,49.63,294.4,0,normal,0
17766,21.65,49.79,298.3,0,normal,0
17768,21.52,50.02,297.7,0,normal,0
17770,21.71,50.31,297.3,0,normal,0
17772,21.58,50.76,297.6,0,normal,0
17774,21.68,50.71,298.8,0,normal,0
17776,21.6,50.43,301.0,0,normal,0
17778,21.62,50.51,301.2,0,normal,0
17780,21.61,50.83,296.3,0,normal,0
17782,21.53,51.02,297.8,0,normal,0
17784,21.61,51.03,301.3,0,normal,0
17786,21.67,50.75,299.5,0,normal,0
17788,21.68,51.11,303.2,0,normal,0
17790,21.74,51.17,301.0,0,normal,0
17792,21.87,50.98,298.1,0,normal,0
17794,21.76,50.98,300.1,0,normal,0
17796,21.7,50.87,297.7,1,normal,0
17798,21.58,50.73,295.4,0,normal,0
17800,21.53,50.88,295.5,0,normal,0
17802,21.51,51.12,303.5,0,normal,0
17804,21.5,51.1,302.6,0,normal,0
17806,21.52,50.8,299.4,0,normal,0
17808,21.67,50.79,295.7,0,normal,0
17810,21.74,50.66,293.5,0,normal,0
17812,21.7,50.58,299.6,0,normal,0
17814,21.74,50.78,299.3,0,normal,0
17816,21.68,50.71,300.1,0,normal,0
17818,21.76,50.66,299.9,0,normal,0
17820,21.71,50.86,302.3,0,normal,0
17822,21.7,50.69,302.8,0,normal,0
17824,21.58,50.35,303.6,0,normal,0
17826,21.55,50.74,302.3,0,normal,0
17828,21.72,50.62,302.0,0,normal,0
17830,21.51,50.58,305.4,0,normal,0
17832,21.52,50.71,303.8,0,normal,0
17834,21.48,50.46,304.6,0,normal,0
17836,21.45,50.43,307.2,0,normal,0
17838,21.57,50.34,302.1,0,normal,0
17840,21.52,50.05,296.0,0,normal,0
17842,21.41,49.85,295.1,0,normal,0
17844,21.41,49.89,297.6,0,normal,0
17846,21.43,49.93,302.9,0,normal,0
17848,21.5,49.63,304.3,0,normal,0
17850,21.63,50.11,307.5,0,normal,0
17852,21.69,50.22,305.1,0,normal,0
17854,21.76,49.86,300.8,0,normal,0
17856,21.7,49.98,296.4,0,normal,0
17858,21.63,49.96,291.6,0,normal,0
17860,21.65,50.04,294.8,0,normal,0
17862,21.7,50.2,293.5,0,normal,0
17864,21.77,50.29,292.0,0,normal,0
17866,21.8,50.57,298.4,0,normal,0
17868,21.74,50.5,296.7,0,normal,0
17870,21.68,50.54,297.0,0,normal,0
17872,21.78,50.24,295.5,0,normal,0
17874,21.85,50.11,292.2,0,normal,0
17876,21.68,50.09,294.1,0,normal,0
17878,21.73,50.03,294.7,0,normal,0
17880,21.76,50.0,299.2,0,normal,0
17882,21.69,50.18,301.5,0,normal,0
17884,21.6,49.87,299.9,0,normal,0
17886,21.68,50.22,298.5,0,normal,0
17888,21.72,50.45,294.1,0,normal,0
17890,21.61,50.32,293.1,0,normal,0
17892,21.62,49.96,294.9,0,normal,0
17894,21.73,49.85,298.3,0,normal,0
17896,21.7,49.78,295.5,0,normal,0
17898,21.85,49.66,297.7,0,normal,0
17900,21.73,49.86,297.0,0,normal,0
17902,21.84,49.71,295.7,0,normal,0
17904,21.82,50.07,296.6,0,normal,0
17906,21.74,49.98,296.8,0,normal,0
17908,21.72,49.94,296.1,0,normal,0
17910,21.8,49.97,295.1,0,normal,0
17912,21.69,49.83,292.6,0,normal,0
17914,21.8,49.96,291.1,0,normal,0
17916,21.85,50.13,293.1,0,normal,0
17918,21.66,50.15,297.3,0,normal,0
17920,21.7,50.29,295.5,0,normal,0
17922,21.81,50.0,294.4,0,normal,0
17924,21.75,50.07,296.8,0,normal,0
17926,21.55,50.01,299.3,0,normal,0
17928,21.64,49.7,299.6,0,normal,0
17930,21.75,49.61,299.2,0,normal,0
17932,21.89,49.64,296.1,0,normal,0
17934,21.81,49.6,295.9,0,normal,0
17936,21.72,49.63,298.0,0,normal,0
17938,21.69,49.61,296.0,0,normal,0
17940,21.81,50.11,296.6,0,normal,0
17942,21.74,50.42,297.1,0,normal,0
17944,21.76,50.62,298.1,0,normal,0
17946,21.64,50.33,297.8,0,normal,0
17948,21.78,50.44,293.7,0,normal,0
17950,21.8,50.76,296.2,0,normal,0
17952,21.82,50.26,304.1,0,normal,0
17954,22.11,50.1,303.6,0,normal,0
17956,22.17,50.2,304.9,0,normal,0
17958,22.2,50.15,300.9,0,normal,0
17960,22.17,50.02,303.7,0,normal,0
17962,22.13,49.9,307.7,0,normal,0
17964,21.99,49.76,301.7,0,normal,0
17966,22.06,49.53,301.0,0,normal,0
17968,22.03,49.93,300.9,0,normal,0
17970,22.01,49.74,299.9,0,normal,0
17972,21.87,49.63,297.1,0,normal,0
17974,21.99,49.72,297.8,0,normal,0
17976,22.0,49.72,298.7,0,normal,0
17978,22.01,49.65,298.1,0,normal,0
17980,21.97,49.67,292.9,0,normal,0
17982,22.02,49.71,298.4,0,normal,0
17984,22.09,49.93,295.5,0,normal,0
17986,22.13,49.94,295.5,0,normal,0
17988,22.03,49.95,295.4,0,normal,0
17990,21.89,50.25,295.8,0,normal,0
17992,21.89,50.32,293.1,0,normal,0
17994,21.95,50.38,297.7,0,normal,0
17996,21.75,50.2,301.2,0,normal,0
17998,21.7,50.37,299.3,0,normal,0
18000,21.69,50.36,301.3,0,normal,0
18002,21.73,50.44,300.0,0,normal,0
18004,21.85,50.27,298.7,0,normal,0
18006,21.84,50.5,298.5,0,normal,0
18008,21.93,50.44,303.0,0,normal,0
18010,21.92,50.45,304.7,0,normal,0
18012,22.01,50.1,308.0,0,normal,0
18014,21.97,49.99,307.9,0,normal,0
18016,21.98,50.19,306.5,0,normal,0
18018,22.06,50.23,303.5,0,normal,0
18020,22.06,50.34,302.0,0,normal,0
18022,21.86,50.37,305.6,0,normal,0
18024,21.86,50.38,306.5,0,normal,0
18026,21.92,50.61,300.1,0,normal,0
18028,21.94,50.58,303.0,0,normal,0
18030,21.87,50.18,304.7,0,normal,0
18032,21.85,50.18,309.4,0,normal,0
18034,21.93,50.16,311.4,0,normal,0
18036,22.02,50.03,308.7,0,normal,0
18038,22.07,50.1,306.2,0,normal,0
18040,22.02,50.46,309.0,0,normal,0
18042,21.95,50.37,307.6,0,normal,0
18044,22.15,50.21,301.8,0,normal,0
18046,22.05,49.89,304.8,0,normal,0
18048,22.16,49.67,302.7,0,normal,0
18050,22.17,49.52,302.1,0,normal,0
18052,22.22,49.44,305.9,0,normal,0
18054,22.24,49.38,301.9,0,normal,0
18056,22.21,49.36,301.1,0,normal,0
18058,22.26,49.51,301.9,0,normal,0
18060,22.18,49.22,301.6,0,normal,0
18062,22.15,49.41,297.2,0,normal,0
18064,22.17,49.35,295.6,0,normal,0
18066,21.95,49.37,298.4,0,normal,0
18068,22.09,49.03,300.4,0,normal,0
18070,22.09,49.47,303.0,0,normal,0
18072,22.07,49.35,303.8,0,normal,0
18074,22.0,49.56,300.2,0,normal,0
18076,22.0,49.54,299.6,0,normal,0
18078,21.9,49.63,300.9,0,normal,0
18080,21.85,49.61,303.8,0,normal,0
18082,21.82,49.81,295.9,0,normal,0
18084,21.86,50.11,292.3,0,normal,0
18086,21.89,50.08,291.8,0,normal,0
18088,21.86,50.21,287.0,0,normal,0
18090,21.86,49.75,293.2,0,normal,0
18092,21.94,49.82,297.3,0,normal,0
18094,21.91,49.61,298.9,0,normal,0
18096,22.06,49.25,301.4,0,normal,0
18098,22.13,49.15,294.9,0,normal,0
18100,22.09,49.08,295.5,0,normal,0
18102,21.99,49.11,293.5,0,normal,0
18104,22.03,48.76,293.8,0,normal,0
18106,22.14,49.05,298.4,0,normal,0
18108,22.16,49.15,300.4,0,normal,0
18110,22.18,49.19,306.8,0,normal,0
18112,22.06,49.11,305.7,0,normal,0
18114,22.15,49.45,305.5,0,normal,0
18116,22.07,49.06,302.0,0,normal,0
18118,22.22,48.76,304.0,0,normal,0
18120,22.23,48.84,302.1,0,normal,0
18122,22.37,48.91,304.0,0,normal,0
18124,22.42,49.06,305.7,0,normal,0
18126,22.25,49.1,302.5,0,normal,0
18128,22.25,49.23,302.9,0,normal,0
18130,22.31,49.29,299.7,0,normal,0
18132,22.42,49.58,306.2,0,normal,0
18134,22.4,49.28,303.2,0,normal,0
18136,22.44,49.37,302.9,0,normal,0
18138,22.29,49.11,300.9,0,normal,0
18140,22.31,49.53,303.8,0,normal,0
18142,22.3,49.93,303.4,0,normal,0
18144,22.36,49.92,300.7,0,normal,0
18146,22.35,50.01,306.4,0,normal,0
18148,22.34,50.18,306.8,0,normal,0
18150,22.33,50.39,306.8,0,normal,0
18152,22.39,50.59,303.4,0,normal,0
18154,22.51,50.33,305.8,0,normal,0
18156,22.57,50.18,305.2,0,normal,0
18158,22.65,49.95,302.9,0,normal,0
18160,22.54,49.81,308.0,0,normal,0
18162,22.41,49.48,302.7,0,normal,0
18164,22.33,49.37,304.1,0,normal,0
18166,22.25,49.59,305.2,0,normal,0
18168,22.31,49.37,303.9,0,normal,0
18170,22.31,49.72,303.9,0,normal,0
18172,22.3,49.76,303.1,0,normal,0
18174,22.51,49.76,301.6,0,normal,0
18176,22.48,49.51,301.3,0,normal,0
18178,22.55,49.69,300.7,0,normal,0
18180,22.55,49.45,300.7,0,normal,0
18182,22.45,49.25,303.0,0,normal,0
18184,22.32,49.56,300.6,0,normal,0
18186,22.29,49.77,301.8,0,normal,0
18188,22.34,49.85,298.3,0,normal,0
18190,22.4,50.11,294.0,0,normal,0
18192,22.52,50.08,292.9,0,normal,0
18194,22.56,49.95,292.0,0,normal,0
18196,22.71,49.87,301.1,0,normal,0
18198,22.64,49.58,299.8,0,normal,0
18200,22.57,49.88,299.3,0,normal,0
18202,22.64,49.97,305.5,0,normal,0
18204,22.62,49.55,302.1,0,normal,0
18206,22.7,49.34,305.2,1,normal,0
18208,22.82,49.52,299.9,0,normal,0
18210,22.83,49.65,301.4,0,normal,0
18212,22.78,49.81,300.8,0,normal,0
18214,22.55,49.95,300.5,0,normal,0
18216,22.54,49.68,305.4,0,normal,0
18218,22.57,49.49,303.8,0,normal,0
18220,22.46,49.8,301.9,0,normal,0
18222,22.52,49.72,302.2,0,normal,0
18224,22.55,49.31,302.3,0,normal,0
18226,22.57,49.4,304.0,0,normal,0
18228,22.66,49.31,300.1,0,normal,0
18230,22.78,49.31,302.7,0,normal,0
18232,22.68,49.17,302.1,0,normal,0
18234,22.67,49.08,300.1,0,normal,0
18236,22.69,48.95,298.0,0,normal,0
18238,22.82,49.03,303.6,0,normal,0
18240,22.81,49.12,305.1,0,normal,0
18242,22.85,49.62,301.4,0,normal,0
18244,22.85,49.95,299.7,0,normal,0
18246,22.85,49.94,299.9,0,normal,0
18248,22.86,49.82,299.4,0,normal,0
18250,22.94,50.04,298.0,0,normal,0
18252,22.96,50.02,295.1,0,normal,0
18254,23.01,50.2,293.2,0,normal,0
18256,22.99,50.42,293.0,0,normal,0
18258,22.94,50.43,297.9,0,normal,0
18260,22.92,50.3,300.5,0,normal,0
18262,22.98,50.21,304.7,0,normal,0
18264,22.97,50.39,300.7,0,normal,0
18266,22.82,50.34,303.1,0,normal,0
18268,22.85,50.21,308.0,0,normal,0
18270,22.74,50.07,311.1,0,normal,0
18272,22.56,49.7,305.8,0,normal,0
18274,22.57,49.68,308.0,0,normal,0
18276,22.73,49.72,306.7,0,normal,0
18278,22.8,49.48,304.2,0,normal,0
18280,22.84,49.69,304.7,0,normal,0
18282,22.77,49.9,305.0,0,normal,0
18284,22.67,49.76,303.6,0,normal,0
18286,22.6,49.42,302.1,0,normal,0
18288,22.58,49.71,304.0,0,normal,0
18290,22.53,49.36,297.6,0,normal,0
18292,22.56,49.14,301.6,0,normal,0
18294,22.6,49.34,304.1,0,normal,0
18296,22.54,48.95,299.3,0,normal,0
18298,22.61,48.93,300.2,0,normal,0
18300,22.45,49.1,303.2,0,normal,0
18302,22.43,48.94,304.5,0,normal,0
18304,22.42,49.15,306.7,0,normal,0
18306,22.39,49.18,304.8,0,normal,0
18308,22.41,49.18,300.7,0,normal,0
18310,22.43,48.72,306.8,0,normal,0
18312,22.49,49.07,308.1,0,normal,0
18314,22.55,49.16,305.1,0,normal,0
18316,22.43,49.32,307.7,0,normal,0
18318,22.54,49.52,310.1,0,normal,0
18320,22.61,49.54,308.5,0,normal,0
18322,22.73,49.67,304.6,0,normal,0
18324,22.86,49.55,304.9,0,normal,0
18326,23.0,49.59,306.0,0,normal,0
18328,23.09,49.36,308.9,0,normal,0
18330,23.07,49.1,307.7,0,normal,0
18332,23.17,48.86,308.9,1,normal,0
18334,23.14,48.59,313.0,0,normal,0
18336,23.09,48.68,310.6,0,normal,0
18338,23.07,48.59,312.4,0,normal,0
18340,23.21,48.52,310.1,0,normal,0
18342,23.26,48.36,306.0,0,normal,0
18344,23.24,48.3,304.4,0,normal,0
18346,23.21,48.38,305.8,0,normal,0
18348,23.11,48.2,303.2,0,normal,0
18350,23.17,48.66,301.8,0,normal,0
18352,22.85,48.86,302.4,0,normal,0
18354,22.87,49.07,301.1,0,normal,0
18356,22.85,48.77,305.5,0,normal,0
18358,22.81,48.75,304.4,0,normal,0
18360,22.89,48.55,305.6,0,normal,0
18362,22.87,48.92,304.2,0,normal,0
18364,23.0,48.79,307.1,0,normal,0
18366,22.89,48.72,308.7,0,normal,0
18368,23.07,48.86,310.7,0,normal,0
18370,23.02,49.08,309.8,0,normal,0
18372,23.07,48.94,306.7,0,normal,0
18374,23.01,48.82,306.0,0,normal,0
18376,22.96,48.67,307.1,0,normal,0
18378,22.96,48.82,301.9,0,normal,0
18380,23.03,48.87,303.4,0,normal,0
18382,22.98,48.6,301.7,0,normal,0
18384,22.92,48.83,301.7,0,normal,0
18386,22.88,49.07,307.1,0,normal,0
18388,22.79,49.3,301.7,0,normal,0
18390,22.7,49.42,301.4,0,normal,0
18392,22.74,49.29,304.6,0,normal,0
18394,22.84,49.35,301.9,0,normal,0
18396,22.92,48.96,306.7,0,normal,0
18398,22.92,49.15,308.5,0,normal,0
18400,22.94,48.94,309.9,0,normal,0
18402,22.74,48.92,309.4,0,normal,0
18404,22.7,49.09,306.7,0,normal,0
18406,22.69,49.41,310.4,0,normal,0
18408,22.76,49.27,299.2,0,normal,0
18410,22.82,48.9,303.0,0,normal,0
18412,22.83,49.12,301.0,0,normal,0
18414,22.85,49.12,302.9,0,normal,0
18416,23.04,49.08,303.3,0,normal,0
18418,22.97,48.74,301.9,0,normal,0
18420,22.98,48.34,306.7,0,normal,0
18422,22.95,48.3,306.6,0,normal,0
18424,22.9,48.42,309.9,0,normal,0
18426,22.89,48.25,306.9,0,normal,0
18428,22.92,47.76,306.2,0,normal,0
18430,22.87,47.81,300.7,0,normal,0
18432,23.04,47.68,300.5,0,normal,0
18434,23.03,47.97,304.7,0,normal,0
18436,23.02,48.23,302.8,0,normal,0
18438,23.15,48.31,302.0,1,normal,0
18440,23.26,48.28,300.8,0,normal,0
18442,23.35,48.38,299.7,1,normal,0
18444,23.42,48.51,298.2,0,normal,0
18446,23.23,48.55,300.6,0,normal,0
18448,23.17,48.64,305.3,0,normal,0
18450,23.14,48.64,302.6,0,normal,0
18452,23.07,48.71,309.3,0,normal,0
18454,23.2,48.79,306.9,0,normal,0
18456,23.26,48.77,314.0,0,normal,0
18458,23.18,48.9,314.2,0,normal,0
18460,23.05,48.84,310.0,0,normal,0
18462,22.93,49.03,311.1,0,normal,0
18464,22.84,48.97,312.5,0,normal,0
18466,22.88,48.86,310.4,0,normal,0
18468,22.95,48.71,309.1,0,normal,0
18470,22.92,48.51,311.6,0,normal,0
18472,23.06,48.54,311.9,0,normal,0
18474,23.05,48.62,305.8,0,normal,0
18476,23.09,48.61,305.0,0,normal,0
18478,23.0,48.73,304.3,0,normal,0
18480,22.98,48.91,300.4,0,normal,0
18482,22.89,48.97,298.1,0,normal,0
18484,22.92,49.23,302.1,0,normal,0
18486,23.0,49.08,303.2,0,normal,0
18488,23.0,48.98,302.1,1,normal,0
18490,23.0,48.84,305.3,0,normal,0
18492,23.11,49.02,310.2,0,normal,0
18494,23.08,48.71,309.9,0,normal,0
18496,23.18,48.92,304.9,0,normal,0
18498,23.2,48.99,301.9,0,normal,0
18500,23.14,48.82,306.0,0,normal,0
18502,23.07,48.7,308.8,0,normal,0
18504,23.1,48.48,305.0,0,normal,0
18506,23.18,48.53,306.6,0,normal,0
18508,23.17,48.43,309.0,0,normal,0
18510,23.06,48.41,308.0,0,normal,0
18512,23.03,47.87,305.9,0,normal,0
18514,23.12,48.32,301.6,0,normal,0
18516,23.15,48.81,305.5,0,normal,0
18518,23.14,48.49,306.9,0,normal,0
18520,23.14,48.5,305.4,0,normal,0
18522,23.31,48.43,300.0,0,normal,0
18524,23.08,48.24,303.2,0,normal,0
18526,22.99,48.17,305.2,0,normal,0
18528,23.1,48.06,309.7,0,normal,0
18530,23.16,48.56,305.8,0,normal,0
18532,23.2,48.69,307.9,0,normal,0
18534,23.14,48.48,309.8,0,normal,0
18536,23.22,48.93,307.9,0,normal,0
18538,23.16,48.57,305.6,0,normal,0
18540,23.12,48.75,299.1,0,normal,0
18542,23.05,48.69,304.6,0,normal,0
18544,23.12,48.88,302.5,0,normal,0
18546,23.03,48.91,301.8,0,normal,0
18548,23.09,48.93,301.9,0,normal,0
18550,23.06,49.0,303.3,0,normal,0
18552,23.13,48.83,302.3,0,normal,0
18554,23.11,49.02,298.5,0,normal,0
18556,23.25,49.11,299.7,0,normal,0
18558,23.23,49.4,300.1,0,normal,0
18560,23.22,49.6,305.7,0,normal,0
18562,23.18,49.63,307.9,0,normal,0
18564,23.14,49.61,306.6,0,normal,0
18566,23.14,49.44,309.1,0,normal,0
18568,23.17,49.65,310.4,0,normal,0
18570,23.05,49.85,303.1,0,normal,0
18572,23.01,49.78,306.0,0,normal,0
18574,23.04,49.56,311.4,0,normal,0
18576,23.0,49.35,310.2,0,normal,0
18578,23.02,49.15,303.7,0,normal,0
18580,23.11,49.39,306.6,0,normal,0
18582,23.2,49.15,301.7,0,normal,0
18584,23.31,48.96,297.9,0,normal,0
18586,23.35,48.98,299.6,0,normal,0
18588,23.46,49.26,302.5,0,normal,0
18590,23.31,49.25,300.7,0,normal,0
18592,23.25,49.15,298.2,0,normal,0
18594,23.18,49.4,301.7,0,normal,0
18596,23.14,49.38,305.1,0,normal,0
18598,23.22,49.42,303.9,0,normal,0
18600,23.22,49.21,302.0,0,normal,0
18602,23.07,49.47,301.5,0,normal,0
18604,23.24,49.43,303.7,0,normal,0
18606,23.32,49.32,300.6,0,normal,0
18608,23.32,49.49,303.5,0,normal,0
18610,23.28,49.24,297.4,0,normal,0
18612,23.21,49.23,296.8,0,normal,0
18614,23.13,48.9,297.8,0,normal,0
18616,23.05,49.13,307.5,0,normal,0
18618,23.13,49.01,313.7,0,normal,0
18620,23.02,49.01,308.2,0,normal,0
18622,23.1,48.57,302.9,0,normal,0
18624,23.23,48.82,305.1,0,normal,0
18626,23.23,49.02,302.0,0,normal,0
18628,23.34,48.91,299.8,0,normal,0
18630,23.39,48.81,307.1,0,normal,0
18632,23.39,49.11,306.8,0,normal,0
18634,23.38,48.95,302.0,0,normal,0
18636,23.52,48.89,296.8,0,normal,0
18638,23.65,48.9,299.4,0,normal,0
18640,23.52,48.75,302.4,0,normal,0
18642,23.51,48.69,303.8,0,normal,0
18644,23.37,48.82,303.1,0,normal,0
18646,23.34,49.09,300.5,0,normal,0
18648,23.44,48.91,298.1,0,normal,0
18650,23.45,48.59,294.8,0,normal,0
18652,23.39,48.58,294.9,0,normal,0
18654,23.45,48.63,297.8,0,normal,0
18656,23.5,48.37,299.5,0,normal,0
18658,23.54,48.94,300.7,0,normal,0
18660,23.6,49.04,300.2,0,normal,0
18662,23.6,49.04,301.8,0,normal,0
18664,23.6,49.11,309.0,0,normal,0
18666,23.62,48.88,308.7,0,normal,0
18668,23.65,48.62,309.8,0,normal,0
18670,23.83,48.93,308.1,0,normal,0
18672,23.7,48.53,305.5,0,normal,0
18674,23.59,48.92,310.9,1,normal,0
18676,23.49,48.74,308.9,0,normal,0
18678,23.33,48.2,308.3,0,normal,0
18680,23.26,47.96,313.2,0,normal,0
18682,23.17,48.38,311.6,0,normal,0
18684,23.25,48.32,310.4,0,normal,0
18686,23.34,48.29,304.6,0,normal,0
18688,23.22,48.19,311.0,1,normal,0
18690,23.23,48.29,310.0,0,normal,0
18692,23.13,48.39,306.2,0,normal,0
18694,23.09,48.41,307.7,0,normal,0
18696,23.13,48.23,307.5,0,normal,0
18698,23.13,48.23,312.5,0,normal,0
18700,23.13,48.31,309.1,0,normal,0
18702,23.26,48.44,304.6,0,normal,0
18704,23.31,48.4,308.3,0,normal,0
18706,23.25,48.62,305.4,0,normal,0
18708,23.19,48.41,313.7,0,normal,0
18710,23.08,48.45,316.5,0,normal,0
18712,23.1,48.33,312.7,0,normal,0
18714,23.23,48.08,312.4,0,normal,0
18716,23.33,48.18,311.0,1,normal,0
18718,23.31,48.11,305.2,0,normal,0
18720,23.22,48.37,302.1,0,normal,0
18722,23.19,48.28,300.7,0,normal,0
18724,23.08,48.25,298.8,0,normal,0
18726,22.9,48.01,304.6,1,normal,0
18728,22.74,47.83,311.0,0,normal,0
18730,22.81,47.62,306.0,0,normal,0
18732,22.8,48.22,301.0,0,normal,0
18734,22.72,48.21,294.0,0,normal,0
18736,22.84,48.36,301.2,0,normal,0
18738,22.95,48.22,306.1,0,normal,0
18740,23.1,48.29,302.9,0,normal,0
18742,23.13,48.22,304.9,0,normal,0
18744,23.09,48.39,306.0,0,normal,0
18746,23.18,48.48,309.5,0,normal,0
18748,23.1,48.36,309.9,0,normal,0
18750,23.1,48.12,307.5,0,normal,0
18752,23.22,48.45,308.4,0,normal,0
18754,23.14,48.89,309.6,0,normal,0
18756,23.16,48.6,310.6,0,normal,0
18758,23.15,48.39,306.7,0,normal,0
18760,23.07,48.01,306.2,0,normal,0
18762,23.24,48.13,304.3,0,normal,0
18764,23.15,48.38,307.9,0,normal,0
18766,23.11,48.59,312.4,0,normal,0
18768,23.12,48.77,309.5,0,normal,0
18770,23.23,48.79,307.1,1,normal,0
18772,23.28,48.74,311.2,0,normal,0
18774,23.22,48.67,306.6,0,normal,0
18776,23.17,48.66,305.3,0,normal,0
18778,23.25,48.8,305.9,0,normal,0
18780,23.25,48.89,303.9,0,normal,0
18782,23.25,49.0,307.8,0,normal,0
18784,23.26,48.81,307.2,0,normal,0
18786,23.3,49.04,308.2,0,normal,0
18788,23.29,49.02,308.5,0,normal,0
18790,23.4,48.91,306.4,0,normal,0
18792,23.56,48.99,309.7,0,normal,0
18794,23.48,49.11,309.2,0,normal,0
18796,23.44,48.98,308.4,0,normal,0
18798,23.5,48.9,312.8,0,normal,0
18800,23.52,48.68,307.9,0,normal,0
18802,23.47,48.56,307.5,0,normal,0
18804,23.39,48.87,305.9,0,normal,0
18806,23.34,48.68,306.1,0,normal,0
18808,23.41,48.81,304.7,0,normal,0
18810,23.48,48.73,301.4,0,normal,0
18812,23.4,48.58,302.7,0,normal,0
18814,23.42,48.56,306.0,0,normal,0
18816,23.33,48.44,304.3,0,normal,0
18818,23.44,48.51,303.5,0,normal,0
18820,23.41,48.43,304.2,0,normal,0
18822,23.37,48.85,301.7,0,normal,0
18824,23.29,48.71,301.4,0,normal,0
18826,23.35,48.75,304.1,0,normal,0
18828,23.44,48.72,304.9,0,normal,0
18830,23.32,49.0,306.1,0,normal,0
18832,23.43,48.92,308.2,0,normal,0
18834,23.36,48.75,309.5,0,normal,0
18836,23.34,48.56,312.2,0,normal,0
18838,23.29,48.8,308.2,0,normal,0
18840,23.38,48.77,305.9,0,normal,0
18842,23.54,48.96,305.2,0,normal,0
18844,23.48,49.15,302.2,0,normal,0
18846,23.56,49.02,296.1,0,normal,0
18848,23.52,48.94,294.0,0,normal,0
18850,23.66,49.17,298.6,0,normal,0
18852,23.66,48.93,301.7,0,normal,0
18854,23.6,48.69,299.5,0,normal,0
18856,23.71,48.64,302.5,0,normal,0
18858,23.7,48.67,300.8,0,normal,0
18860,23.71,48.55,305.6,0,normal,0
18862,23.77,48.57,306.2,0,normal,0
18864,23.71,48.74,303.8,0,normal,0
18866,23.71,48.91,303.3,0,normal,0
18868,23.73,48.77,306.5,0,normal,0
18870,23.73,48.8,310.4,0,normal,0
18872,23.57,48.84,308.0,0,normal,0
18874,23.56,48.87,306.8,0,normal,0
18876,23.62,49.12,306.1,0,normal,0
18878,23.67,48.9,307.8,0,normal,0
18880,23.62,48.48,306.6,0,normal,0
18882,23.61,48.24,309.0,0,normal,0
18884,23.55,48.49,305.4,0,normal,0
18886,23.5,48.24,299.2,0,normal,0
18888,23.4,48.34,301.7,0,normal,0
18890,23.41,48.52,305.0,0,normal,0
18892,23.48,48.59,307.4,0,normal,0
18894,23.5,48.53,303.9,0,normal,0
18896,23.56,48.43,305.0,0,normal,0
18898,23.56,48.27,302.2,0,normal,0
18900,23.58,48.2,299.6,0,normal,0
18902,23.58,48.42,298.2,0,normal,0
18904,23.59,48.77,297.2,0,normal,0
18906,23.49,48.94,299.2,0,normal,0
18908,23.47,48.89,298.5,0,normal,0
18910,23.39,48.62,300.2,0,normal,0
18912,23.31,48.97,302.9,0,normal,0
18914,23.48,49.06,302.5,0,normal,0
18916,23.41,49.54,313.8,0,normal,0
18918,23.33,49.46,313.3,0,normal,0
18920,23.04,49.21,312.0,0,normal,0
18922,23.08,49.17,306.7,0,normal,0
18924,23.12,48.87,309.1,0,normal,0
18926,22.98,48.3,306.2,0,normal,0
18928,23.01,48.38,302.3,0,normal,0
18930,23.1,48.26,304.8,0,normal,0
18932,23.04,48.49,306.7,0,normal,0
18934,23.16,48.3,304.0,0,normal,0
18936,23.18,48.03,308.0,0,normal,0
18938,23.25,48.34,307.3,0,normal,0
18940,23.2,48.71,302.2,0,normal,0
18942,23.23,48.49,303.2,0,normal,0
18944,23.3,48.48,305.9,0,normal,0
18946,23.38,48.59,303.4,0,normal,0
18948,23.34,48.43,304.3,0,normal,0
18950,23.31,48.61,306.0,0,normal,0
18952,23.42,48.63,308.0,0,normal,0
18954,23.38,48.56,309.4,0,normal,0
18956,23.34,48.53,308.8,0,normal,0
18958,23.35,48.96,305.9,0,normal,0
18960,23.27,48.74,310.2,0,normal,0
18962,23.38,48.4,309.8,0,normal,0
18964,23.26,48.05,308.6,0,normal,0
18966,23.22,48.14,309.9,0,normal,0
18968,23.29,48.48,311.9,0,normal,0
18970,23.3,48.38,305.4,0,normal,0
18972,23.23,48.24,308.8,0,normal,0
18974,23.31,48.29,309.5,0,normal,0
18976,23.35,48.46,312.2,0,normal,0
18978,23.37,48.58,307.1,0,normal,0
18980,23.31,48.86,308.4,0,normal,0
18982,23.35,48.91,305.3,0,normal,0
18984,23.2,48.96,301.7,0,normal,0
18986,23.29,49.24,302.0,1,normal,0
18988,23.36,49.18,302.5,0,normal,0
18990,23.23,48.77,303.5,0,normal,0
18992,23.13,48.83,299.9,0,normal,0
18994,23.08,48.9,304.4,0,normal,0
18996,23.11,49.1,307.5,0,normal,0
18998,23.27,48.88,305.9,0,normal,0
19000,23.26,48.71,303.3,0,normal,0
19002,23.38,48.59,307.2,0,normal,0
19004,23.42,48.55,310.3,0,normal,0
19006,23.41,48.47,309.4,0,normal,0
19008,23.33,48.38,307.7,0,normal,0
19010,23.42,48.4,302.1,0,normal,0
19012,23.46,48.66,304.2,0,normal,0
19014,23.35,48.41,304.7,0,normal,0
19016,23.3,48.05,304.4,0,normal,0
19018,23.41,48.16,303.5,0,normal,0
19020,23.35,47.82,299.8,0,normal,0
19022,23.43,47.92,299.9,0,normal,0
19024,23.46,48.05,295.2,0,normal,0
19026,23.49,48.08,300.0,0,normal,0
19028,23.46,48.25,298.4,0,normal,0
19030,23.46,48.22,298.0,0,normal,0
19032,23.56,48.08,304.5,0,normal,0
19034,23.6,48.13,305.7,0,normal,0
19036,23.35,48.44,302.9,0,normal,0
19038,23.29,48.86,307.8,0,normal,0
19040,23.39,48.93,305.3,0,normal,0
19042,23.29,48.94,302.6,0,normal,0
19044,23.26,48.95,303.3,0,normal,0
19046,23.21,48.6,305.2,0,normal,0
19048,23.33,48.67,309.1,0,normal,0
19050,23.26,48.52,307.9,0,normal,0
19052,23.32,48.52,306.0,0,normal,0
19054,23.37,48.63,305.5,0,normal,0
19056,23.52,48.39,308.2,0,normal,0
19058,23.55,48.64,305.9,0,normal,0
19060,23.55,48.69,312.6,0,normal,0
19062,23.57,48.45,310.2,0,normal,0
19064,23.55,48.51,308.5,0,normal,0
19066,23.53,48.75,303.4,0,normal,0
19068,23.59,48.66,302.3,0,normal,0
19070,23.41,49.18,304.8,0,normal,0
19072,23.32,49.05,308.9,0,normal,0
19074,23.36,49.06,307.6,0,normal,0
19076,23.49,48.78,309.1,0,normal,0
19078,23.49,48.93,313.1,0,normal,0
19080,23.45,48.98,312.5,0,normal,0
19082,23.42,48.49,308.0,0,normal,0
19084,23.3,48.42,309.3,0,normal,0
19086,23.34,48.66,304.9,0,normal,0
19088,23.43,48.84,299.3,0,normal,0
19090,23.48,48.42,296.3,0,normal,0
19092,23.52,48.18,296.2,0,normal,0
19094,23.6,48.16,296.8,0,normal,0
19096,23.57,48.42,298.3,0,normal,0
19098,23.59,48.34,297.1,0,normal,0
19100,23.58,48.31,299.9,0,normal,0
19102,23.49,47.96,296.4,0,normal,0
19104,23.45,47.8,298.0,0,normal,0
19106,23.44,48.0,306.0,0,normal,0
19108,23.56,48.3,300.7,0,normal,0
19110,23.56,48.32,302.3,0,normal,0
19112,23.56,48.12,300.8,0,normal,0
19114,23.65,48.29,302.2,0,normal,0
19116,23.5,48.54,306.0,0,normal,0
19118,23.36,48.67,299.0,0,normal,0
19120,23.36,48.4,299.0,0,normal,0
19122,23.4,48.48,299.4,0,normal,0
19124,23.42,48.81,301.7,0,normal,0
19126,23.46,48.79,304.7,0,normal,0
19128,23.48,49.04,309.6,0,normal,0
19130,23.28,49.01,312.2,0,normal,0
19132,23.28,48.92,304.6,0,normal,0
19134,23.2,48.52,306.3,0,normal,0
19136,23.29,48.7,306.7,0,normal,0
19138,23.35,48.17,305.4,1,normal,0
19140,23.27,48.2,308.1,0,normal,0
19142,23.24,48.24,306.4,0,normal,0
19144,23.17,48.09,303.9,0,normal,0
19146,23.32,48.15,306.5,0,normal,0
19148,23.36,48.14,308.4,0,normal,0
19150,23.48,48.17,305.3,0,normal,0
19152,23.55,47.92,306.2,0,normal,0
19154,23.52,48.01,305.9,0,normal,0
19156,23.53,48.15,309.8,0,normal,0
19158,23.41,48.22,308.0,0,normal,0
19160,23.4,48.38,304.1,0,normal,0
19162,23.37,48.01,308.1,0,normal,0
19164,23.3,48.23,307.6,0,normal,0
19166,23.17,48.15,309.0,0,normal,0
19168,23.22,48.21,304.8,0,normal,0
19170,23.15,48.04,305.1,0,normal,0
19172,22.9,47.95,300.8,0,normal,0
19174,22.91,47.85,299.5,0,normal,0
19176,23.03,47.79,306.9,0,normal,0
19178,23.14,48.29,308.3,0,normal,0
19180,23.18,48.85,303.7,0,normal,0
19182,23.14,49.02,306.8,0,normal,0
19184,23.16,48.98,306.0,0,normal,0
19186,23.2,49.07,303.9,0,normal,0
19188,23.13,49.2,303.2,0,normal,0
19190,23.07,49.33,301.4,0,normal,0
19192,23.03,49.44,300.3,0,normal,0
19194,23.03,49.29,300.1,0,normal,0
19196,23.04,49.25,298.7,0,normal,0
19198,22.99,48.89,303.4,0,normal,0
19200,23.04,48.8,304.7,0,normal,0
19202,23.07,48.74,303.7,0,normal,0
19204,23.15,48.54,301.4,0,normal,0
19206,23.05,49.07,301.8,0,normal,0
19208,23.17,48.92,299.7,0,normal,0
19210,23.0,48.74,305.0,0,normal,0
19212,23.03,48.55,306.8,0,normal,0
19214,23.09,48.47,314.9,0,normal,0
19216,23.18,48.36,310.3,0,normal,0
19218,23.23,48.55,310.9,0,normal,0
19220,23.39,48.61,309.8,0,normal,0
19222,23.35,48.56,305.4,0,normal,0
19224,23.21,48.52,305.2,0,normal,0
19226,23.01,48.59,305.2,0,normal,0
19228,22.99,48.49,302.9,0,normal,0
19230,22.99,48.36,307.4,0,normal,0
19232,22.89,48.23,310.4,0,normal,0
19234,22.99,48.3,308.0,0,normal,0
19236,23.09,48.2,306.6,0,normal,0
19238,23.11,48.55,303.5,0,normal,0
19240,23.12,48.89,310.3,0,normal,0
19242,23.02,48.72,309.4,0,normal,0
19244,23.08,48.6,311.5,0,normal,0
19246,23.18,48.74,310.7,0,normal,0
19248,23.14,48.51,316.1,0,normal,0
19250,23.12,48.97,311.9,0,normal,0
19252,23.04,49.27,313.9,0,normal,0
19254,23.1,49.14,306.4,0,normal,0
19256,23.03,49.03,301.9,0,normal,0
19258,23.07,49.04,305.4,0,normal,0
19260,22.98,49.18,306.4,0,normal,0
19262,22.97,49.6,304.1,0,normal,0
19264,23.01,49.72,305.7,0,normal,0
19266,23.0,49.62,302.7,0,normal,0
19268,23.02,49.42,303.2,0,normal,0
19270,22.99,49.47,305.5,0,normal,0
19272,22.9,49.47,299.7,0,normal,0
19274,22.99,49.16,298.3,0,normal,0
19276,22.85,49.29,301.1,0,normal,0
19278,22.84,49.08,297.6,0,normal,0
19280,22.92,49.05,301.5,0,normal,0
19282,22.91,49.06,299.7,0,normal,0
19284,22.96,49.04,300.8,0,normal,0
19286,22.88,48.82,307.2,0,normal,0
19288,22.94,48.85,306.3,0,normal,0
19290,23.06,48.69,302.8,0,normal,0
19292,23.08,48.68,304.6,0,normal,0
19294,22.97,48.43,302.1,0,normal,0
19296,22.92,48.65,304.1,0,normal,0
19298,23.07,48.35,304.2,0,normal,0
19300,23.13,47.87,305.1,0,normal,0
19302,23.09,48.05,307.5,0,normal,0
19304,23.05,47.95,306.5,0,normal,0
19306,23.07,48.39,302.2,0,normal,0
19308,23.07,48.48,301.6,0,normal,0
19310,23.13,48.52,305.0,0,normal,0
19312,23.15,48.29,305.8,0,normal,0
19314,23.19,48.45,300.8,0,normal,0
19316,23.31,49.03,304.5,0,normal,0
19318,23.25,48.97,306.2,0,normal,0
19320,23.12,48.9,305.3,0,normal,0
19322,23.07,48.82,308.2,0,normal,0
19324,23.16,48.98,306.3,0,normal,0
19326,23.15,48.91,301.5,0,normal,0
19328,23.12,49.11,304.3,0,normal,0
19330,23.08,49.06,305.2,0,normal,0
19332,22.92,48.8,305.2,0,normal,0
19334,22.93,48.86,305.5,0,normal,0
19336,22.85,48.99,299.5,0,normal,0
19338,23.0,48.99,306.8,0,normal,0
19340,22.92,49.08,310.1,0,normal,0
19342,22.85,49.03,308.9,0,normal,0
19344,22.82,49.18,303.8,0,normal,0
19346,22.89,48.88,304.9,0,normal,0
19348,22.81,48.8,303.7,0,normal,0
19350,22.84,48.5,304.4,0,normal,0
19352,22.77,48.58,300.5,0,normal,0
19354,22.99,48.7,298.3,0,normal,0
19356,23.06,48.55,299.8,0,normal,0
19358,23.04,48.63,301.7,0,normal,0
19360,23.01,48.62,302.7,0,normal,0
19362,23.04,48.63,300.9,0,normal,0
19364,22.91,48.7,302.4,0,normal,0
19366,22.93,48.8,301.3,0,normal,0
19368,23.06,48.61,299.2,0,normal,0
19370,22.93,48.67,297.1,0,normal,0
19372,22.83,48.58,298.1,0,normal,0
19374,22.74,48.59,297.3,0,normal,0
19376,22.78,48.57,301.1,0,normal,0
19378,22.75,48.69,300.8,0,normal,0
19380,22.78,48.52,304.2,0,normal,0
19382,22.9,48.63,304.9,0,normal,0
19384,22.94,48.44,300.5,0,normal,0
19386,22.91,48.31,302.5,0,normal,0
19388,23.0,48.25,303.0,0,normal,0
19390,22.89,48.06,305.4,0,normal,0
19392,22.85,48.4,298.2,0,normal,0
19394,22.92,48.51,300.3,0,normal,0
19396,22.92,48.75,299.3,0,normal,0
19398,23.08,48.67,297.2,0,normal,0
19400,22.94,48.82,294.4,0,normal,0
19402,22.85,48.83,299.2,0,normal,0
19404,22.85,48.63,297.5,0,normal,0
19406,22.86,49.04,302.6,0,normal,0
19408,22.95,48.94,302.2,0,normal,0
19410,22.97,48.99,295.1,0,normal,0
19412,23.03,49.11,300.4,0,normal,0
19414,23.06,49.26,302.1,0,normal,0
19416,22.96,49.4,304.6,0,normal,0
19418,22.93,49.37,307.1,0,normal,0
19420,22.88,49.13,309.3,0,normal,0
19422,23.05,49.17,313.1,0,normal,0
19424,23.04,49.33,308.4,0,normal,0
19426,23.11,49.79,309.6,0,normal,0
19428,23.07,49.79,312.6,0,normal,0
19430,23.07,49.63,309.3,0,normal,0
19432,23.09,49.56,305.8,0,normal,0
19434,23.01,49.84,305.9,0,normal,0
19436,22.94,49.57,305.5,0,normal,0
19438,22.97,49.69,307.9,0,normal,0
19440,22.99,49.53,305.8,0,normal,0
19442,23.06,49.53,302.9,0,normal,0
19444,23.0,50.03,295.9,0,normal,0
19446,23.05,50.21,299.8,0,normal,0
19448,23.11,50.04,302.2,0,normal,0
19450,23.05,49.64,296.9,0,normal,0
19452,22.96,49.89,308.8,0,normal,0
19454,22.89,49.89,312.2,0,normal,0
19456,22.91,49.54,305.1,0,normal,0
19458,22.74,49.56,303.9,0,normal,0
19460,22.86,49.51,305.2,0,normal,0
19462,22.68,49.35,304.7,0,normal,0
19464,22.62,49.19,309.8,0,normal,0
19466,22.6,49.21,305.9,0,normal,0
19468,22.61,48.93,306.1,0,normal,0
19470,22.57,48.92,301.4,0,normal,0
19472,22.47,48.74,302.1,0,normal,0
19474,22.46,48.73,307.2,1,normal,0
19476,22.62,49.14,308.6,0,normal,0
19478,22.62,48.79,309.8,0,normal,0
19480,22.71,48.96,304.9,0,normal,0
19482,22.63,48.93,305.7,1,normal,0
19484,22.68,49.34,301.3,0,normal,0
19486,22.82,49.14,301.0,0,normal,0
19488,22.83,49.19,301.7,0,normal,0
19490,22.73,49.68,306.3,0,normal,0
19492,22.82,49.68,308.5,0,normal,0
19494,22.91,49.66,305.4,0,normal,0
19496,22.98,49.44,307.0,0,normal,0
19498,22.93,49.18,309.1,0,normal,0
19500,22.89,49.05,307.9,0,normal,0
19502,22.84,48.97,306.6,0,normal,0
19504,22.79,49.24,302.1,0,normal,0
19506,22.59,49.45,298.6,0,normal,0
19508,22.64,49.62,300.7,0,normal,0
19510,22.64,49.54,303.1,0,normal,0
19512,22.51,49.38,299.3,0,normal,0
19514,22.57,49.45,302.9,0,normal,0
19516,22.45,49.4,308.2,0,normal,0
19518,22.5,49.33,310.1,0,normal,0
19520,22.58,49.03,306.6,0,normal,0
19522,22.7,49.2,309.9,0,normal,0
19524,22.57,49.36,307.2,0,normal,0
19526,22.56,49.52,304.5,0,normal,0
19528,22.6,49.33,306.8,0,normal,0
19530,22.53,49.1,305.0,0,normal,0
19532,22.6,49.12,302.9,0,normal,0
19534,22.55,48.97,306.8,0,normal,0
19536,22.65,48.69,305.1,0,normal,0
19538,22.65,48.56,304.2,0,normal,0
19540,22.73,48.67,307.6,0,normal,0
19542,22.76,48.86,305.6,0,normal,0
19544,22.69,49.02,307.3,0,normal,0
19546,22.7,49.2,306.1,1,normal,0
19548,22.73,49.3,303.8,0,normal,0
19550,22.74,49.06,301.8,0,normal,0
19552,22.81,49.19,304.3,0,normal,0
19554,22.82,49.29,296.9,0,normal,0
19556,22.88,49.33,296.4,1,normal,0
19558,22.79,49.28,298.9,0,normal,0
19560,22.88,49.38,297.1,0,normal,0
19562,22.88,49.57,297.8,0,normal,0
19564,22.82,49.91,303.5,0,normal,0
19566,22.8,50.47,304.1,0,normal,0
19568,22.7,50.42,303.4,0,normal,0
19570,22.63,50.48,304.4,0,normal,0
19572,22.69,50.28,301.1,0,normal,0
19574,22.75,50.16,296.2,0,normal,0
19576,22.71,50.33,300.5,0,normal,0
19578,22.53,50.06,302.0,0,normal,0
19580,22.45,50.07,300.5,0,normal,0
19582,22.51,49.79,301.4,0,normal,0
19584,22.54,49.94,298.1,0,normal,0
19586,22.57,49.95,301.4,0,normal,0
19588,22.47,50.11,301.2,0,normal,0
19590,22.45,50.09,304.5,0,normal,0
19592,22.48,50.48,303.7,0,normal,0
19594,22.52,50.3,299.2,0,normal,0
19596,22.48,50.44,297.5,0,normal,0
19598,22.46,50.61,298.7,0,normal,0
19600,22.49,50.57,300.3,0,normal,0
19602,22.42,50.34,295.4,0,normal,0
19604,22.35,49.86,303.6,0,normal,0
19606,22.41,49.93,301.4,0,normal,0
19608,22.42,49.69,306.6,0,normal,0
19610,22.32,49.34,307.1,0,normal,0
19612,22.43,49.35,305.3,0,normal,0
19614,22.55,49.55,304.0,0,normal,0
19616,22.58,49.91,304.4,0,normal,0
19618,22.55,49.6,303.3,0,normal,0
19620,22.54,49.56,303.0,0,normal,0
19622,22.57,49.86,307.5,0,normal,0
19624,22.51,49.8,307.3,0,normal,0
19626,22.53,49.79,309.9,0,normal,0
19628,22.45,49.65,305.9,0,normal,0
19630,22.44,49.74,302.2,0,normal,0
19632,22.32,49.52,301.8,0,normal,0
19634,22.28,49.32,303.1,0,normal,0
19636,22.26,49.28,305.2,0,normal,0
19638,22.1,49.46,301.6,0,normal,0
19640,22.13,49.42,305.2,0,normal,0
19642,22.18,49.41,304.3,0,normal,0
19644,22.25,49.5,305.1,0,normal,0
19646,22.3,49.34,302.8,0,normal,0
19648,22.31,49.12,298.1,0,normal,0
19650,22.21,49.23,298.9,0,normal,0
19652,22.32,49.56,295.7,0,normal,0
19654,22.3,49.63,301.9,0,normal,0
19656,22.15,49.73,304.0,0,normal,0
19658,22.09,49.61,305.1,0,normal,0
19660,22.1,49.77,301.1,0,normal,0
19662,22.14,49.9,303.8,0,normal,0
19664,22.16,49.93,305.5,0,normal,0
19666,22.29,49.74,306.2,0,normal,0
19668,22.16,49.85,302.4,0,normal,0
19670,22.15,49.89,302.4,0,normal,0
19672,22.05,49.63,300.3,0,normal,0
19674,21.98,49.61,298.5,0,normal,0
19676,22.09,49.61,295.6,0,normal,0
19678,22.1,49.94,296.0,0,normal,0
19680,22.26,50.32,297.7,0,normal,0
19682,22.36,49.99,298.6,0,normal,0
19684,22.42,49.99,302.5,0,normal,0
19686,22.46,49.73,305.4,0,normal,0
19688,22.37,49.5,307.2,0,normal,0
19690,22.31,49.28,306.2,0,normal,0
19692,22.28,49.14,307.6,0,normal,0
19694,22.22,49.45,306.7,0,normal,0
19696,22.21,49.42,301.2,0,normal,0
19698,22.35,49.13,306.7,0,normal,0
19700,22.37,48.96,312.9,0,normal,0
19702,22.33,49.09,309.9,0,normal,0
19704,22.27,49.12,302.7,0,normal,0
19706,22.28,49.41,302.6,0,normal,0
19708,22.38,49.54,301.4,0,normal,0
19710,22.37,49.67,300.7,0,normal,0
19712,22.32,49.47,305.0,0,normal,0
19714,22.42,49.48,302.7,0,normal,0
19716,22.37,49.83,303.5,0,normal,0
19718,22.28,49.81,299.9,0,normal,0
19720,22.22,49.83,300.1,0,normal,0
19722,22.17,50.03,304.3,0,normal,0
19724,22.1,49.72,306.5,0,normal,0
19726,22.12,49.43,309.0,0,normal,0
19728,22.25,49.84,308.8,0,normal,0
19730,22.23,50.07,304.3,0,normal,0
19732,22.08,50.08,305.5,0,normal,0
19734,22.12,50.34,311.5,0,normal,0
19736,22.17,50.3,313.1,0,normal,0
19738,22.1,50.4,310.5,0,normal,0
19740,22.03,50.02,308.2,0,normal,0
19742,22.1,49.67,304.4,0,normal,0
19744,22.27,49.78,302.3,0,normal,0
19746,22.22,49.58,298.6,0,normal,0
19748,22.36,49.53,298.8,0,normal,0
19750,22.47,49.31,302.2,0,normal,0
19752,22.46,49.47,297.5,0,normal,0
19754,22.39,49.34,293.8,0,normal,0
19756,22.21,49.63,295.2,0,normal,0
19758,22.22,49.36,297.3,0,normal,0
19760,22.12,49.62,300.0,0,normal,0
19762,22.21,49.51,300.8,0,normal,0
19764,22.17,49.74,299.4,0,normal,0
19766,22.24,49.66,299.6,0,normal,0
19768,22.17,49.61,300.4,0,normal,0
19770,22.21,49.82,298.9,0,normal,0
19772,22.16,49.59,298.7,0,normal,0
19774,22.21,49.8,298.0,0,normal,0
19776,22.09,49.77,295.2,0,normal,0
19778,22.03,49.54,301.2,0,normal,0
19780,21.97,49.41,306.1,0,normal,0
19782,21.96,49.16,300.8,0,normal,0
19784,22.15,49.04,296.2,0,normal,0
19786,22.15,49.0,295.7,0,normal,0
19788,22.11,49.07,302.9,0,normal,0
19790,22.03,48.98,306.2,0,normal,0
19792,22.21,48.63,306.5,0,normal,0
19794,22.36,48.77,301.8,0,normal,0
19796,22.32,49.12,298.0,0,normal,0
19798,22.19,48.99,306.0,0,normal,0
19800,22.01,49.15,304.9,0,normal,0
19802,22.09,49.28,301.5,0,normal,0
19804,22.18,49.71,301.1,0,normal,0
19806,22.09,50.13,298.2,0,normal,0
19808,22.07,50.02,296.0,0,normal,0
19810,22.09,50.15,292.6,0,normal,0
19812,22.12,50.07,291.9,0,normal,0
19814,22.02,50.12,291.1,0,normal,0
19816,21.96,50.35,296.6,0,normal,0
19818,21.9,50.03,300.8,0,normal,0
19820,21.79,50.25,300.3,0,normal,0
19822,21.83,50.45,297.3,0,normal,0
19824,21.79,50.38,299.2,0,normal,0
19826,21.92,50.42,295.4,0,normal,0
19828,21.95,50.82,294.9,0,normal,0
19830,21.91,50.63,297.2,1,normal,0
19832,21.89,50.62,298.9,0,normal,0
19834,21.85,50.09,295.6,0,normal,0
19836,22.06,50.02,298.7,0,normal,0
19838,22.02,50.18,299.2,0,normal,0
19840,21.93,50.05,292.9,0,normal,0
19842,21.9,49.86,296.4,0,normal,0
19844,21.85,49.52,300.9,0,normal,0
19846,21.78,49.37,304.5,0,normal,0
19848,21.83,49.42,306.0,0,normal,0
19850,21.86,49.44,311.3,0,normal,0
19852,21.87,49.35,306.9,0,normal,0
19854,21.94,49.14,300.4,0,normal,0
19856,22.01,48.97,299.5,1,normal,0
19858,21.96,48.7,303.7,0,normal,0
19860,22.03,48.9,303.6,0,normal,0
19862,22.04,48.92,307.1,0,normal,0
19864,22.01,49.05,305.9,1,normal,0
19866,22.02,49.21,302.9,0,normal,0
19868,22.0,48.99,299.8,0,normal,0
19870,21.88,49.06,302.6,0,normal,0
19872,21.85,49.39,301.8,0,normal,0
19874,21.71,49.49,299.2,0,normal,0
19876,21.76,49.76,300.7,1,normal,0
19878,21.66,49.85,300.3,0,normal,0
19880,21.68,49.75,300.4,0,normal,0
19882,21.7,49.83,298.8,0,normal,0
19884,21.63,49.77,295.2,0,normal,0
19886,21.72,49.88,300.2,0,normal,0
19888,21.68,50.1,301.8,0,normal,0
19890,21.7,49.88,301.5,0,normal,0
19892,21.64,50.06,302.3,0,normal,0
19894,21.71,49.65,303.4,0,normal,0
19896,21.84,49.99,297.3,0,normal,0
19898,21.86,49.84,296.4,0,normal,0
19900,21.89,49.7,295.7,0,normal,0
19902,21.82,49.89,295.2,0,normal,0
19904,21.83,50.03,293.8,0,normal,0
19906,21.79,50.14,297.1,0,normal,0
19908,21.9,50.21,292.0,0,normal,0
19910,21.82,49.87,293.0,0,normal,0
19912,21.86,49.77,288.5,0,normal,0
19914,21.85,49.99,298.6,0,normal,0
19916,21.95,49.83,299.5,0,normal,0
19918,21.98,50.04,297.7,0,normal,0
19920,21.79,49.92,298.4,0,normal,0
19922,21.88,49.84,295.3,0,normal,0
19924,21.78,49.8,298.8,0,normal,0
19926,21.83,49.9,299.7,0,normal,0
19928,21.68,50.08,300.3,0,normal,0
19930,21.67,50.08,297.0,0,normal,0
19932,21.71,50.06,295.3,0,normal,0
19934,21.5,50.26,302.8,1,normal,0
19936,21.39,50.68,299.8,0,normal,0
19938,21.6,50.63,296.3,0,normal,0
19940,21.57,50.74,297.6,0,normal,0
19942,21.72,50.74,296.2,0,normal,0
19944,21.73,50.78,295.7,0,normal,0
19946,21.66,50.57,297.3,1,normal,0
19948,21.62,50.75,298.7,0,normal,0
19950,21.59,50.86,295.9,0,normal,0
19952,21.57,50.97,300.7,0,normal,0
19954,21.62,51.0,302.1,0,normal,0
19956,21.61,50.9,302.3,0,normal,0
19958,21.71,50.83,301.3,0,normal,0
19960,21.69,51.09,298.3,0,normal,0
19962,21.61,50.92,292.5,0,normal,0
19964,21.64,50.87,298.9,0,normal,0
19966,21.6,50.59,298.6,0,normal,0
19968,21.68,50.44,296.8,0,normal,0
19970,21.68,50.36,292.5,0,normal,0
19972,21.62,50.36,294.0,0,normal,0
19974,21.64,50.31,300.0,0,normal,0
19976,21.57,49.69,299.9,0,normal,0
19978,21.56,49.85,292.8,0,normal,0
19980,21.46,49.54,293.0,0,normal,0
19982,21.64,49.57,297.2,0,normal,0
19984,21.6,49.59,292.7,0,normal,0
19986,21.5,49.94,296.0,0,normal,0
19988,21.32,50.26,293.2,0,normal,0
19990,21.45,50.32,298.1,0,normal,0
19992,21.58,50.51,302.0,0,normal,0
19994,21.59,50.5,299.6,0,normal,0
19996,21.52,50.65,298.1,0,normal,0
19998,21.52,50.85,297.5,0,normal,0
20000,21.47,50.79,297.5,0,normal,0
20002,21.39,50.52,298.9,0,normal,0
20004,21.44,49.72,301.1,0,normal,0
20006,21.49,50.08,300.6,0,normal,0
20008,21.42,50.19,304.6,0,normal,0
20010,21.5,49.98,300.3,0,normal,0
20012,21.45,49.99,298.2,0,normal,0
20014,21.2,50.24,299.0,0,normal,0
20016,21.11,50.17,299.0,0,normal,0
20018,21.19,50.08,300.0,0,normal,0
20020,21.23,50.17,299.5,0,normal,0
20022,21.31,50.07,301.1,0,normal,0
20024,21.36,49.95,300.1,0,normal,0
20026,21.48,50.53,294.3,0,normal,0
20028,21.38,50.58,295.9,0,normal,0
20030,21.45,50.49,294.0,0,normal,0
20032,21.61,50.35,297.5,0,normal,0
20034,21.55,50.15,300.3,0,normal,0
20036,21.43,50.19,298.8,0,normal,0
20038,21.41,50.55,292.2,0,normal,0
20040,21.44,50.54,298.6,0,normal,0
20042,21.49,50.59,297.5,0,normal,0
20044,21.52,50.38,298.5,0,normal,0
20046,21.75,50.33,294.6,0,normal,0
20048,21.64,50.28,293.5,0,normal,0
20050,21.55,50.12,291.3,0,normal,0
20052,21.58,50.11,295.5,0,normal,0
20054,21.51,50.55,302.1,0,normal,0
20056,21.46,50.89,296.6,0,normal,0
20058,21.45,51.16,294.5,0,normal,0
20060,21.56,51.04,293.2,0,normal,0
20062,21.49,51.12,289.5,0,normal,0
20064,21.36,50.8,288.5,0,normal,0
20066,21.38,51.16,292.7,0,normal,0
20068,21.41,51.01,293.4,0,normal,0
20070,21.52,50.86,292.3,0,normal,0
20072,21.49,51.05,299.3,0,normal,0
20074,21.46,51.12,303.9,0,normal,0
20076,21.42,51.25,299.9,0,normal,0
20078,21.4,51.41,302.4,0,normal,0
20080,21.31,51.32,300.2,0,normal,0
20082,21.3,51.15,299.0,0,normal,0
20084,21.2,50.84,297.5,0,normal,0
20086,21.25,51.21,300.4,0,normal,0
20088,21.24,51.5,300.1,0,normal,0
20090,21.27,51.28,296.1,0,normal,0
20092,21.21,51.81,289.8,0,normal,0
20094,21.21,51.27,287.5,0,normal,0
20096,21.16,51.41,284.5,0,normal,0
20098,21.31,51.55,288.8,0,normal,0
20100,21.35,51.32,290.0,0,normal,0
20102,21.31,51.46,292.5,0,normal,0
20104,21.35,51.57,293.8,0,normal,0
20106,21.38,51.42,302.3,0,normal,0
20108,21.38,51.57,297.7,0,normal,0
20110,21.26,51.47,297.2,0,normal,0
20112,21.4,51.63,298.4,0,normal,0
20114,21.37,51.37,296.5,0,normal,0
20116,21.32,51.18,297.3,0,normal,0
20118,21.27,51.28,297.1,0,normal,0
20120,21.32,51.41,297.0,0,normal,0
20122,21.28,51.53,298.0,0,normal,0
20124,21.31,51.35,291.8,0,normal,0
20126,21.32,51.37,292.5,0,normal,0
20128,21.34,51.17,296.3,0,normal,0
20130,21.4,51.31,293.1,0,normal,0
20132,21.33,51.29,294.1,0,normal,0
20134,21.18,51.11,294.2,0,normal,0
20136,21.14,51.02,294.9,0,normal,0
20138,21.15,51.08,298.0,0,normal,0
20140,21.18,50.68,295.0,0,normal,0
20142,21.21,50.56,300.5,0,normal,0
20144,21.12,50.84,295.3,1,normal,0
20146,21.09,50.43,299.8,0,normal,0
20148,21.06,50.54,304.6,0,normal,0
20150,20.94,50.71,304.2,0,normal,0
20152,20.82,50.38,305.8,0,normal,0
20154,20.95,50.19,303.6,0,normal,0
20156,20.86,49.96,297.0,0,normal,0
20158,20.88,49.77,296.9,0,normal,0
20160,20.84,49.82,294.6,0,normal,0
20162,20.85,49.5,295.1,0,normal,0
20164,20.86,49.75,297.4,0,normal,0
20166,20.82,49.87,296.6,0,normal,0
20168,20.73,50.05,297.3,0,normal,0
20170,20.74,49.98,292.8,0,normal,0
20172,20.99,49.82,293.6,0,normal,0
20174,21.04,49.96,289.7,0,normal,0
20176,20.99,49.99,292.0,0,normal,0
20178,21.06,50.07,294.9,0,normal,0
20180,21.16,49.89,302.7,0,normal,0
20182,21.07,49.84,302.9,0,normal,0
20184,21.06,49.78,300.6,0,normal,0
20186,21.1,49.72,302.5,0,normal,0
20188,21.07,49.81,299.7,0,normal,0
20190,21.03,49.85,303.9,0,normal,0
20192,21.08,49.95,301.3,0,normal,0
20194,21.06,50.02,293.2,0,normal,0
20196,21.03,50.05,289.5,0,normal,0
20198,21.0,50.31,291.5,0,normal,0
20200,21.03,50.38,292.6,0,normal,0
20202,21.09,50.63,291.6,0,normal,0
20204,21.05,50.7,291.8,0,normal,0
20206,21.14,50.65,295.4,0,normal,0
20208,20.91,50.71,290.1,0,normal,0
20210,20.92,50.79,290.9,0,normal,0
20212,20.98,50.8,294.3,0,normal,0
20214,21.13,50.74,297.1,0,normal,0
20216,21.23,50.63,297.5,0,normal,0
20218,21.06,50.7,293.4,0,normal,0
20220,21.04,50.68,287.4,0,normal,0
20222,21.03,51.24,288.5,0,normal,0
20224,20.92,51.16,284.9,0,normal,0
20226,20.82,51.24,288.3,0,normal,0
20228,20.76,51.31,294.4,0,normal,0
20230,20.73,51.56,301.6,0,normal,0
20232,20.78,51.41,300.9,0,normal,0
20234,20.81,51.39,303.2,0,normal,0
20236,20.69,51.61,301.4,0,normal,0
20238,20.64,51.54,296.4,0,normal,0
20240,20.53,51.36,294.7,0,normal,0
20242,20.67,51.36,293.3,0,normal,0
20244,20.66,51.34,293.4,0,normal,0
20246,20.65,51.39,300.0,0,normal,0
20248,20.68,50.71,303.7,0,normal,0
20250,20.66,50.76,300.6,0,normal,0
20252,20.78,50.8,299.9,0,normal,0
20254,20.83,50.98,302.5,0,normal,0
20256,20.9,50.95,292.1,0,normal,0
20258,20.88,50.79,294.5,0,normal,0
20260,20.92,50.79,295.7,0,normal,0
20262,20.86,50.58,294.7,0,normal,0
20264,20.91,50.23,294.3,0,normal,0
20266,20.92,50.25,296.5,0,normal,0
20268,20.99,50.45,298.6,0,normal,0
20270,20.93,50.58,298.5,0,normal,0
20272,20.93,50.45,296.1,0,normal,0
20274,20.73,50.96,294.0,0,normal,0
20276,20.63,51.04,295.6,0,normal,0
20278,20.65,51.35,294.7,0,normal,0
20280,20.59,51.47,293.8,0,normal,0
20282,20.61,51.42,293.5,0,normal,0
20284,20.78,51.31,294.9,0,normal,0
20286,20.72,51.17,289.2,0,normal,0
20288,20.8,51.01,291.2,0,normal,0
20290,20.74,51.02,291.2,0,normal,0
20292,20.75,50.63,291.6,0,normal,0
20294,20.79,50.7,297.4,0,normal,0
20296,20.77,50.57,294.7,0,normal,0
20298,20.73,50.45,291.6,0,normal,0
20300,20.81,50.21,294.7,0,normal,0
20302,20.91,50.24,295.1,0,normal,0
20304,20.8,50.23,298.4,0,normal,0
20306,20.75,50.36,299.9,0,normal,0
20308,20.79,50.58,295.6,0,normal,0
20310,20.91,50.39,292.3,0,normal,0
20312,21.06,50.31,292.1,0,normal,0
20314,21.02,50.15,288.1,0,normal,0
20316,21.09,50.57,287.2,0,normal,0
20318,21.16,50.09,290.4,0,normal,0
20320,21.07,50.34,295.2,0,normal,0
20322,21.04,50.46,294.0,0,normal,0
20324,20.98,50.58,288.9,0,normal,0
20326,21.01,50.66,292.4,0,normal,0
20328,20.97,50.68,292.3,0,normal,0
20330,21.0,50.51,291.9,0,normal,0
20332,20.91,50.86,295.5,0,normal,0
20334,20.81,50.63,298.4,0,normal,0
20336,20.82,50.4,295.0,0,normal,0
20338,20.8,50.56,297.1,0,normal,0
20340,20.93,50.75,300.2,0,normal,0
20342,20.96,50.23,299.2,0,normal,0
20344,21.05,50.23,298.2,0,normal,0
20346,21.09,50.44,298.8,0,normal,0
20348,21.13,50.21,297.4,0,normal,0
20350,20.92,50.4,296.7,0,normal,0
20352,20.83,50.64,295.0,0,normal,0
20354,20.76,51.01,292.5,0,normal,0
20356,20.75,50.76,291.1,0,normal,0
20358,20.77,50.88,296.3,0,normal,0
20360,20.82,50.86,298.5,0,normal,0
20362,20.83,51.17,298.8,0,normal,0
20364,20.63,51.33,304.8,0,normal,0
20366,20.77,51.49,298.4,0,normal,0
20368,20.77,51.33,296.8,0,normal,0
20370,20.79,51.57,302.1,0,normal,0
20372,20.75,51.58,301.7,0,normal,0
20374,20.82,51.11,304.2,0,normal,0
20376,20.87,50.98,300.3,0,normal,0
20378,20.76,51.16,303.0,0,normal,0
20380,20.73,51.32,300.6,0,normal,0
20382,20.78,51.35,301.4,0,normal,0
20384,20.83,51.22,295.1,0,normal,0
20386,20.92,51.18,292.2,0,normal,0
20388,20.87,51.25,287.3,0,normal,0
20390,20.88,51.4,288.5,0,normal,0
20392,20.86,51.33,288.8,0,normal,0
20394,20.86,51.14,284.5,0,normal,0
20396,20.81,51.02,288.6,0,normal,0
20398,20.88,51.22,292.0,0,normal,0
20400,20.79,51.22,287.5,0,normal,0
20402,20.79,50.96,292.1,0,normal,0
20404,20.7,50.7,291.5,0,normal,0
20406,20.75,50.85,296.8,0,normal,0
20408,20.76,50.72,298.9,0,normal,0
20410,20.96,50.57,297.9,0,normal,0
20412,20.89,50.65,293.4,0,normal,0
20414,21.04,50.45,296.6,0,normal,0
20416,20.97,50.64,301.4,0,normal,0
20418,21.01,50.82,306.6,0,normal,0
20420,21.03,50.72,305.5,0,normal,0
20422,20.9,50.72,306.5,0,normal,0
20424,20.89,50.72,306.4,0,normal,0
20426,20.95,50.74,303.0,0,normal,0
20428,20.83,50.81,304.6,0,normal,0
20430,20.92,50.9,296.7,0,normal,0
20432,20.78,50.91,294.2,0,normal,0
20434,20.81,50.96,300.9,0,normal,0
20436,20.73,50.98,299.4,0,normal,0
20438,20.66,51.33,296.1,0,normal,0
20440,20.72,51.3,295.8,0,normal,0
20442,20.78,51.5,293.3,0,normal,0
20444,20.82,51.56,289.9,0,normal,0
20446,20.78,51.46,298.8,0,normal,0
20448,20.8,51.56,298.4,0,normal,0
20450,20.77,51.49,295.6,0,normal,0
20452,20.83,51.63,299.8,0,normal,0
20454,20.66,51.52,301.2,0,normal,0
20456,20.68,51.51,299.2,0,normal,0
20458,20.77,51.37,300.2,0,normal,0
20460,20.72,51.16,306.0,0,normal,0
20462,20.67,51.33,296.8,0,normal,0
20464,20.59,51.21,292.3,0,normal,0
20466,20.6,51.4,292.0,0,normal,0
20468,20.57,51.49,288.6,0,normal,0
20470,20.64,51.59,290.3,0,normal,0
20472,20.54,51.72,292.0,0,normal,0
20474,20.57,52.22,287.1,0,normal,0
20476,20.52,52.33,294.3,0,normal,0
20478,20.41,52.13,290.7,0,normal,0
20480,20.34,51.87,293.6,0,normal,0
20482,20.22,52.11,297.6,0,normal,0
20484,20.07,51.82,294.0,0,normal,0
20486,20.06,51.51,299.5,0,normal,0
20488,20.28,51.2,289.0,0,normal,0
20490,20.24,51.64,294.3,0,normal,0
20492,20.3,51.93,295.2,0,normal,0
20494,20.29,52.05,292.8,0,normal,0
20496,20.22,52.32,293.3,0,normal,0
20498,20.28,52.03,293.0,0,normal,0
20500,20.18,52.17,292.1,0,normal,0
20502,20.3,52.36,290.0,0,normal,0
20504,20.25,52.48,286.0,0,normal,0
20506,20.41,52.64,290.9,0,normal,0
20508,20.5,52.56,291.7,0,normal,0
20510,20.52,52.63,296.1,0,normal,0
20512,20.52,52.43,294.4,0,normal,0
20514,20.5,52.48,292.8,0,normal,0
20516,20.49,52.17,293.2,0,normal,0
20518,20.52,52.04,294.8,0,normal,0
20520,20.57,52.2,298.4,0,normal,0
20522,20.59,51.95,302.0,0,normal,0
20524,20.55,51.99,299.6,0,normal,0
20526,20.58,52.09,303.3,0,normal,0
20528,20.52,52.21,305.0,0,normal,0
20530,20.62,51.93,305.7,1,normal,0
20532,20.56,52.76,300.9,0,normal,0
20534,20.62,52.71,298.9,0,normal,0
20536,20.57,52.43,291.7,0,normal,0
20538,20.61,52.31,293.9,0,normal,0
20540,20.61,51.94,294.0,0,normal,0
20542,20.63,51.9,292.9,0,normal,0
20544,20.71,51.74,295.7,0,normal,0
20546,20.67,51.53,293.6,0,normal,0
20548,20.6,51.74,297.3,0,normal,0
20550,20.59,52.01,295.5,0,normal,0
20552,20.68,52.17,296.5,0,normal,0
20554,20.84,52.09,297.0,0,normal,0
20556,20.77,51.97,296.2,0,normal,0
20558,20.59,51.95,297.1,0,normal,0
20560,20.52,52.28,297.1,0,normal,0
20562,20.6,52.4,298.9,0,normal,0
20564,20.65,52.19,290.9,0,normal,0
20566,20.76,52.11,292.0,0,normal,0
20568,20.81,52.09,288.8,0,normal,0
20570,20.94,51.72,288.8,0,normal,0
20572,20.99,51.9,289.2,0,normal,0
20574,21.0,51.51,293.3,0,normal,0
20576,21.12,51.4,293.1,0,normal,0
20578,21.1,51.32,299.0,0,normal,0
20580,21.07,51.38,292.5,1,normal,0
20582,21.11,51.23,295.3,0,normal,0
20584,20.95,51.19,296.2,0,normal,0
20586,20.87,50.78,297.5,0,normal,0
20588,20.79,50.62,297.1,0,normal,0
20590,20.8,50.95,291.0,0,normal,0
20592,20.8,51.43,293.4,0,normal,0
20594,20.65,51.32,287.9,0,normal,0
20596,20.74,51.28,285.9,0,normal,0
20598,20.77,51.43,289.3,0,normal,0
20600,20.55,51.47,289.8,0,normal,0
20602,20.59,51.41,287.5,0,normal,0
20604,20.51,51.23,292.0,0,normal,0
20606,20.41,51.75,293.7,0,normal,0
20608,20.34,51.73,294.5,0,normal,0
20610,20.52,51.83,292.0,0,normal,0
20612,20.46,51.65,296.4,0,normal,0
20614,20.53,51.52,298.8,0,normal,0
20616,20.55,51.39,301.3,0,normal,0
20618,20.74,51.28,299.2,0,normal,0
20620,20.75,51.24,298.4,0,normal,0
20622,20.68,51.39,293.5,0,normal,0
20624,20.75,51.57,293.0,0,normal,0
20626,20.85,51.44,293.5,0,normal,0
20628,20.83,51.52,295.8,0,normal,0
20630,20.89,51.24,294.6,0,normal,0
20632,20.78,50.97,294.5,0,normal,0
20634,20.65,50.86,294.7,0,normal,0
20636,20.72,50.62,294.3,0,normal,0
20638,20.7,50.98,296.3,0,normal,0
20640,20.73,51.23,296.0,0,normal,0
20642,20.66,51.33,293.2,0,normal,0
20644,20.58,51.58,292.5,0,normal,0
20646,20.54,51.73,291.7,0,normal,0
20648,20.5,51.23,288.7,0,normal,0
20650,20.47,51.26,290.4,0,normal,0
20652,20.44,51.41,295.7,0,normal,0
20654,20.39,51.21,293.8,0,normal,0
20656,20.44,51.32,291.4,1,normal,0
20658,20.37,51.34,293.6,0,normal,0
20660,20.18,51.16,295.4,0,normal,0
20662,20.22,51.62,290.9,0,normal,0
20664,20.35,51.65,297.5,0,normal,0
20666,20.44,51.69,296.2,0,normal,0
20668,20.51,51.54,296.1,0,normal,0
20670,20.47,51.66,294.5,0,normal,0
20672,20.39,51.75,294.6,0,normal,0
20674,20.27,51.76,295.3,0,normal,0
20676,20.29,51.66,294.5,0,normal,0
20678,20.3,51.5,293.9,0,normal,0
20680,20.4,51.25,293.7,0,normal,0
20682,20.53,51.22,294.1,0,normal,0
20684,20.42,50.95,288.5,0,normal,0
20686,20.4,50.85,286.1,0,normal,0
20688,20.35,50.77,285.1,0,normal,0
20690,20.39,51.05,289.2,0,normal,0
20692,20.44,51.05,289.8,0,normal,0
20694,20.43,51.08,290.2,0,normal,0
20696,20.5,51.1,290.1,0,normal,0
20698,20.44,51.21,294.7,0,normal,0
20700,20.56,51.22,289.8,0,normal,0
20702,20.63,51.31,294.1,0,normal,0
20704,20.72,51.16,290.5,0,normal,0
20706,20.79,51.3,291.2,0,normal,0
20708,20.76,51.51,290.7,0,normal,0
20710,20.56,51.27,294.3,0,normal,0
20712,20.73,50.97,293.6,0,normal,0
20714,20.6,50.95,287.7,0,normal,0
20716,20.55,50.99,291.7,0,normal,0
20718,20.67,50.97,286.8,0,normal,0
20720,20.67,51.03,296.0,0,normal,0
20722,20.66,51.44,291.2,1,normal,0
20724,20.75,51.34,287.1,0,normal,0
20726,20.57,50.9,290.1,0,normal,0
20728,20.63,51.02,284.8,0,normal,0
20730,20.48,51.11,279.4,0,normal,0
20732,20.45,51.17,286.9,0,normal,0
20734,20.57,51.52,289.6,0,normal,0
20736,20.6,51.7,293.2,0,normal,0
20738,20.62,51.6,294.7,0,normal,0
20740,20.51,51.52,290.3,0,normal,0
20742,20.53,51.44,287.7,0,normal,0
20744,20.47,51.54,294.1,0,normal,0
20746,20.42,51.76,291.8,0,normal,0
20748,20.52,51.28,291.9,0,normal,0
20750,20.51,51.59,295.8,0,normal,0
20752,20.55,51.37,295.4,0,normal,0
20754,20.51,51.27,296.5,0,normal,0
20756,20.59,51.33,294.0,0,normal,0
20758,20.45,51.16,292.8,0,normal,0
20760,20.36,51.14,293.4,0,normal,0
20762,20.35,51.28,291.4,0,normal,0
20764,20.24,51.48,290.1,0,normal,0
20766,20.28,51.58,288.6,0,normal,0
20768,20.34,51.52,288.3,0,normal,0
20770,20.34,51.49,289.3,0,normal,0
20772,20.38,51.53,292.0,0,normal,0
20774,20.4,51.67,287.5,0,normal,0
20776,20.6,51.66,284.2,0,normal,0
20778,20.64,51.66,289.9,0,normal,0
20780,20.5,51.24,288.3,0,normal,0
20782,20.56,51.48,291.3,0,normal,0
20784,20.44,51.35,289.2,0,normal,0
20786,20.55,51.44,291.1,0,normal,0
20788,20.68,51.41,293.9,0,normal,0
20790,20.54,51.08,296.3,0,normal,0
20792,20.53,50.9,295.4,0,normal,0
20794,20.48,51.09,294.4,0,normal,0
20796,20.44,50.91,291.7,0,normal,0
20798,20.39,50.89,287.7,0,normal,0
20800,20.45,50.94,288.7,0,normal,0
20802,20.48,50.99,289.7,0,normal,0
20804,20.42,51.16,287.5,0,normal,0
20806,20.24,51.08,289.5,0,normal,0
20808,20.26,50.87,294.2,0,normal,0
20810,20.22,50.9,293.2,0,normal,0
20812,20.42,50.83,292.4,0,normal,0
20814,20.42,50.7,296.8,0,normal,0
20816,20.47,50.64,303.9,0,normal,0
20818,20.41,50.71,302.3,0,normal,0
20820,20.23,50.48,298.9,0,normal,0
20822,20.25,50.8,294.0,0,normal,0
20824,20.13,50.94,292.0,0,normal,0
20826,20.27,51.16,293.4,0,normal,0
20828,20.33,51.57,290.9,0,normal,0
20830,20.49,51.75,292.5,0,normal,0
20832,20.46,51.72,292.3,0,normal,0
20834,20.45,51.53,291.8,0,normal,0
20836,20.6,51.56,288.6,0,normal,0
20838,20.64,51.69,289.6,0,normal,0
20840,20.64,51.61,290.4,0,normal,0
20842,20.65,51.45,293.6,0,normal,0
20844,20.6,51.76,295.7,0,normal,0
20846,20.52,51.93,300.0,0,normal,0
20848,20.52,51.72,296.5,0,normal,0
20850,20.47,51.78,298.2,0,normal,0
20852,20.39,51.85,299.7,0,normal,0
20854,20.35,51.95,298.6,0,normal,0
20856,20.32,52.36,294.2,0,normal,0
20858,20.23,52.09,296.6,0,normal,0
20860,20.26,51.75,296.9,0,normal,0
20862,20.35,51.5,297.8,0,normal,0
20864,20.29,51.41,300.6,0,normal,0
20866,20.34,51.49,304.0,0,normal,0
20868,20.32,51.37,304.3,0,normal,0
20870,20.28,51.53,296.8,0,normal,0
20872,20.32,51.17,297.4,0,normal,0
20874,20.21,51.89,295.7,1,normal,0
20876,20.28,51.91,298.7,0,normal,0
20878,20.26,51.86,298.6,0,normal,0
20880,20.25,52.02,301.1,0,normal,0
20882,20.29,51.84,300.4,0,normal,0
20884,20.45,51.62,299.8,0,normal,0
20886,20.44,51.76,300.4,0,normal,0
20888,20.5,51.77,301.4,0,normal,0
20890,20.46,51.94,299.2,0,normal,0
20892,20.39,52.05,299.3,0,normal,0
20894,20.38,51.5,297.3,0,normal,0
20896,20.46,51.36,297.8,0,normal,0
20898,20.51,51.66,297.4,0,normal,0
20900,20.5,51.81,298.4,0,normal,0
20902,20.62,51.49,299.9,0,normal,0
20904,20.62,51.49,302.9,0,normal,0
20906,20.74,51.4,297.1,0,normal,0
20908,20.67,51.47,297.6,0,normal,0
20910,20.66,51.75,293.3,0,normal,0
20912,20.63,51.56,291.5,0,normal,0
20914,20.62,51.66,293.8,0,normal,0
20916,20.65,51.86,293.8,0,normal,0
20918,20.68,51.53,295.8,0,normal,0
20920,20.61,51.47,295.0,0,normal,0
20922,20.5,51.45,294.8,0,normal,0
20924,20.46,51.61,295.3,0,normal,0
20926,20.43,51.59,293.9,0,normal,0
20928,20.43,51.62,289.8,0,normal,0
20930,20.47,51.67,287.7,0,normal,0
20932,20.46,51.95,284.2,0,normal,0
20934,20.54,52.03,284.9,0,normal,0
20936,20.52,52.1,286.7,0,normal,0
20938,20.4,52.05,285.4,0,normal,0
20940,20.53,51.95,289.7,0,normal,0
20942,20.61,51.69,289.4,0,normal,0
20944,20.59,51.37,286.2,0,normal,0
20946,20.67,51.09,287.6,0,normal,0
20948,20.44,51.32,290.3,0,normal,0
20950,20.43,51.21,287.5,0,normal,0
20952,20.3,51.09,287.5,0,normal,0
20954,20.34,50.98,295.5,0,normal,0
20956,20.35,50.78,297.3,0,normal,0
20958,20.37,50.96,292.7,0,normal,0
20960,20.39,51.18,295.6,0,normal,0
20962,20.38,51.17,299.3,0,normal,0
20964,20.38,51.26,296.6,0,normal,0
20966,20.33,51.52,295.5,0,normal,0
20968,20.37,51.53,298.7,0,normal,0
20970,20.4,51.65,292.9,0,normal,0
20972,20.33,51.53,286.0,0,normal,0
20974,20.51,51.56,292.9,0,normal,0
20976,20.42,51.67,292.6,0,normal,0
20978,20.4,51.72,293.5,0,normal,0
20980,20.32,51.47,290.5,0,normal,0
20982,20.17,51.22,291.9,0,normal,0
20984,20.2,51.31,295.1,0,normal,0
20986,20.34,51.35,295.2,0,normal,0
20988,20.47,51.44,292.0,0,normal,0
20990,20.46,51.22,291.6,0,normal,0
20992,20.58,50.99,294.7,0,normal,0
20994,20.62,50.74,295.9,0,normal,0
20996,20.6,50.84,294.4,0,normal,0
20998,20.49,51.09,294.1,0,normal,0
21000,20.61,51.51,295.7,0,normal,0
21002,20.75,51.81,295.6,0,normal,0
21004,20.8,52.01,290.4,0,normal,0
21006,20.75,52.13,291.7,0,normal,0
21008,20.79,52.19,292.6,0,normal,0
21010,20.81,52.02,298.0,0,normal,0
21012,20.77,52.08,296.3,0,normal,0
21014,20.76,51.98,299.2,0,normal,0
21016,20.71,51.77,298.2,0,normal,0
21018,20.78,51.58,302.4,0,normal,0
21020,20.71,51.38,300.5,0,normal,0
21022,20.55,51.48,301.2,0,normal,0
21024,20.61,51.45,300.3,0,normal,0
21026,20.63,51.42,296.8,0,normal,0
21028,20.71,51.87,294.0,0,normal,0
21030,20.68,52.06,298.0,0,normal,0
21032,20.71,51.72,298.7,0,normal,0
21034,20.81,51.64,301.6,0,normal,0
21036,20.76,51.37,305.1,0,normal,0
21038,20.68,51.61,301.0,0,normal,0
21040,20.63,51.48,299.7,0,normal,0
21042,20.74,51.3,301.0,0,normal,0
21044,20.68,51.61,298.9,0,normal,0
21046,20.69,51.37,297.5,0,normal,0
21048,20.69,51.4,299.8,0,normal,0
21050,20.75,51.73,295.1,0,normal,0
21052,20.76,51.48,297.0,0,normal,0
21054,20.82,51.2,294.7,0,normal,0
21056,20.74,51.69,292.6,0,normal,0
21058,20.89,51.64,297.9,0,normal,0
21060,21.19,51.85,292.6,0,normal,0
21062,21.17,51.96,291.0,0,normal,0
21064,21.12,51.93,282.3,0,normal,0
21066,20.98,51.73,286.6,0,normal,0
21068,21.05,52.01,289.9,0,normal,0
21070,20.95,51.79,293.4,0,normal,0
21072,21.02,51.95,291.5,0,normal,0
21074,21.13,51.7,284.0,0,normal,0
21076,21.19,51.89,286.2,0,normal,0
21078,21.29,51.9,292.6,0,normal,0
21080,21.14,51.9,296.9,0,normal,0
21082,20.98,51.82,298.4,0,normal,0
21084,21.08,51.53,299.9,0,normal,0
21086,21.07,51.7,299.6,0,normal,0
21088,21.08,51.75,299.3,0,normal,0
21090,20.99,51.67,300.0,0,normal,0
21092,20.91,51.51,297.2,0,normal,0
21094,20.82,51.75,297.1,0,normal,0
21096,20.69,51.55,301.1,0,normal,0
21098,20.77,51.36,298.7,0,normal,0
21100,20.86,51.24,294.2,0,normal,0
21102,20.9,51.31,297.3,0,normal,0
21104,20.97,51.54,290.7,0,normal,0
21106,20.93,51.64,294.0,0,normal,0
21108,20.77,51.85,298.8,0,normal,0
21110,20.71,51.44,300.6,0,normal,0
21112,20.83,51.37,302.4,0,normal,0
21114,20.91,51.04,302.0,0,normal,0
21116,20.87,51.3,301.3,0,normal,0
21118,20.87,51.22,302.3,0,normal,0
21120,20.96,51.33,300.0,0,normal,0
21122,20.96,51.39,290.6,0,normal,0
21124,20.88,51.37,290.1,1,normal,0
21126,20.83,51.4,289.0,0,normal,0
21128,20.87,51.15,295.2,0,normal,0
21130,20.83,51.1,298.4,0,normal,0
21132,20.89,51.06,290.6,0,normal,0
21134,20.87,50.78,291.2,0,normal,0
21136,20.91,50.71,289.5,0,normal,0
21138,20.86,51.03,290.5,0,normal,0
21140,20.89,51.11,291.7,1,normal,0
21142,20.93,51.17,294.2,0,normal,0
21144,20.98,51.09,298.1,0,normal,0
21146,21.04,51.02,301.4,0,normal,0
21148,21.21,51.09,303.2,0,normal,0
21150,21.23,50.85,300.3,0,normal,0
21152,21.19,50.91,296.5,0,normal,0
21154,21.19,51.03,294.9,0,normal,0
21156,21.03,51.06,299.0,0,normal,0
21158,21.0,51.16,300.5,0,normal,0
21160,20.94,51.36,300.5,0,normal,0
21162,21.03,51.12,299.5,0,normal,0
21164,21.04,50.88,299.2,0,normal,0
21166,21.15,50.89,301.6,0,normal,0
21168,21.16,50.9,297.1,0,normal,0
21170,21.1,51.22,296.8,0,normal,0
21172,21.11,51.24,298.0,0,normal,0
21174,21.04,51.15,295.4,0,normal,0
21176,21.07,51.4,296.1,0,normal,0
21178,21.11,51.18,300.0,0,normal,0
21180,21.09,50.97,301.4,0,normal,0
21182,21.04,50.98,293.9,0,normal,0
21184,20.95,51.32,300.0,0,normal,0
21186,21.01,51.32,302.5,0,normal,0
21188,20.92,51.48,301.3,0,normal,0
21190,21.03,51.17,294.6,0,normal,0
21192,21.13,51.37,291.7,0,normal,0
21194,21.13,51.4,291.4,0,normal,0
21196,21.17,51.53,295.0,0,normal,0
21198,21.26,51.71,295.4,0,normal,0
21200,21.29,51.84,291.9,0,normal,0
21202,21.26,51.87,292.1,0,normal,0
21204,21.21,51.69,292.9,0,normal,0
21206,21.2,51.52,297.9,0,normal,0
21208,21.21,51.63,293.8,0,normal,0
21210,21.2,51.49,295.3,0,normal,0
21212,21.24,51.59,288.1,0,normal,0
21214,21.08,51.84,285.5,0,normal,0
21216,20.99,51.58,289.0,0,normal,0
21218,20.91,51.62,296.4,0,normal,0
21220,20.94,51.61,297.4,0,normal,0
21222,20.9,51.85,299.3,0,normal,0
21224,20.88,51.7,300.0,0,normal,0
21226,21.01,51.53,301.2,0,normal,0
21228,21.19,51.23,301.5,0,normal,0
21230,21.19,51.0,296.3,0,normal,0
21232,21.13,50.93,299.7,0,normal,0
21234,21.06,51.04,302.0,0,normal,0
21236,21.08,51.23,300.1,0,normal,0
21238,20.94,51.02,297.9,0,normal,0
21240,20.99,51.14,297.4,0,normal,0
21242,20.93,51.15,294.8,0,normal,0
21244,21.08,51.35,295.9,0,normal,0
21246,21.04,51.64,297.6,0,normal,0
21248,21.03,51.8,295.9,0,normal,0
21250,20.97,51.67,294.8,0,normal,0
21252,21.06,51.79,295.6,0,normal,0
21254,20.96,51.87,294.6,0,normal,0
21256,20.99,51.87,293.1,0,normal,0
21258,20.98,51.78,292.4,0,normal,0
21260,21.0,51.65,292.7,0,normal,0
21262,21.01,51.32,289.5,0,normal,0
21264,21.02,51.32,289.7,0,normal,0
21266,21.07,51.28,291.3,1,normal,0
21268,21.1,51.28,295.9,0,normal,0
21270,21.11,51.02,298.8,0,normal,0
21272,21.07,51.11,301.8,0,normal,0
21274,21.01,50.86,298.2,0,normal,0
21276,20.95,50.87,294.0,0,normal,0
21278,20.92,50.81,297.1,0,normal,0
21280,20.8,50.82,291.7,0,normal,0
21282,20.82,50.87,293.6,0,normal,0
21284,20.83,50.83,299.4,0,normal,0
21286,20.84,50.68,293.9,0,normal,0
21288,20.92,50.63,293.5,0,normal,0
21290,21.01,50.68,290.9,0,normal,0
21292,20.98,50.77,293.4,1,normal,0
21294,20.97,50.83,297.0,0,normal,0
21296,20.94,51.13,292.4,0,normal,0
21298,21.07,51.0,297.8,0,normal,0
21300,21.07,50.9,298.6,0,normal,0
21302,20.99,50.62,294.9,0,normal,0
21304,20.97,50.8,296.9,0,normal,0
21306,21.09,50.89,296.7,0,normal,0
21308,21.15,50.91,297.9,0,normal,0
21310,21.17,51.12,298.1,0,normal,0
21312,21.2,51.09,302.7,0,normal,0
21314,21.11,51.11,301.3,0,normal,0
21316,21.08,51.15,299.7,0,normal,0
21318,21.23,51.12,302.7,0,normal,0
21320,21.17,50.83,295.9,0,normal,0
21322,21.18,50.64,293.3,0,normal,0
21324,21.26,50.64,296.5,0,normal,0
21326,21.2,50.57,296.8,0,normal,0
21328,21.25,50.26,300.9,0,normal,0
21330,21.08,49.88,298.5,0,normal,0
21332,21.07,49.93,297.8,0,normal,0
21334,21.02,49.67,299.8,0,normal,0
21336,20.97,49.87,301.3,0,normal,0
21338,20.93,50.01,305.9,0,normal,0
21340,20.94,49.92,301.7,0,normal,0
21342,20.77,49.97,302.7,0,normal,0
21344,20.89,50.11,300.7,0,normal,0
21346,20.86,50.03,297.5,0,normal,0
21348,21.04,50.06,307.2,0,normal,0
21350,21.1,50.01,305.8,0,normal,0
21352,21.14,50.18,304.0,0,normal,0
21354,21.26,50.27,296.4,0,normal,0
21356,21.25,50.27,301.6,1,normal,0
21358,21.34,50.66,307.8,0,normal,0
21360,21.24,50.59,304.6,0,normal,0
21362,21.32,50.79,299.9,0,normal,0
21364,21.25,50.7,297.1,0,normal,0
21366,21.3,50.82,297.7,0,normal,0
21368,21.38,50.45,295.4,0,normal,0
21370,21.43,50.83,295.3,0,normal,0
21372,21.38,50.84,294.1,0,normal,0
21374,21.45,50.74,296.6,0,normal,0
21376,21.38,51.02,292.1,0,normal,0
21378,21.41,51.27,291.3,0,normal,0
21380,21.42,50.9,294.1,0,normal,0
21382,21.49,51.03,295.1,0,normal,0
21384,21.57,50.92,296.1,0,normal,0
21386,21.56,50.87,297.0,0,normal,0
21388,21.48,50.71,294.2,0,normal,0
21390,21.42,50.57,294.7,0,normal,0
21392,21.39,50.35,299.6,1,normal,0
21394,21.36,50.35,296.1,0,normal,0
21396,21.35,50.45,300.8,0,normal,0
21398,21.35,50.55,302.4,0,normal,0
21400,21.31,50.59,306.3,0,normal,0
21402,21.25,50.59,301.6,0,normal,0
21404,21.11,50.64,301.2,0,normal,0
21406,21.11,50.53,296.5,0,normal,0
21408,21.26,50.59,292.0,0,normal,0
21410,21.18,50.83,296.4,0,normal,0
21412,21.2,50.71,294.0,0,normal,0
21414,21.17,50.47,292.7,0,normal,0
21416,21.08,50.48,295.2,0,normal,0
21418,21.13,50.36,296.4,0,normal,0
21420,21.15,50.48,297.2,0,normal,0
21422,21.23,50.33,297.3,0,normal,0
21424,21.39,50.14,296.6,0,normal,0
21426,21.3,50.13,300.9,0,normal,0
21428,21.6,50.09,297.9,0,normal,0
21430,21.65,50.49,299.0,0,normal,0
21432,21.68,50.14,299.7,1,normal,0
21434,21.73,50.33,299.0,0,normal,0
21436,21.73,50.61,301.5,0,normal,0
21438,21.82,50.98,299.4,0,normal,0
21440,21.73,50.87,294.6,0,normal,0
21442,21.59,50.79,299.1,0,normal,0
21444,21.5,50.79,300.7,0,normal,0
21446,21.51,50.7,302.5,0,normal,0
21448,21.53,51.14,302.8,0,normal,0
21450,21.5,51.26,305.6,0,normal,0
21452,21.63,51.37,301.0,0,normal,0
21454,21.69,51.33,299.0,0,normal,0
21456,21.74,51.32,295.4,0,normal,0
21458,21.79,51.35,296.5,0,normal,0
21460,21.8,51.51,296.0,0,normal,0
21462,21.94,51.57,297.5,0,normal,0
21464,21.83,51.3,294.5,0,normal,0
21466,21.93,51.39,302.0,0,normal,0
21468,21.99,51.22,301.7,0,normal,0
21470,21.82,51.19,292.5,0,normal,0
21472,21.78,51.49,291.0,0,normal,0
21474,21.78,50.94,290.3,0,normal,0
21476,21.87,50.98,283.5,0,normal,0
21478,21.87,50.59,290.0,0,normal,0
21480,21.86,50.47,290.1,0,normal,0
21482,21.81,50.42,292.6,0,normal,0
21484,21.79,50.46,292.4,0,normal,0
21486,21.89,50.46,292.2,0,normal,0
21488,21.85,50.6,294.2,0,normal,0
21490,21.77,50.53,294.3,0,normal,0
21492,21.74,50.32,303.6,0,normal,0
21494,21.73,50.17,298.8,0,normal,0
21496,21.6,50.17,302.3,0,normal,0
21498,21.56,50.5,306.5,0,normal,0
21500,21.59,50.22,304.9,0,normal,0
21502,21.63,50.25,298.9,0,normal,0
21504,21.64,50.12,302.1,0,normal,0
21506,21.72,49.92,302.1,0,normal,0
21508,21.66,50.13,300.0,0,normal,0
21510,21.69,50.16,296.5,0,normal,0
21512,21.71,50.23,294.1,0,normal,0
21514,21.53,50.08,296.2,0,normal,0
21516,21.62,50.22,296.4,0,normal,0
21518,21.67,50.45,295.6,0,normal,0
21520,21.7,50.48,292.1,0,normal,0
21522,21.76,50.59,300.5,0,normal,0
21524,21.67,50.56,298.6,0,normal,0
21526,21.56,50.42,297.4,0,normal,0
21528,21.46,50.29,297.2,0,normal,0
21530,21.43,50.17,292.5,0,normal,0
21532,21.57,50.34,294.7,0,normal,0
21534,21.65,50.1,297.1,0,normal,0
21536,21.67,50.17,296.2,0,normal,0
21538,21.64,50.22,299.9,0,normal,0
21540,21.72,49.79,293.8,0,normal,0
21542,21.61,50.05,294.8,0,normal,0
21544,21.72,50.36,294.2,0,normal,0
21546,21.69,50.55,294.4,0,normal,0
21548,21.75,50.89,295.3,0,normal,0
21550,21.75,51.27,293.8,0,normal,0
21552,21.68,51.19,296.9,0,normal,0
21554,21.75,51.1,299.3,0,normal,0
21556,21.94,51.34,298.1,0,normal,0
21558,21.94,51.27,299.4,0,normal,0
21560,21.93,51.21,303.2,0,normal,0
21562,21.87,51.27,300.2,0,normal,0
21564,21.86,50.88,296.3,0,normal,0
21566,21.95,50.57,295.1,0,normal,0
21568,21.81,50.51,300.0,0,normal,0
21570,21.85,50.49,295.0,0,normal,0
21572,21.76,50.46,296.6,0,normal,0
21574,21.83,50.4,295.5,0,normal,0
21576,21.94,50.61,299.9,0,normal,0
21578,21.91,50.32,296.6,0,normal,0
21580,21.81,50.08,299.1,0,normal,0
21582,21.79,50.38,302.2,0,normal,0
21584,21.88,50.07,303.2,0,normal,0
21586,21.85,49.94,293.0,0,normal,0
21588,21.83,50.15,299.0,0,normal,0
21590,21.8,49.92,298.4,0,normal,0
21592,21.9,49.83,300.3,0,normal,0
21594,21.93,49.9,297.8,0,normal,0
21596,21.95,49.86,292.9,0,normal,0
21598,21.85,49.74,296.3,0,normal,0
21600,21.99,49.86,297.9,0,normal,0
21602,22.08,49.67,299.9,0,normal,0
21604,21.97,49.96,295.3,0,normal,0
21606,21.83,49.76,293.9,0,normal,0
21608,21.85,49.3,298.6,0,normal,0
21610,21.85,49.26,302.6,0,normal,0
21612,21.93,49.48,302.2,0,normal,0
21614,21.93,49.7,308.1,0,normal,0
21616,22.07,49.54,306.6,0,normal,0
21618,22.16,49.65,303.3,0,normal,0
21620,22.16,49.6,304.1,1,normal,0
21622,22.14,49.58,308.1,0,normal,0
21624,22.24,49.58,304.1,0,normal,0
21626,22.24,49.69,302.8,0,normal,0
21628,22.23,49.83,303.5,0,normal,0
21630,22.26,49.91,303.7,0,normal,0
21632,22.29,50.0,301.5,0,normal,0
21634,22.39,50.09,299.4,0,normal,0
21636,22.23,50.2,300.0,0,normal,0
21638,22.16,50.57,304.0,0,normal,0
21640,22.09,50.17,301.1,0,normal,0
21642,22.25,50.38,298.0,0,normal,0
21644,22.29,50.01,299.8,0,normal,0
21646,22.28,50.15,300.5,0,normal,0
21648,22.35,50.2,307.5,0,normal,0
21650,22.15,50.15,305.2,0,normal,0
21652,22.13,50.16,309.5,0,normal,0
21654,22.1,50.18,307.3,0,normal,0
21656,21.96,50.24,308.7,0,normal,0
21658,21.97,50.37,307.5,0,normal,0
21660,21.92,50.51,310.3,0,normal,0
21662,21.88,50.77,309.0,0,normal,0
21664,21.98,50.77,307.2,0,normal,0
21666,22.08,50.98,304.5,0,normal,0
21668,22.11,50.82,305.3,0,normal,0
21670,22.16,50.71,303.9,0,normal,0
21672,22.1,50.55,300.5,0,normal,0
21674,22.18,50.29,297.7,0,normal,0
21676,22.23,50.47,295.9,0,normal,0
21678,22.17,50.83,290.7,0,normal,0
21680,22.08,50.56,288.3,0,normal,0
21682,22.16,50.39,286.5,0,normal,0
21684,22.13,50.01,292.2,0,normal,0
21686,22.13,50.17,294.6,0,normal,0
21688,22.22,49.78,300.8,0,normal,0
21690,22.22,49.7,302.6,1,normal,0
21692,22.37,49.93,305.2,0,normal,0
21694,22.35,50.04,300.1,1,normal,0
21696,22.12,49.84,302.5,0,normal,0
21698,22.22,50.05,303.0,0,normal,0
21700,22.2,49.99,299.5,0,normal,0
21702,22.08,49.65,302.2,0,normal,0
21704,22.11,49.35,303.1,0,normal,0
21706,22.11,49.51,299.6,0,normal,0
21708,22.1,49.57,304.4,0,normal,0
21710,22.28,49.53,300.9,0,normal,0
21712,22.16,49.68,298.4,0,normal,0
21714,22.13,49.69,297.7,0,normal,0
21716,22.06,50.06,304.3,0,normal,0
21718,21.99,49.94,303.6,0,normal,0
21720,22.04,49.65,303.3,0,normal,0
21722,22.12,49.54,307.4,0,normal,0
21724,22.21,49.41,306.9,0,normal,0
21726,22.23,49.54,305.3,0,normal,0
21728,22.11,49.77,306.7,0,normal,0
21730,22.14,49.76,308.6,0,normal,0
21732,22.17,49.93,307.0,0,normal,0
21734,22.09,50.09,302.1,0,normal,0
21736,22.11,50.32,300.8,0,normal,0
21738,22.26,50.07,299.1,0,normal,0
21740,22.36,49.88,302.1,0,normal,0
21742,22.35,49.93,296.5,0,normal,0
21744,22.33,50.12,296.0,0,normal,0
21746,22.33,50.17,301.5,0,normal,0
21748,22.31,49.91,301.4,0,normal,0
21750,22.39,50.33,310.7,0,normal,0
21752,22.28,50.52,304.7,0,normal,0
21754,22.28,50.38,305.2,0,normal,0
21756,22.31,50.15,303.5,0,normal,0
21758,22.24,49.92,301.0,0,normal,0
21760,22.35,50.11,298.8,0,normal,0
21762,22.4,50.0,301.5,0,normal,0
21764,22.49,49.83,300.2,0,normal,0
21766,22.52,50.04,306.9,0,normal,0
21768,22.45,49.87,309.1,0,normal,0
21770,22.39,50.0,306.4,0,normal,0
21772,22.49,50.03,302.4,0,normal,0
21774,22.45,50.05,304.8,0,normal,0
21776,22.55,50.45,304.1,0,normal,0
21778,22.59,50.25,299.1,0,normal,0
21780,22.56,50.28,296.8,0,normal,0
21782,22.56,50.34,296.8,0,normal,0
21784,22.62,49.96,296.7,0,normal,0
21786,22.62,50.16,299.1,0,normal,0
21788,22.57,50.2,305.7,0,normal,0
21790,22.66,50.03,300.4,0,normal,0
21792,22.67,49.88,303.1,0,normal,0
21794,22.72,49.75,299.9,0,normal,0
21796,22.69,49.89,305.4,0,normal,0
21798,22.7,49.95,304.3,0,normal,0
21800,22.63,49.78,303.9,0,normal,0
21802,22.56,50.08,302.0,0,normal,0
21804,22.51,50.03,303.5,0,normal,0
21806,22.42,50.18,302.7,0,normal,0
21808,22.47,50.27,309.6,0,normal,0
21810,22.49,50.2,306.3,0,normal,0
21812,22.6,49.92,306.2,0,normal,0
21814,22.66,49.76,306.1,0,normal,0
21816,22.56,49.82,305.9,0,normal,0
21818,22.58,49.63,306.6,0,normal,0
21820,22.63,49.67,305.4,0,normal,0
21822,22.42,49.51,307.3,1,normal,0
21824,22.41,49.32,305.4,0,normal,0
21826,22.42,49.65,305.3,0,normal,0
21828,22.41,49.5,299.3,0,normal,0
21830,22.55,49.49,296.3,0,normal,0
21832,22.53,49.24,295.4,0,normal,0
21834,22.62,49.31,298.2,1,normal,0
21836,22.55,49.35,305.9,0,normal,0
21838,22.57,49.17,307.0,0,normal,0
21840,22.57,49.03,306.0,0,normal,0
21842,22.68,48.92,304.8,0,normal,0
21844,22.64,48.77,303.5,0,normal,0
21846,22.54,48.74,304.7,0,normal,0
21848,22.7,48.92,302.1,0,normal,0
21850,22.56,48.61,304.3,0,normal,0
21852,22.6,48.37,304.7,0,normal,0
21854,22.56,48.12,302.6,0,normal,0
21856,22.57,48.33,300.1,0,normal,0
21858,22.62,48.38,299.4,0,normal,0
21860,22.46,48.5,303.7,0,normal,0
21862,22.55,48.81,308.5,0,normal,0
21864,22.55,48.79,303.4,0,normal,0
21866,22.64,48.88,299.8,0,normal,0
21868,22.63,48.8,305.9,0,normal,0
21870,22.76,48.57,303.6,0,normal,0
21872,22.78,48.66,300.4,0,normal,0
21874,22.72,48.63,302.1,0,normal,0
21876,22.76,48.76,305.5,0,normal,0
21878,22.8,48.6,305.3,0,normal,0
21880,22.78,48.39,299.4,0,normal,0
21882,22.7,48.62,303.2,0,normal,0
21884,22.62,48.71,306.5,0,normal,0
21886,22.57,48.37,308.2,0,normal,0
21888,22.53,48.16,306.4,0,normal,0
21890,22.5,48.53,305.0,0,normal,0
21892,22.45,48.42,308.6,0,normal,0
21894,22.44,48.38,310.4,0,normal,0
21896,22.4,48.63,308.5,0,normal,0
21898,22.55,48.52,310.7,0,normal,0
21900,22.5,48.52,310.9,0,normal,0
21902,22.52,48.47,308.3,0,normal,0
21904,22.45,48.94,309.5,0,normal,0
21906,22.59,48.73,309.0,0,normal,0
21908,22.6,48.61,307.8,0,normal,0
21910,22.7,48.67,303.8,0,normal,0
21912,22.61,48.68,307.8,0,normal,0
21914,22.61,48.97,308.9,0,normal,0
21916,22.53,49.08,302.7,0,normal,0
21918,22.68,48.75,299.1,0,normal,0
21920,22.87,48.93,303.7,0,normal,0
21922,22.85,48.72,304.7,0,normal,0
21924,22.9,48.85,305.6,0,normal,0
21926,22.89,48.89,305.8,0,normal,0
21928,23.01,48.62,309.3,0,normal,0
21930,22.97,48.62,307.9,0,normal,0
21932,22.98,48.46,304.9,0,normal,0
21934,22.9,48.32,303.1,0,normal,0
21936,22.88,48.72,299.4,1,normal,0
21938,22.86,48.94,299.6,0,normal,0
21940,22.94,48.82,299.2,0,normal,0
21942,22.96,48.83,302.7,0,normal,0
21944,22.91,48.64,301.1,0,normal,0
21946,22.95,48.75,300.6,0,normal,0
21948,22.97,48.38,302.7,0,normal,0
21950,22.9,48.79,310.3,0,normal,0
21952,22.87,49.12,311.5,0,normal,0
21954,22.93,49.32,308.1,0,normal,0
21956,22.89,49.15,305.9,0,normal,0
21958,22.85,49.24,306.4,0,normal,0
21960,22.96,49.21,307.9,0,normal,0
21962,22.95,48.92,306.6,0,normal,0
21964,22.94,49.13,306.3,0,normal,0
21966,23.08,49.08,308.1,0,normal,0
21968,23.02,48.99,303.1,0,normal,0
21970,23.03,49.11,303.2,0,normal,0
21972,22.92,49.09,301.6,0,normal,0
21974,22.98,48.97,302.5,0,normal,0
21976,22.89,49.06,306.2,0,normal,0
21978,22.77,49.54,307.4,1,normal,0
21980,22.8,49.42,305.6,0,normal,0
21982,22.83,49.19,304.4,0,normal,0
21984,22.99,49.09,301.5,0,normal,0
21986,23.01,49.04,306.8,0,normal,0
21988,22.97,49.12,304.6,0,normal,0
21990,22.95,48.78,303.3,0,normal,0
21992,22.91,48.89,306.2,0,normal,0
21994,22.96,48.9,301.4,0,normal,0
21996,22.92,49.05,295.0,0,normal,0
21998,22.88,49.01,301.3,0,normal,0
22000,22.86,48.72,299.8,0,normal,0
22002,22.95,48.58,296.8,0,normal,0
22004,22.92,48.73,300.3,0,normal,0
22006,22.95,48.76,307.6,0,normal,0
22008,22.8,48.85,304.8,0,normal,0
22010,22.83,49.22,304.8,0,normal,0
22012,22.91,49.32,303.8,0,normal,0
22014,22.84,49.42,311.6,0,normal,0
22016,22.73,49.65,306.5,0,normal,0
22018,22.87,49.33,306.6,0,normal,0
22020,22.93,49.86,304.8,0,normal,0
22022,22.82,49.69,306.1,0,normal,0
22024,22.83,49.67,304.7,0,normal,0
22026,22.86,49.67,304.1,0,normal,0
22028,22.97,49.37,307.1,0,normal,0
22030,23.06,49.71,302.7,0,normal,0
22032,23.13,49.45,307.1,0,normal,0
22034,23.24,49.53,309.1,0,normal,0
22036,23.2,49.19,303.2,0,normal,0
22038,23.2,49.07,302.3,0,normal,0
22040,23.15,49.12,303.7,0,normal,0
22042,23.2,49.03,302.1,0,normal,0
22044,23.37,49.17,303.1,0,normal,0
22046,23.37,49.12,303.9,0,normal,0
22048,23.3,48.98,298.3,0,normal,0
22050,23.15,48.9,306.4,0,normal,0
22052,23.24,48.89,303.6,0,normal,0
22054,23.31,49.0,304.2,0,normal,0
22056,23.4,49.04,303.9,0,normal,0
22058,23.24,48.68,306.4,0,normal,0
22060,23.27,48.61,302.8,0,normal,0
22062,23.13,48.34,303.8,1,normal,0
22064,22.95,48.81,309.0,0,normal,0
22066,22.93,48.89,300.6,0,normal,0
22068,22.9,48.79,297.2,0,normal,0
22070,22.88,48.89,298.8,0,normal,0
22072,22.88,49.26,305.3,0,normal,0
22074,22.91,49.11,304.4,0,normal,0
22076,23.05,48.83,306.5,0,normal,0
22078,22.99,49.13,305.5,0,normal,0
22080,22.91,49.39,306.6,0,normal,0
22082,22.83,49.41,304.3,0,normal,0
22084,22.84,49.35,309.6,0,normal,0
22086,22.72,49.36,312.1,0,normal,0
22088,22.82,49.11,305.7,0,normal,0
22090,22.76,49.35,304.5,0,normal,0
22092,22.74,49.25,298.3,0,normal,0
22094,22.7,49.17,306.8,0,normal,0
22096,22.74,49.81,309.1,0,normal,0
22098,22.7,49.98,308.5,0,normal,0
22100,22.72,49.76,304.0,0,normal,0
22102,22.81,50.2,301.9,0,normal,0
22104,22.93,50.28,300.3,0,normal,0
22106,23.05,50.08,298.1,0,normal,0
22108,23.02,50.21,295.2,0,normal,0
22110,23.06,49.9,296.5,0,normal,0
22112,22.97,49.95,296.8,0,normal,0
22114,23.02,49.75,297.1,0,normal,0
22116,23.03,49.84,300.1,0,normal,0
22118,23.02,49.9,303.3,0,normal,0
22120,23.11,49.66,302.6,0,normal,0
22122,23.22,49.48,300.8,0,normal,0
22124,23.1,49.29,298.8,0,normal,0
22126,23.13,49.09,304.9,0,normal,0
22128,23.11,49.05,301.0,0,normal,0
22130,23.15,49.0,300.9,0,normal,0
22132,23.12,48.93,307.3,0,normal,0
22134,23.15,49.09,310.9,0,normal,0
22136,23.28,48.86,310.5,0,normal,0
22138,23.34,48.58,305.3,0,normal,0
22140,23.22,48.45,306.1,0,normal,0
22142,23.35,48.6,302.3,0,normal,0
22144,23.19,48.67,308.6,0,normal,0
22146,23.11,48.3,309.9,0,normal,0
22148,23.07,48.37,311.0,1,normal,0
22150,23.09,48.45,308.5,0,normal,0
22152,23.14,48.54,307.5,0,normal,0
22154,23.17,48.37,307.0,0,normal,0
22156,23.19,48.42,306.8,0,normal,0
22158,23.19,48.4,303.5,0,normal,0
22160,23.16,48.7,308.4,0,normal,0
22162,23.21,48.45,308.4,0,normal,0
22164,23.15,48.42,304.0,0,normal,0
22166,23.3,48.51,306.4,0,normal,0
22168,23.19,48.34,306.9,0,normal,0
22170,23.15,48.54,305.4,0,normal,0
22172,23.3,48.37,303.1,0,normal,0
22174,23.32,48.27,308.2,0,normal,0
22176,23.24,48.19,309.2,0,normal,0
22178,23.3,48.11,306.5,0,normal,0
22180,23.37,48.13,310.4,0,normal,0
22182,23.37,48.09,306.8,0,normal,0
22184,23.36,48.14,302.8,0,normal,0
22186,23.47,48.18,309.4,0,normal,0
22188,23.38,48.01,312.2,0,normal,0
22190,23.4,47.98,311.6,0,normal,0
22192,23.39,48.2,310.3,0,normal,0
22194,23.24,48.3,306.5,0,normal,0
22196,23.24,48.38,308.0,0,normal,0
22198,23.17,48.06,298.2,0,normal,0
22200,23.23,48.2,301.4,0,normal,0
22202,23.29,48.39,297.1,0,normal,0
22204,23.43,48.6,300.0,0,normal,0
22206,23.36,48.9,297.6,0,normal,0
22208,23.46,49.24,302.2,0,normal,0
22210,23.3,48.84,301.2,0,normal,0
22212,23.2,48.69,302.1,0,normal,0
22214,23.35,48.87,296.9,0,normal,0
22216,23.31,48.99,299.0,0,normal,0
22218,23.34,48.84,296.2,0,normal,0
22220,23.29,48.81,295.2,0,normal,0
22222,23.16,49.01,297.2,0,normal,0
22224,23.25,48.47,297.6,0,normal,0
22226,23.21,48.63,299.5,0,normal,0
22228,23.31,48.64,300.9,0,normal,0
22230,23.3,48.5,300.7,0,normal,0
22232,23.38,48.59,300.9,0,normal,0
22234,23.57,48.49,296.1,0,normal,0
22236,23.57,48.61,302.3,0,normal,0
22238,23.58,48.87,304.8,0,normal,0
22240,23.45,48.78,306.0,0,normal,0
22242,23.5,48.53,307.3,0,normal,0
22244,23.37,48.29,306.8,0,normal,0
22246,23.3,48.06,308.2,0,normal,0
22248,23.26,48.15,307.9,0,normal,0
22250,23.27,47.75,307.3,0,normal,0
22252,23.18,47.92,312.9,0,normal,0
22254,23.25,47.81,310.9,0,normal,0
22256,23.15,48.06,312.5,0,normal,0
22258,23.31,48.12,310.9,0,normal,0
22260,23.33,48.21,309.8,0,normal,0
22262,23.32,48.4,313.4,0,normal,0
22264,23.34,48.12,305.0,0,normal,0
22266,23.32,48.08,306.0,0,normal,0
22268,23.34,47.9,301.1,0,normal,0
22270,23.24,48.17,302.6,0,normal,0
22272,23.28,48.14,303.5,0,normal,0
22274,23.38,48.22,301.7,0,normal,0
22276,23.17,48.37,302.5,0,normal,0
22278,23.05,48.51,300.9,0,normal,0
22280,23.22,48.48,300.0,0,normal,0
22282,23.28,48.61,302.0,0,normal,0
22284,23.21,48.68,306.0,0,normal,0
22286,23.16,48.75,304.0,0,normal,0
22288,23.12,48.87,305.5,0,normal,0
22290,23.07,48.86,307.3,0,normal,0
22292,23.16,48.67,304.6,0,normal,0
22294,23.14,48.76,306.0,0,normal,0
22296,23.08,48.81,304.0,0,normal,0
22298,22.99,48.85,302.2,0,normal,0
22300,23.02,48.78,303.8,0,normal,0
22302,23.09,48.71,303.7,0,normal,0
22304,23.26,48.75,306.0,0,normal,0
22306,23.12,48.58,301.5,0,normal,0
22308,23.16,48.66,309.3,0,normal,0
22310,23.06,48.51,311.8,0,normal,0
22312,23.2,48.96,302.2,0,normal,0
22314,23.07,49.23,298.7,0,normal,0
22316,23.12,49.1,297.2,0,normal,0
22318,23.21,49.04,298.5,0,normal,0
22320,23.21,49.19,301.6,0,normal,0
22322,23.16,48.99,296.4,0,normal,0
22324,23.22,49.18,303.2,0,normal,0
22326,23.34,49.22,302.0,0,normal,0
22328,23.41,49.4,305.6,0,normal,0
22330,23.45,48.95,304.1,0,normal,0
22332,23.61,48.89,299.9,0,normal,0
22334,23.61,49.02,303.3,0,normal,0
22336,23.62,49.25,306.7,0,normal,0
22338,23.54,48.77,302.0,0,normal,0
22340,23.51,48.32,301.6,0,normal,0
22342,23.57,48.17,304.8,0,normal,0
22344,23.49,48.05,300.4,0,normal,0
22346,23.47,48.38,304.5,1,normal,0
22348,23.5,48.69,311.4,0,normal,0
22350,23.46,48.87,309.3,0,normal,0
22352,23.3,48.86,303.7,0,normal,0
22354,23.33,48.88,305.2,0,normal,0
22356,23.41,48.98,304.6,0,normal,0
22358,23.4,48.84,299.3,0,normal,0
22360,23.43,48.72,299.5,0,normal,0
22362,23.32,48.33,307.9,0,normal,0
22364,23.4,48.26,305.2,0,normal,0
22366,23.37,48.52,307.3,1,normal,0
22368,23.38,48.68,306.8,0,normal,0
22370,23.31,48.57,308.7,0,normal,0
22372,23.46,48.88,307.8,0,normal,0
22374,23.48,48.68,310.1,0,normal,0
22376,23.65,48.3,307.0,0,normal,0
22378,23.6,47.97,305.3,0,normal,0
22380,23.62,47.94,306.5,0,normal,0
22382,23.64,47.83,308.4,0,normal,0
22384,23.49,47.86,304.8,0,normal,0
22386,23.44,47.87,309.5,0,normal,0
22388,23.41,47.73,305.7,0,normal,0
22390,23.55,47.94,309.4,0,normal,0
22392,23.57,47.92,306.7,0,normal,0
22394,23.49,47.62,307.3,0,normal,0
22396,23.52,47.47,311.1,0,normal,0
22398,23.37,47.46,306.5,0,normal,0
22400,23.4,47.37,306.1,0,normal,0
22402,23.41,47.81,305.0,0,normal,0
22404,23.53,47.84,303.5,0,normal,0
22406,23.52,47.69,301.3,0,normal,0
22408,23.38,47.41,299.7,0,normal,0
22410,23.44,47.45,299.5,0,normal,0
22412,23.63,47.66,303.0,0,normal,0
22414,23.56,47.58,302.9,0,normal,0
22416,23.56,47.49,299.9,0,normal,0
22418,23.49,47.84,297.2,0,normal,0
22420,23.5,47.89,302.3,0,normal,0
22422,23.38,47.9,305.0,0,normal,0
22424,23.48,47.85,304.4,0,normal,0
22426,23.67,47.79,297.3,0,normal,0
22428,23.57,47.78,301.3,0,normal,0
22430,23.59,47.91,300.9,0,normal,0
22432,23.54,48.16,306.9,0,normal,0
22434,23.54,48.36,306.1,0,normal,0
22436,23.63,48.46,305.1,0,normal,0
22438,23.68,48.19,304.7,0,normal,0
22440,23.79,48.45,308.1,0,normal,0
22442,23.79,48.3,308.0,0,normal,0
22444,23.79,48.45,310.6,0,normal,0
22446,23.99,48.3,303.2,0,normal,0
22448,24.04,48.63,302.0,0,normal,0
22450,24.02,48.47,300.9,0,normal,0
22452,23.93,48.2,299.2,0,normal,0
22454,23.94,48.21,303.5,0,normal,0
22456,23.99,48.31,302.1,0,normal,0
22458,24.0,48.07,306.1,1,normal,0
22460,23.95,48.0,303.6,0,normal,0
22462,23.92,47.81,302.9,0,normal,0
22464,23.88,47.79,304.9,0,normal,0
22466,23.78,47.67,309.8,0,normal,0
22468,23.68,47.55,308.4,0,normal,0
22470,23.54,47.77,309.5,0,normal,0
22472,23.49,47.95,313.8,0,normal,0
22474,23.61,48.17,311.7,0,normal,0
22476,23.61,48.1,310.4,0,normal,0
22478,23.51,48.12,305.2,0,normal,0
22480,23.44,48.35,302.1,0,normal,0
22482,23.3,48.38,302.5,0,normal,0
22484,23.33,48.29,300.4,0,normal,0
22486,23.43,48.46,305.7,0,normal,0
22488,23.36,48.39,305.9,0,normal,0
22490,23.3,48.09,307.1,0,normal,0
22492,23.3,48.0,304.7,0,normal,0
22494,23.36,48.04,303.7,0,normal,0
22496,23.4,48.14,308.8,0,normal,0
22498,23.41,47.99,304.2,0,normal,0
22500,23.47,47.98,304.9,0,normal,0
22502,23.45,47.93,303.8,0,normal,0
22504,23.48,48.1,299.1,0,normal,0
22506,23.6,48.21,304.6,0,normal,0
22508,23.55,48.13,305.8,0,normal,0
22510,23.52,47.93,306.3,0,normal,0
22512,23.6,48.03,304.2,0,normal,0
22514,23.56,47.94,305.2,0,normal,0
22516,23.56,48.04,297.1,0,normal,0
22518,23.43,48.15,297.3,0,normal,0
22520,23.39,47.98,301.4,0,normal,0
22522,23.4,47.8,299.0,0,normal,0
22524,23.43,47.83,297.5,0,normal,0
22526,23.5,47.81,296.0,0,normal,0
22528,23.57,47.9,298.1,0,normal,0
22530,23.6,48.06,302.4,1,normal,0
22532,23.6,48.22,303.5,0,normal,0
22534,23.64,48.33,305.5,0,normal,0
22536,23.67,48.54,305.9,0,normal,0
22538,23.77,48.65,304.8,0,normal,0
22540,23.74,48.72,309.8,0,normal,0
22542,23.73,48.92,309.7,0,normal,0
22544,23.83,48.46,319.4,0,normal,0
22546,23.87,48.25,316.4,1,normal,0
22548,23.75,48.36,313.7,0,normal,0
22550,23.7,48.67,311.2,0,normal,0
22552,23.68,48.52,309.8,0,normal,0
22554,23.67,48.27,308.2,0,normal,0
22556,23.56,48.0,304.5,0,normal,0
22558,23.42,48.16,305.6,0,normal,0
22560,23.5,48.01,304.5,0,normal,0
22562,23.5,48.23,308.7,0,normal,0
22564,23.51,48.02,312.0,0,normal,0
22566,23.46,48.54,311.4,0,normal,0
22568,23.54,48.18,309.3,0,normal,0
22570,23.48,48.26,307.8,0,normal,0
22572,23.64,48.42,301.2,0,normal,0
22574,23.62,48.41,301.1,0,normal,0
22576,23.75,48.32,300.2,0,normal,0
22578,23.75,48.22,304.0,0,normal,0
22580,23.75,48.08,302.8,0,normal,0
22582,23.82,48.3,303.7,0,normal,0
22584,23.78,48.54,304.8,0,normal,0
22586,23.78,48.35,303.9,0,normal,0
22588,23.82,48.22,309.2,0,normal,0
22590,23.66,48.14,308.9,0,normal,0
22592,23.66,48.05,307.0,0,normal,0
22594,23.62,48.13,301.4,0,normal,0
22596,23.67,48.15,301.9,0,normal,0
22598,23.61,48.02,303.6,0,normal,0
22600,23.66,48.1,301.7,0,normal,0
22602,23.6,47.92,304.4,0,normal,0
22604,23.52,47.83,302.2,0,normal,0
22606,23.48,47.52,300.1,0,normal,0
22608,23.61,47.67,306.3,0,normal,0
22610,23.5,47.9,306.7,0,normal,0
22612,23.43,47.7,304.8,0,normal,0
22614,23.47,47.8,305.7,0,normal,0
22616,23.37,47.73,308.8,0,normal,0
22618,23.44,48.11,313.6,0,normal,0
22620,23.39,47.93,308.9,0,normal,0
22622,23.36,48.14,308.8,0,normal,0
22624,23.24,48.18,312.7,0,normal,0
22626,23.23,48.35,313.9,0,normal,0
22628,23.33,48.25,314.2,0,normal,0
22630,23.32,48.4,310.0,0,normal,0
22632,23.35,48.57,301.2,0,normal,0
22634,23.4,48.54,303.5,0,normal,0
22636,23.47,48.36,307.6,0,normal,0
22638,23.41,48.71,306.6,0,normal,0
22640,23.47,48.5,305.5,0,normal,0
22642,23.58,48.69,306.9,0,normal,0
22644,23.57,48.71,306.9,0,normal,0
22646,23.5,48.62,306.9,0,normal,0
22648,23.49,48.44,304.2,0,normal,0
22650,23.38,48.32,308.7,0,normal,0
22652,23.43,48.43,303.6,0,normal,0
22654,23.32,48.45,303.5,0,normal,0
22656,23.3,48.46,303.4,0,normal,0
22658,23.38,48.34,304.3,0,normal,0
22660,23.29,48.66,306.9,1,normal,0
22662,23.28,48.91,303.6,0,normal,0
22664,23.37,48.87,303.1,0,normal,0
22666,23.27,48.69,305.7,0,normal,0
22668,23.25,48.8,308.8,0,normal,0
22670,23.26,48.64,313.3,0,normal,0
22672,23.17,48.27,313.6,0,normal,0
22674,23.22,48.42,311.8,0,normal,0
22676,23.32,48.71,308.1,0,normal,0
22678,23.39,48.83,307.6,0,normal,0
22680,23.33,49.0,302.5,0,normal,0
22682,23.43,48.61,301.9,0,normal,0
22684,23.48,48.47,305.8,0,normal,0
22686,23.46,48.49,308.8,0,normal,0
22688,23.5,48.6,308.8,0,normal,0
22690,23.46,48.5,309.0,0,normal,0
22692,23.47,48.58,309.4,0,normal,0
22694,23.54,48.71,306.2,0,normal,0
22696,23.56,48.81,308.3,0,normal,0
22698,23.64,48.67,313.1,0,normal,0
22700,23.58,48.67,313.5,0,normal,0
22702,23.56,48.37,314.8,0,normal,0
22704,23.47,48.28,310.3,0,normal,0
22706,23.47,48.25,307.0,0,normal,0
22708,23.49,47.88,306.5,0,normal,0
22710,23.29,47.5,304.5,0,normal,0
22712,23.19,47.91,304.2,0,normal,0
22714,23.23,48.09,301.7,0,normal,0
22716,23.22,48.2,306.1,0,normal,0
22718,23.1,48.12,305.6,0,normal,0
22720,23.1,48.17,305.5,0,normal,0
22722,23.24,48.28,306.2,0,normal,0
22724,23.28,48.23,300.2,0,normal,0
22726,23.18,48.34,298.5,0,normal,0
22728,23.18,48.74,302.5,0,normal,0
22730,23.05,48.21,300.8,0,normal,0
22732,23.06,47.96,311.7,0,normal,0
22734,23.06,48.02,307.9,0,normal,0
22736,23.15,47.83,306.0,0,normal,0
22738,23.12,47.66,308.7,0,normal,0
22740,23.07,47.92,313.5,0,normal,0
22742,23.1,48.3,306.6,0,normal,0
22744,23.28,48.35,312.5,0,normal,0
22746,23.23,47.91,307.3,0,normal,0
22748,23.29,48.32,308.1,0,normal,0
22750,23.23,48.35,305.5,0,normal,0
22752,23.17,48.1,302.1,0,normal,0
22754,23.2,48.11,308.4,0,normal,0
22756,23.18,48.23,309.9,0,normal,0
22758,23.25,47.89,306.6,0,normal,0
22760,23.31,48.17,306.0,0,normal,0
22762,23.36,48.43,304.6,0,normal,0
22764,23.35,48.64,307.9,0,normal,0
22766,23.42,48.64,311.1,0,normal,0
22768,23.41,48.43,309.5,0,normal,0
22770,23.44,48.29,307.1,0,normal,0
22772,23.3,48.36,308.8,0,normal,0
22774,23.3,48.6,309.8,0,normal,0
22776,23.31,48.75,309.6,0,normal,0
22778,23.35,48.8,307.3,0,normal,0
22780,23.34,48.61,305.4,0,normal,0
22782,23.39,48.93,304.3,0,normal,0
22784,23.34,49.23,306.7,0,normal,0
22786,23.26,49.73,308.1,0,normal,0
22788,23.27,49.59,307.4,0,normal,0
22790,23.25,49.7,307.5,0,normal,0
22792,23.26,49.41,307.4,0,normal,0
22794,23.13,49.48,306.4,0,normal,0
22796,23.03,49.41,309.2,0,normal,0
22798,23.17,49.41,311.3,0,normal,0
22800,23.23,49.61,306.8,0,normal,0
22802,23.27,49.33,306.4,0,normal,0
22804,23.39,49.5,305.7,0,normal,0
22806,23.38,49.31,302.5,0,normal,0
22808,23.46,49.72,306.6,0,normal,0
22810,23.4,50.06,302.9,0,normal,0
22812,23.56,49.86,303.1,0,normal,0
22814,23.35,49.52,303.1,0,normal,0
22816,23.34,49.5,304.6,0,normal,0
22818,23.14,49.57,306.4,0,normal,0
22820,23.17,49.51,303.1,0,normal,0
22822,23.24,49.36,303.5,0,normal,0
22824,23.28,48.93,301.9,0,normal,0
22826,23.29,48.95,301.6,0,normal,0
22828,23.29,49.31,307.2,0,normal,0
22830,23.26,49.63,306.7,0,normal,0
22832,23.21,49.46,304.6,0,normal,0
22834,23.23,49.35,305.3,0,normal,0
22836,23.25,48.9,302.2,0,normal,0
22838,23.36,48.73,303.1,0,normal,0
22840,23.38,48.62,302.0,0,normal,0
22842,23.41,48.73,304.0,0,normal,0
22844,23.42,48.37,304.0,0,normal,0
22846,23.35,48.27,301.8,0,normal,0
22848,23.27,48.24,302.4,0,normal,0
22850,23.36,48.71,299.2,0,normal,0
22852,23.26,48.49,298.1,0,normal,0
22854,23.28,48.45,300.4,0,normal,0
22856,23.34,48.56,303.5,0,normal,0
22858,23.27,48.62,302.3,0,normal,0
22860,23.41,48.71,302.4,0,normal,0
22862,23.43,48.64,304.1,0,normal,0
22864,23.4,48.59,305.3,0,normal,0
22866,23.35,48.75,298.5,1,normal,0
22868,23.45,48.31,299.3,0,normal,0
22870,23.31,48.47,298.3,0,normal,0
22872,23.34,48.43,304.2,0,normal,0
22874,23.3,48.45,308.0,0,normal,0
22876,23.4,48.36,305.8,0,normal,0
22878,23.39,48.55,307.8,0,normal,0
22880,23.34,48.84,301.9,0,normal,0
22882,23.41,48.76,305.7,0,normal,0
22884,23.36,48.87,313.8,0,normal,0
22886,23.44,48.97,310.6,0,normal,0
22888,23.47,48.82,306.7,0,normal,0
22890,23.46,49.06,306.9,0,normal,0
22892,23.51,49.13,304.1,0,normal,0
22894,23.44,48.58,300.2,0,normal,0
22896,23.46,48.74,300.1,0,normal,0
22898,23.39,49.04,305.4,0,normal,0
22900,23.39,49.0,304.2,0,normal,0
22902,23.26,48.66,303.5,0,normal,0
22904,23.35,48.82,300.6,0,normal,0
22906,23.17,48.69,299.6,0,normal,0
22908,23.07,48.75,293.0,0,normal,0
22910,23.11,48.58,290.7,0,normal,0
22912,23.12,48.77,298.1,0,normal,0
22914,23.18,49.02,297.6,0,normal,0
22916,23.05,48.84,302.4,0,normal,0
22918,23.02,48.63,303.7,0,normal,0
22920,23.05,48.47,301.3,0,normal,0
22922,23.03,48.32,297.3,0,normal,0
22924,23.03,48.51,299.3,0,normal,0
22926,23.07,48.13,297.6,0,normal,0
22928,23.08,48.39,302.2,0,normal,0
22930,23.0,48.49,308.9,0,normal,0
22932,22.87,48.24,302.7,0,normal,0
22934,22.84,48.35,303.8,0,normal,0
22936,22.77,48.54,301.8,0,normal,0
22938,22.66,48.47,301.5,0,normal,0
22940,22.74,48.38,302.5,0,normal,0
22942,22.85,48.72,299.0,0,normal,0
22944,22.85,48.58,302.8,0,normal,0
22946,22.98,48.58,303.0,0,normal,0
22948,23.09,48.23,304.0,0,normal,0
22950,23.12,48.44,307.4,0,normal,0
22952,22.97,48.06,304.6,0,normal,0
22954,22.95,48.09,299.8,0,normal,0
22956,23.07,48.39,301.5,0,normal,0
22958,23.03,48.04,300.7,0,normal,0
22960,23.1,48.4,303.8,0,normal,0
22962,23.14,48.5,300.7,0,normal,0
22964,23.08,48.47,298.0,0,normal,0
22966,23.03,48.57,298.2,0,normal,0
22968,23.04,48.86,300.0,0,normal,0
22970,22.93,48.93,300.0,0,normal,0
22972,22.95,48.95,303.9,0,normal,0
22974,22.96,48.93,306.4,0,normal,0
22976,22.91,49.12,307.2,0,normal,0
22978,22.87,49.3,305.8,0,normal,0
22980,22.78,49.32,308.3,1,normal,0
22982,22.66,49.35,312.0,0,normal,0
22984,22.6,49.44,307.7,0,normal,0
22986,22.82,49.55,304.0,0,normal,0
22988,22.83,49.61,298.9,0,normal,0
22990,22.84,49.8,297.6,0,normal,0
22992,22.82,49.51,304.0,0,normal,0
22994,22.86,49.27,306.0,0,normal,0
22996,22.98,48.91,302.5,0,normal,0
22998,22.93,48.88,308.1,0,normal,0
23000,22.9,49.04,311.1,0,normal,0
23002,22.95,49.16,314.2,0,normal,0
23004,22.97,49.04,309.5,0,normal,0
23006,23.01,48.77,306.3,0,normal,0
23008,22.83,48.83,304.0,0,normal,0
23010,22.78,48.71,301.9,0,normal,0
23012,22.95,48.76,304.0,0,normal,0
23014,22.89,48.73,304.2,0,normal,0
23016,22.94,48.99,300.9,0,normal,0
23018,23.03,49.26,302.5,0,normal,0
23020,23.08,49.17,300.2,0,normal,0
23022,23.11,49.36,297.9,0,normal,0
23024,23.04,49.42,300.3,0,normal,0
23026,22.85,49.61,307.3,0,normal,0
23028,22.83,49.21,305.7,0,normal,0
23030,22.89,49.8,304.2,0,normal,0
23032,22.89,49.35,306.1,0,normal,0
23034,22.91,49.5,308.3,0,normal,0
23036,22.86,49.26,308.0,0,normal,0
23038,22.81,49.36,306.2,0,normal,0
23040,22.79,49.27,304.2,0,normal,0
23042,22.84,49.18,302.4,0,normal,0
23044,23.05,49.12,305.2,0,normal,0
23046,23.04,48.79,304.9,0,normal,0
23048,22.99,48.48,301.9,0,normal,0
23050,22.98,48.65,302.2,0,normal,0
23052,23.02,48.76,300.6,0,normal,0
23054,23.03,48.53,298.8,0,normal,0
23056,23.01,48.61,301.8,0,normal,0
23058,22.94,48.86,301.9,0,normal,0
23060,22.9,48.83,300.8,0,normal,0
23062,22.97,48.39,299.9,0,normal,0
23064,23.03,48.39,301.9,0,normal,0
23066,22.92,48.54,298.8,0,normal,0
23068,22.98,48.7,300.8,0,normal,0
23070,22.88,49.26,304.4,0,normal,0
23072,23.04,49.52,307.1,0,normal,0
23074,23.05,49.52,309.0,0,normal,0
23076,23.1,49.76,305.3,0,normal,0
23078,23.07,49.72,305.1,0,normal,0
23080,23.05,49.86,304.9,0,normal,0
23082,23.14,49.62,304.0,0,normal,0
23084,22.94,49.9,304.8,0,normal,0
23086,22.89,49.63,302.8,0,normal,0
23088,22.99,49.72,302.3,0,normal,0
23090,22.93,49.73,303.4,0,normal,0
23092,22.92,49.52,303.1,0,normal,0
23094,22.83,49.71,304.7,0,normal,0
23096,22.93,49.86,302.7,0,normal,0
23098,22.76,49.46,306.9,0,normal,0
23100,22.56,49.5,301.0,0,normal,0
23102,22.59,49.29,300.7,0,normal,0
23104,22.63,49.13,299.7,0,normal,0
23106,22.59,49.54,303.2,0,normal,0
23108,22.45,49.23,299.3,0,normal,0
23110,22.49,48.97,300.4,0,normal,0
23112,22.51,49.1,299.0,0,normal,0
23114,22.52,49.07,300.8,0,normal,0
23116,22.47,48.84,299.2,0,normal,0
23118,22.44,48.86,300.5,0,normal,0
23120,22.54,48.84,301.0,0,normal,0
23122,22.63,49.05,300.3,0,normal,0
23124,22.63,48.84,299.3,0,normal,0
23126,22.64,48.88,299.1,0,normal,0
23128,22.7,49.04,294.8,0,normal,0
23130,22.83,48.91,297.2,0,normal,0
23132,22.65,48.68,299.9,0,normal,0
23134,22.73,48.86,302.2,0,normal,0
23136,22.71,48.93,299.3,0,normal,0
23138,22.62,48.9,296.4,0,normal,0
23140,22.6,49.0,300.7,0,normal,0
23142,22.62,48.99,298.8,0,normal,0
23144,22.59,48.69,297.4,0,normal,0
23146,22.59,48.96,293.5,0,normal,0
23148,22.59,48.97,292.3,0,normal,0
23150,22.52,49.0,293.7,0,normal,0
23152,22.53,48.79,300.2,0,normal,0
23154,22.53,48.73,298.8,0,normal,0
23156,22.54,48.86,302.4,0,normal,0
23158,22.59,48.7,300.1,0,normal,0
23160,22.62,48.65,299.1,0,normal,0
23162,22.61,48.83,299.1,0,normal,0
23164,22.63,48.92,302.2,0,normal,0
23166,22.68,48.51,301.1,0,normal,0
23168,22.69,49.0,303.4,0,normal,0
23170,22.77,49.23,303.4,0,normal,0
23172,22.7,49.31,308.0,0,normal,0
23174,22.61,49.32,305.8,0,normal,0
23176,22.45,49.43,304.1,0,normal,0
23178,22.51,49.63,303.8,0,normal,0
23180,22.48,49.49,301.4,0,normal,0
23182,22.46,49.36,303.1,0,normal,0
23184,22.58,49.31,302.5,0,normal,0
23186,22.65,49.27,300.4,0,normal,0
23188,22.61,49.23,298.1,0,normal,0
23190,22.57,49.31,296.6,0,normal,0
23192,22.58,48.86,302.7,0,normal,0
23194,22.67,48.7,307.7,0,normal,0
23196,22.64,49.0,305.7,0,normal,0
23198,22.64,49.34,309.9,0,normal,0
23200,22.48,49.43,310.8,0,normal,0
23202,22.52,49.67,309.6,0,normal,0
23204,22.49,49.58,312.1,0,normal,0
23206,22.4,49.66,310.8,0,normal,0
23208,22.28,49.82,308.6,0,normal,0
23210,22.35,49.85,308.1,0,normal,0
23212,22.24,49.81,304.9,0,normal,0
23214,22.44,49.91,303.7,0,normal,0
23216,22.26,49.76,301.1,1,normal,0
23218,22.24,49.48,299.7,0,normal,0
23220,22.13,49.41,299.7,0,normal,0
23222,22.12,48.98,299.9,0,normal,0
23224,22.26,49.04,301.9,0,normal,0
23226,22.2,48.83,295.1,0,normal,0
23228,22.08,48.82,299.5,0,normal,0
23230,22.14,49.0,297.5,0,normal,0
23232,22.22,48.9,298.5,0,normal,0
23234,22.25,48.62,306.8,0,normal,0
23236,22.11,49.04,300.8,0,normal,0
23238,22.17,49.37,300.3,0,normal,0
23240,22.1,49.24,300.0,0,normal,0
23242,22.12,49.48,302.7,0,normal,0
23244,22.28,49.5,311.8,0,normal,0
23246,22.19,49.65,309.6,0,normal,0
23248,22.3,49.69,297.3,0,normal,0
23250,22.33,49.6,295.8,0,normal,0
23252,22.2,49.45,297.3,0,normal,0
23254,22.37,49.72,295.3,1,normal,0
23256,22.28,50.32,297.9,0,normal,0
23258,22.27,50.09,298.6,0,normal,0
23260,22.24,50.01,301.7,0,normal,0
23262,22.31,50.19,304.4,0,normal,0
23264,22.26,49.84,298.7,0,normal,0
23266,22.17,49.63,300.8,0,normal,0
23268,22.27,49.68,298.7,0,normal,0
23270,22.24,49.65,300.8,0,normal,0
23272,22.26,49.94,298.8,0,normal,0
23274,22.3,50.0,297.1,0,normal,0
23276,22.37,49.89,299.7,0,normal,0
23278,22.34,50.06,304.1,0,normal,0
23280,22.3,49.94,300.8,0,normal,0
23282,22.28,50.02,300.5,0,normal,0
23284,22.26,49.91,304.9,0,normal,0
23286,22.3,50.14,301.3,0,normal,0
23288,22.28,50.0,296.6,0,normal,0
23290,22.19,50.06,297.1,0,normal,0
23292,22.13,50.27,295.6,0,normal,0
23294,22.14,50.37,299.9,0,normal,0
23296,22.16,50.17,297.5,0,normal,0
23298,22.12,50.16,299.0,0,normal,0
23300,22.1,50.27,295.3,0,normal,0
23302,22.12,50.52,292.2,0,normal,0
23304,22.15,50.43,291.4,0,normal,0
23306,22.11,50.17,295.9,0,normal,0
23308,22.06,50.12,300.0,0,normal,0
23310,22.16,50.0,298.9,0,normal,0
23312,22.08,50.01,299.4,0,normal,0
23314,22.08,50.15,295.9,0,normal,0
23316,22.11,50.0,299.4,0,normal,0
23318,22.07,50.09,302.9,0,normal,0
23320,22.13,49.75,304.8,0,normal,0
23322,22.05,49.68,300.4,0,normal,0
23324,22.14,49.42,305.8,0,normal,0
23326,22.2,49.17,303.5,0,normal,0
23328,22.19,49.0,302.1,0,normal,0
23330,22.22,49.14,300.3,0,normal,0
23332,22.17,48.97,301.0,0,normal,0
23334,22.22,48.81,300.3,0,normal,0
23336,22.29,48.93,298.5,0,normal,0
23338,22.22,48.86,300.8,0,normal,0
23340,22.24,48.99,299.5,0,normal,0
23342,22.21,49.02,296.8,0,normal,0
23344,22.3,49.16,293.5,0,normal,0
23346,22.22,48.98,297.8,0,normal,0
23348,22.28,48.73,299.9,0,normal,0
23350,22.27,48.74,301.1,0,normal,0
23352,22.27,48.56,305.8,0,normal,0
23354,22.21,48.65,303.6,0,normal,0
23356,22.25,48.78,302.5,0,normal,0
23358,22.35,48.85,304.0,0,normal,0
23360,22.27,48.91,302.5,0,normal,0
23362,22.33,49.09,302.1,0,normal,0
23364,22.46,49.15,301.6,0,normal,0
23366,22.25,49.61,302.5,0,normal,0
23368,22.33,49.3,302.7,0,normal,0
23370,22.32,49.26,303.2,0,normal,0
23372,22.25,49.37,303.8,0,normal,0
23374,22.12,49.25,299.2,0,normal,0
23376,22.08,49.22,298.9,0,normal,0
23378,22.07,49.39,302.8,0,normal,0
23380,22.13,49.36,306.0,0,normal,0
23382,22.0,49.38,303.9,0,normal,0
23384,22.07,49.47,301.8,0,normal,0
23386,22.0,49.46,300.7,0,normal,0
23388,22.1,49.44,301.0,0,normal,0
23390,22.08,49.59,305.9,0,normal,0
23392,21.99,49.34,308.5,0,normal,0
23394,21.99,49.55,308.9,0,normal,0
23396,21.93,49.77,309.8,0,normal,0
23398,22.02,50.03,307.2,0,normal,0
23400,21.99,50.25,301.4,0,normal,0
23402,21.94,50.21,299.5,0,normal,0
23404,21.95,50.37,301.2,0,normal,0
23406,22.1,50.17,301.3,0,normal,0
23408,22.06,49.81,298.9,0,normal,0
23410,22.01,49.43,299.2,0,normal,0
23412,21.9,49.67,296.3,0,normal,0
23414,21.97,49.81,301.7,0,normal,0
23416,21.88,49.9,301.8,0,normal,0
23418,21.83,49.69,301.1,0,normal,0
23420,21.8,49.51,305.3,0,normal,0
23422,21.83,49.96,306.8,0,normal,0
23424,21.91,49.72,303.7,0,normal,0
23426,21.81,49.7,302.3,1,normal,0
23428,21.75,49.68,295.2,0,normal,0
23430,21.8,49.7,294.8,0,normal,0
23432,21.86,49.83,297.4,0,normal,0
23434,21.89,50.15,298.0,0,normal,0
23436,22.0,50.26,300.7,0,normal,0
23438,22.13,50.27,299.7,0,normal,0
23440,22.08,50.25,300.5,0,normal,0
23442,21.95,50.08,299.4,0,normal,0
23444,21.85,49.89,296.9,0,normal,0
23446,21.81,49.79,300.1,0,normal,0
23448,21.85,50.0,300.7,0,normal,0
23450,21.75,49.94,297.0,0,normal,0
23452,21.73,50.08,296.8,0,normal,0
23454,21.75,50.1,301.3,0,normal,0
23456,21.8,50.22,295.5,0,normal,0
23458,21.93,50.03,299.5,0,normal,0
23460,22.07,49.94,300.2,0,normal,0
23462,21.85,50.31,303.9,0,normal,0
23464,21.78,50.65,299.1,0,normal,0
23466,21.86,50.57,305.5,0,normal,0
23468,21.97,50.69,306.6,0,normal,0
23470,21.95,50.83,304.9,0,normal,0
23472,21.95,50.69,303.3,0,normal,0
23474,21.96,50.4,300.0,0,normal,0
23476,21.91,50.42,298.5,0,normal,0
23478,21.97,50.39,300.1,0,normal,0
23480,21.85,50.1,297.2,0,normal,0
23482,21.76,50.23,295.8,0,normal,0
23484,21.86,49.63,297.8,0,normal,0
23486,21.86,49.71,298.9,0,normal,0
23488,21.76,49.97,302.6,0,normal,0
23490,21.61,49.97,304.3,0,normal,0
23492,21.76,49.74,307.0,0,normal,0
23494,21.8,49.67,301.2,0,normal,0
23496,21.7,49.41,298.1,0,normal,0
23498,21.63,49.64,304.5,0,normal,0
23500,21.62,49.72,295.5,0,normal,0
23502,21.7,49.79,290.4,0,normal,0
23504,21.74,49.91,293.3,0,normal,0
23506,21.6,50.13,296.2,0,normal,0
23508,21.74,49.88,298.8,0,normal,0
23510,21.8,49.61,298.3,0,normal,0
23512,21.76,49.94,299.4,0,normal,0
23514,21.62,49.8,303.2,0,normal,0
23516,21.61,49.74,297.9,0,normal,0
23518,21.67,49.91,300.5,0,normal,0
23520,21.59,50.04,299.2,0,normal,0
23522,21.66,50.23,301.9,0,normal,0
23524,21.69,50.11,303.0,0,normal,0
23526,21.65,50.29,298.3,0,normal,0
23528,21.68,50.19,299.3,0,normal,0
23530,21.78,49.99,298.6,0,normal,0
23532,21.78,50.28,298.7,0,normal,0
23534,21.7,50.27,299.1,0,normal,0
23536,21.67,50.24,296.2,0,normal,0
23538,21.61,50.05,297.4,0,normal,0
23540,21.6,50.36,292.8,0,normal,0
23542,21.71,50.3,293.3,0,normal,0
23544,21.62,50.12,299.5,0,normal,0
23546,21.8,50.04,297.8,0,normal,0
23548,21.68,50.05,299.7,0,normal,0
23550,21.91,49.99,307.3,0,normal,0
23552,21.98,50.06,303.3,0,normal,0
23554,21.94,50.4,302.5,0,normal,0
23556,21.84,50.55,298.2,0,normal,0
23558,21.85,50.87,296.8,0,normal,0
23560,21.63,50.84,293.5,0,normal,0
23562,21.54,51.06,295.1,0,normal,0
23564,21.68,51.11,295.4,0,normal,0
23566,21.65,50.92,295.8,0,normal,0
23568,21.65,50.63,295.7,0,normal,0
23570,21.44,50.76,295.9,0,normal,0
23572,21.41,50.86,296.7,0,normal,0
23574,21.29,50.82,296.1,0,normal,0
23576,21.24,50.82,296.5,0,normal,0
23578,21.21,50.64,297.4,0,normal,0
23580,21.15,50.35,295.0,0,normal,0
23582,21.31,50.75,295.1,0,normal,0
23584,21.26,51.07,295.4,0,normal,0
23586,21.29,51.22,297.7,0,normal,0
23588,21.38,51.28,297.9,0,normal,0
23590,21.5,51.22,300.5,0,normal,0
23592,21.53,50.86,300.8,0,normal,0
23594,21.4,50.55,300.4,0,normal,0
23596,21.5,50.45,298.3,0,normal,0
23598,21.51,50.44,296.8,0,normal,0
23600,21.58,50.5,296.6,0,normal,0
23602,21.62,50.58,298.8,0,normal,0
23604,21.64,50.81,296.1,0,normal,0
23606,21.62,50.87,293.4,0,normal,0
23608,21.59,51.06,297.4,0,normal,0
23610,21.44,50.91,298.0,0,normal,0
23612,21.34,51.0,301.9,0,normal,0
23614,21.36,50.87,298.1,0,normal,0
23616,21.37,50.65,298.4,0,normal,0
23618,21.4,50.62,300.2,0,normal,0
23620,21.43,50.41,301.3,0,normal,0
23622,21.41,50.38,301.4,0,normal,0
23624,21.35,50.64,299.5,0,normal,0
23626,21.27,50.68,298.9,0,normal,0
23628,21.29,50.96,297.0,0,normal,0
23630,21.25,50.96,303.0,0,normal,0
23632,21.19,50.91,300.2,0,normal,0
23634,21.18,50.94,297.4,0,normal,0
23636,21.21,50.82,297.7,0,normal,0
23638,21.14,50.41,297.5,0,normal,0
23640,21.21,50.38,299.4,0,normal,0
23642,21.37,50.33,298.6,0,normal,0
23644,21.35,50.57,297.4,0,normal,0
23646,21.43,50.45,296.0,0,normal,0
23648,21.47,50.41,296.4,0,normal,0
23650,21.4,50.44,293.3,0,normal,0
23652,21.56,50.31,298.7,0,normal,0
23654,21.53,50.41,297.9,0,normal,0
23656,21.52,50.37,291.8,0,normal,0
23658,21.5,50.39,291.4,0,normal,0
23660,21.5,50.21,291.3,0,normal,0
23662,21.52,50.01,297.4,0,normal,0
23664,21.54,50.26,297.0,0,normal,0
23666,21.51,50.56,295.8,0,normal,0
23668,21.46,50.46,296.1,0,normal,0
23670,21.55,50.58,293.0,0,normal,0
23672,21.53,50.72,293.8,0,normal,0
23674,21.41,50.92,294.0,0,normal,0
23676,21.39,50.88,299.2,0,normal,0
23678,21.41,50.85,298.0,0,normal,0
23680,21.43,50.85,293.7,0,normal,0
23682,21.38,50.81,294.8,0,normal,0
23684,21.35,50.33,296.7,0,normal,0
23686,21.25,50.23,295.2,0,normal,0
23688,21.27,50.03,293.3,0,normal,0
23690,21.32,50.09,287.3,0,normal,0
23692,21.46,50.31,287.1,0,normal,0
23694,21.38,50.53,293.8,1,normal,0
23696,21.38,50.73,295.6,0,normal,0
23698,21.37,50.68,299.0,0,normal,0
23700,21.19,50.59,300.1,0,normal,0
23702,21.29,50.87,306.0,0,normal,0
23704,21.38,50.57,302.1,0,normal,0
23706,21.4,50.5,296.7,0,normal,0
23708,21.41,50.37,297.0,0,normal,0
23710,21.37,50.31,298.6,0,normal,0
23712,21.38,50.15,294.3,0,normal,0
23714,21.38,50.36,297.4,0,normal,0
23716,21.38,50.39,295.3,0,normal,0
23718,21.29,50.51,297.5,0,normal,0
23720,21.12,50.56,293.4,0,normal,0
23722,20.98,50.64,294.1,0,normal,0
23724,21.08,50.54,299.7,0,normal,0
23726,21.23,50.66,299.2,0,normal,0
23728,21.32,50.57,303.7,0,normal,0
23730,21.3,50.54,303.6,0,normal,0
23732,21.18,50.45,303.2,0,normal,0
23734,21.19,50.52,304.0,0,normal,0
23736,21.13,50.61,304.5,0,normal,0
23738,21.15,50.95,298.2,0,normal,0
23740,21.16,50.73,296.0,0,normal,0
23742,21.05,50.91,298.1,0,normal,0
23744,21.12,50.77,298.7,0,normal,0
23746,21.17,50.71,296.3,0,normal,0
23748,21.24,50.57,295.0,0,normal,0
23750,21.23,50.21,292.0,0,normal,0
23752,21.18,50.52,301.4,0,normal,0
23754,21.27,50.35,301.5,0,normal,0
23756,21.25,50.35,301.6,0,normal,0
23758,21.3,50.67,297.1,0,normal,0
23760,21.27,51.15,295.7,0,normal,0
23762,21.17,51.21,298.9,0,normal,0
23764,21.13,51.43,300.1,0,normal,0
23766,21.02,51.28,300.8,0,normal,0
23768,20.95,51.23,298.4,0,normal,0
23770,20.92,51.2,294.5,0,normal,0
23772,20.89,51.17,293.6,0,normal,0
23774,21.08,50.86,294.6,0,normal,0
23776,21.01,50.52,296.4,0,normal,0
23778,20.98,50.64,299.7,0,normal,0
23780,21.02,50.73,296.9,0,normal,0
23782,21.18,50.75,297.7,0,normal,0
23784,21.17,50.91,297.9,0,normal,0
23786,21.2,50.94,296.4,0,normal,0
23788,21.17,51.01,293.9,0,normal,0
23790,21.08,50.8,288.2,0,normal,0
23792,21.02,50.89,293.9,0,normal,0
23794,21.09,51.14,297.6,0,normal,0
23796,21.08,51.35,300.0,0,normal,0
23798,21.07,51.32,293.9,0,normal,0
23800,21.06,51.08,295.4,0,normal,0
23802,21.16,51.21,293.2,0,normal,0
23804,21.27,50.99,290.9,0,normal,0
23806,21.24,51.18,292.9,0,normal,0
23808,21.18,51.1,297.0,0,normal,0
23810,21.13,50.77,294.5,0,normal,0
23812,21.0,51.23,297.9,0,normal,0
23814,20.97,51.22,299.6,0,normal,0
23816,21.02,51.31,302.6,0,normal,0
23818,21.06,51.3,304.2,0,normal,0
23820,21.0,51.1,304.3,0,normal,0
23822,21.0,50.97,303.1,0,normal,0
23824,20.96,50.78,297.4,0,normal,0
23826,20.96,50.88,291.7,0,normal,0
23828,21.04,50.52,294.9,0,normal,0
23830,21.05,50.79,292.3,0,normal,0
23832,20.98,50.84,294.4,0,normal,0
23834,20.94,51.21,294.4,0,normal,0
23836,20.89,51.44,297.6,0,normal,0
23838,20.9,51.85,301.7,0,normal,0
23840,20.88,51.97,301.6,0,normal,0
23842,20.78,52.03,295.4,0,normal,0
23844,20.74,51.84,294.7,0,normal,0
23846,20.82,51.65,294.4,0,normal,0
23848,20.73,51.45,294.3,0,normal,0
23850,20.67,51.39,294.8,0,normal,0
23852,20.72,51.78,296.7,0,normal,0
23854,20.9,51.85,302.6,0,normal,0
23856,20.92,51.81,299.3,0,normal,0
23858,20.85,51.57,293.4,0,normal,0
23860,20.83,51.47,295.4,0,normal,0
23862,20.87,51.52,294.4,0,normal,0
23864,20.99,51.75,296.2,0,normal,0
23866,21.1,51.42,292.4,0,normal,0
23868,21.0,51.54,292.4,0,normal,0
23870,20.94,51.32,295.2,0,normal,0
23872,20.92,51.22,289.8,1,normal,0
23874,20.91,51.2,293.9,0,normal,0
23876,20.96,50.85,294.1,0,normal,0
23878,20.97,50.85,294.8,0,normal,0
23880,20.95,50.46,301.2,0,normal,0
23882,21.06,50.6,296.6,0,normal,0
23884,21.05,50.54,297.7,0,normal,0
23886,20.91,50.73,293.0,0,normal,0
23888,20.9,51.04,296.6,0,normal,0
23890,20.86,50.8,291.5,0,normal,0
23892,20.84,51.06,289.6,0,normal,0
23894,20.99,51.04,297.6,0,normal,0
23896,21.01,51.18,294.3,0,normal,0
23898,20.89,51.35,289.3,0,normal,0
23900,20.9,51.62,288.9,0,normal,0
23902,20.92,51.74,288.8,0,normal,0
23904,20.88,51.44,293.0,0,normal,0
23906,20.94,51.64,290.3,0,normal,0
23908,20.89,51.61,292.3,0,normal,0
23910,20.94,51.82,290.7,0,normal,0
23912,20.88,51.85,296.1,0,normal,0
23914,20.81,51.73,295.8,0,normal,0
23916,20.87,51.77,298.7,1,normal,0
23918,20.75,51.91,298.5,0,normal,0
23920,20.91,51.48,296.6,0,normal,0
23922,20.89,51.57,289.8,0,normal,0
23924,20.72,51.55,291.1,0,normal,0
23926,20.62,51.42,286.3,0,normal,0
23928,20.57,51.33,286.2,0,normal,0
23930,20.41,50.91,289.2,0,normal,0
23932,20.57,50.89,292.7,0,normal,0
23934,20.8,50.59,292.0,0,normal,0
23936,20.74,50.33,292.5,0,normal,0
23938,20.78,50.64,294.9,0,normal,0
23940,20.94,50.71,296.1,0,normal,0
23942,20.89,50.72,294.8,0,normal,0
23944,20.93,51.09,297.8,0,normal,0
23946,20.99,51.04,301.7,0,normal,0
23948,20.83,51.07,298.6,0,normal,0
23950,20.85,51.04,300.6,0,normal,0
23952,20.93,51.24,301.1,0,normal,0
23954,20.92,51.09,298.3,0,normal,0
23956,20.92,51.13,301.4,0,normal,0
23958,21.0,50.99,295.2,1,normal,0
23960,21.08,51.21,298.4,0,normal,0
23962,21.04,51.26,295.0,0,normal,0
23964,20.85,51.01,295.2,0,normal,0
23966,20.81,51.19,290.9,0,normal,0
23968,20.8,51.11,289.3,0,normal,0
23970,20.8,50.83,291.9,0,normal,0
23972,20.8,50.75,290.2,0,normal,0
23974,20.74,50.44,291.0,0,normal,0
23976,20.74,50.51,291.3,0,normal,0
23978,20.62,50.88,298.6,0,normal,0
23980,20.81,51.1,296.0,0,normal,0
23982,20.77,51.02,290.4,0,normal,0
23984,20.73,51.07,293.1,0,normal,0
23986,20.84,51.25,286.3,0,normal,0
23988,20.81,51.28,288.9,0,normal,0
23990,20.81,51.69,284.7,0,normal,0
23992,20.98,51.77,287.5,0,normal,0
23994,20.88,52.01,291.9,0,normal,0
23996,20.86,51.93,288.7,0,normal,0
23998,20.87,52.03,290.5,0,normal,0
24000,20.92,51.9,289.3,0,normal,0
24002,20.84,51.8,291.6,0,normal,0
24004,20.78,51.58,290.6,0,normal,0
24006,20.64,51.15,289.2,0,normal,0
24008,20.71,51.18,289.7,0,normal,0
24010,20.68,51.21,288.3,0,normal,0
24012,20.63,51.14,283.4,0,normal,0
24014,20.66,50.92,290.5,0,normal,0
24016,20.75,50.4,288.8,0,normal,0
24018,20.68,50.65,292.6,0,normal,0
24020,20.52,51.04,293.6,0,normal,0
24022,20.46,51.06,290.4,0,normal,0
24024,20.52,51.34,292.3,0,normal,0
24026,20.55,51.31,290.0,0,normal,0
24028,20.49,51.2,297.5,0,normal,0
24030,20.53,51.0,297.9,0,normal,0
24032,20.51,50.87,296.8,0,normal,0
24034,20.53,50.53,298.7,0,normal,0
24036,20.47,50.26,291.9,0,normal,0
24038,20.38,50.53,288.9,0,normal,0
24040,20.42,50.33,290.3,0,normal,0
24042,20.47,50.32,288.9,0,normal,0
24044,20.49,50.82,289.9,0,normal,0
24046,20.37,51.13,289.6,0,normal,0
24048,20.45,50.97,290.7,0,normal,0
24050,20.54,50.96,298.5,0,normal,0
24052,20.5,51.13,301.8,0,normal,0
24054,20.5,50.93,300.4,0,normal,0
24056,20.51,50.98,305.6,0,normal,0
24058,20.49,50.83,306.9,0,normal,0
24060,20.5,51.23,304.0,0,normal,0
24062,20.58,51.2,304.0,0,normal,0
24064,20.63,51.36,306.1,0,normal,0
24066,20.48,51.67,304.8,0,normal,0
24068,20.47,51.45,300.5,0,normal,0
24070,20.46,51.4,305.5,0,normal,0
24072,20.39,50.94,303.7,0,normal,0
24074,20.21,50.97,302.9,0,normal,0
24076,20.31,50.82,299.0,0,normal,0
24078,20.37,50.54,295.3,0,normal,0
24080,20.42,50.59,298.1,0,normal,0
24082,20.41,50.58,297.7,0,normal,0
24084,20.53,50.61,297.8,0,normal,0
24086,20.67,50.95,295.4,0,normal,0
24088,20.75,50.92,290.1,0,normal,0
24090,20.79,51.18,290.1,0,normal,0
24092,20.9,51.31,292.9,0,normal,0
24094,20.88,51.82,290.6,0,normal,0
24096,20.9,51.84,289.5,0,normal,0
24098,20.77,51.65,289.0,0,normal,0
24100,20.72,51.42,284.9,0,normal,0
24102,20.79,51.71,282.5,0,normal,0
24104,20.84,51.55,285.6,0,normal,0
24106,20.86,51.74,286.8,0,normal,0
24108,20.83,51.72,288.0,0,normal,0
24110,20.67,51.85,292.7,0,normal,0
24112,20.62,52.11,294.5,0,normal,0
24114,20.68,52.02,292.4,0,normal,0
24116,20.54,52.03,293.2,0,normal,0
24118,20.57,52.19,297.4,0,normal,0
24120,20.51,51.93,297.9,0,normal,0
24122,20.47,51.86,297.6,0,normal,0
24124,20.38,51.96,300.3,1,normal,0
24126,20.51,52.09,298.7,0,normal,0
24128,20.52,52.39,299.8,0,normal,0
24130,20.52,52.18,300.2,0,normal,0
24132,20.72,51.87,297.3,0,normal,0
24134,20.65,51.45,296.1,0,normal,0
24136,20.66,51.32,295.5,0,normal,0
24138,20.7,51.24,295.8,0,normal,0
24140,20.71,51.43,298.3,0,normal,0
24142,20.7,51.04,299.7,0,normal,0
24144,20.57,51.03,294.7,0,normal,0
24146,20.51,51.33,296.9,0,normal,0
24148,20.45,51.55,299.8,0,normal,0
24150,20.37,51.28,297.2,0,normal,0
24152,20.41,51.22,297.9,0,normal,0
24154,20.31,50.95,301.2,0,normal,0
24156,20.41,51.14,296.7,0,normal,0
24158,20.49,51.07,297.1,0,normal,0
24160,20.48,51.35,297.6,0,normal,0
24162,20.49,51.69,297.5,0,normal,0
24164,20.52,51.48,296.9,0,normal,0
24166,20.44,51.48,298.0,0,normal,0
24168,20.43,51.48,296.7,0,normal,0
24170,20.53,51.41,297.2,0,normal,0
24172,20.51,51.34,296.7,0,normal,0
24174,20.63,51.3,292.3,0,normal,0
24176,20.67,51.33,295.6,0,normal,0
24178,20.63,51.73,302.1,0,normal,0
24180,20.6,51.5,298.4,0,normal,0
24182,20.66,51.81,298.9,0,normal,0
24184,20.64,51.92,298.1,0,normal,0
24186,20.69,51.74,299.4,0,normal,0
24188,20.5,51.73,294.8,0,normal,0
24190,20.47,51.91,291.4,0,normal,0
24192,20.35,51.92,291.0,0,normal,0
24194,20.4,51.97,291.3,0,normal,0
24196,20.4,51.91,291.6,0,normal,0
24198,20.51,51.69,293.0,0,normal,0
24200,20.44,51.66,293.7,0,normal,0
24202,20.55,51.59,290.7,0,normal,0
24204,20.64,51.55,288.0,0,normal,0
24206,20.57,51.56,288.2,0,normal,0
24208,20.68,51.68,286.4,0,normal,0
24210,20.74,51.66,288.2,0,normal,0
24212,20.64,51.83,284.4,0,normal,0
24214,20.66,51.67,290.8,0,normal,0
24216,20.65,51.78,292.1,0,normal,0
24218,20.67,51.64,288.3,0,normal,0
24220,20.65,51.64,289.7,0,normal,0
24222,20.72,51.47,290.6,0,normal,0
24224,20.68,51.15,289.9,0,normal,0
24226,20.7,50.87,290.8,0,normal,0
24228,20.66,50.96,286.1,0,normal,0
24230,20.6,51.22,282.6,0,normal,0
24232,20.44,51.41,287.2,0,normal,0
24234,20.48,51.46,284.7,0,normal,0
24236,20.47,51.49,282.5,0,normal,0
24238,20.49,51.66,289.6,0,normal,0
24240,20.5,51.65,288.7,0,normal,0
24242,20.44,51.39,289.4,0,normal,0
24244,20.37,51.61,291.0,0,normal,0
24246,20.38,51.61,294.2,0,normal,0
24248,20.26,51.76,291.5,0,normal,0
24250,20.22,51.68,291.0,0,normal,0
24252,20.25,51.61,288.5,0,normal,0
24254,20.26,51.36,287.3,0,normal,0
24256,20.28,51.57,292.4,0,normal,0
24258,20.2,51.38,296.1,0,normal,0
24260,20.19,51.47,294.0,0,normal,0
24262,20.13,51.22,298.1,0,normal,0
24264,20.25,51.38,293.1,0,normal,0
24266,20.27,51.25,290.2,0,normal,0
24268,20.28,51.37,296.2,0,normal,0
24270,20.35,51.47,297.7,0,normal,0
24272,20.47,51.59,298.9,0,normal,0
24274,20.38,51.53,299.5,0,normal,0
24276,20.41,51.8,295.4,0,normal,0
24278,20.34,51.75,291.3,0,normal,0
24280,20.29,51.76,295.9,0,normal,0
24282,20.27,51.5,296.3,0,normal,0
24284,20.24,51.62,293.2,0,normal,0
24286,20.32,51.41,297.1,0,normal,0
24288,20.36,51.41,297.1,0,normal,0
24290,20.28,51.57,295.1,0,normal,0
24292,20.25,51.35,289.0,0,normal,0
24294,20.23,51.55,293.1,0,normal,0
24296,20.34,51.77,287.0,0,normal,0
24298,20.46,51.91,290.3,0,normal,0
24300,20.64,51.76,289.9,0,normal,0
24302,20.5,51.5,294.0,0,normal,0
24304,20.48,51.84,296.3,0,normal,0
24306,20.64,51.63,294.2,0,normal,0
24308,20.63,51.41,290.3,0,normal,0
24310,20.65,51.34,295.2,0,normal,0
24312,20.65,51.12,290.8,0,normal,0
24314,20.62,51.24,290.7,0,normal,0
24316,20.77,51.02,291.3,0,normal,0
24318,20.65,51.25,296.7,0,normal,0
24320,20.8,51.51,295.1,0,normal,0
24322,20.76,51.58,296.4,0,normal,0
24324,20.9,51.75,299.4,0,normal,0
24326,20.8,51.55,291.3,0,normal,0
24328,20.77,51.65,293.5,0,normal,0
24330,20.64,51.7,300.5,0,normal,0
24332,20.62,51.5,299.6,0,normal,0
24334,20.65,51.63,297.1,0,normal,0
24336,20.66,51.43,296.1,0,normal,0
24338,20.66,51.85,300.1,0,normal,0
24340,20.61,51.7,300.0,0,normal,0
24342,20.66,51.63,298.2,0,normal,0
24344,20.7,51.73,297.1,0,normal,0
24346,20.89,51.7,295.1,0,normal,0
24348,20.8,51.79,291.0,0,normal,0
24350,20.86,51.47,293.9,0,normal,0
24352,20.95,51.91,287.8,0,normal,0
24354,21.04,52.22,289.4,0,normal,0
24356,21.01,51.94,294.0,0,normal,0
24358,20.98,51.98,295.3,0,normal,0
24360,20.96,51.89,293.3,0,normal,0
24362,20.99,51.64,295.9,0,normal,0
24364,20.92,51.76,292.7,0,normal,0
24366,20.9,51.83,293.4,0,normal,0
24368,20.94,52.44,296.0,0,normal,0
24370,20.99,52.68,300.4,0,normal,0
24372,20.96,52.63,298.4,0,normal,0
24374,20.84,53.02,300.3,0,normal,0
24376,20.87,52.78,298.3,0,normal,0
24378,20.82,52.62,295.7,0,normal,0
24380,20.72,52.6,288.6,0,normal,0
24382,20.74,52.46,288.0,0,normal,0
24384,20.68,52.59,290.6,0,normal,0
24386,20.6,52.65,290.5,0,normal,0
24388,20.58,52.17,293.7,0,normal,0
24390,20.43,51.95,293.9,0,normal,0
24392,20.43,51.9,288.6,0,normal,0
24394,20.48,51.92,285.5,0,normal,0
24396,20.46,51.84,289.3,0,normal,0
24398,20.45,52.1,291.6,0,normal,0
24400,20.43,51.84,292.1,0,normal,0
24402,20.53,51.71,288.8,1,normal,0
24404,20.71,51.88,292.8,0,normal,0
24406,20.62,51.93,294.5,0,normal,0
24408,20.5,51.98,299.6,0,normal,0
24410,20.59,51.64,302.5,0,normal,0
24412,20.48,51.83,301.7,0,normal,0
24414,20.41,51.61,296.9,0,normal,0
24416,20.47,51.76,298.5,0,normal,0
24418,20.47,51.75,299.1,0,normal,0
24420,20.4,51.96,294.7,0,normal,0
24422,20.48,51.8,296.5,0,normal,0
24424,20.37,51.6,293.3,0,normal,0
24426,20.5,51.7,293.5,0,normal,0
24428,20.43,51.38,293.5,0,normal,0
24430,20.46,51.62,291.1,0,normal,0
24432,20.44,51.49,292.1,0,normal,0
24434,20.56,51.16,290.3,0,normal,0
24436,20.48,51.29,291.4,0,normal,0
24438,20.42,51.2,292.7,0,normal,0
24440,20.49,51.2,297.6,0,normal,0
24442,20.62,51.59,293.8,0,normal,0
24444,20.61,51.48,294.8,0,normal,0
24446,20.62,51.48,294.2,0,normal,0
24448,20.69,51.24,296.6,0,normal,0
24450,20.67,51.16,290.3,0,normal,0
24452,20.72,51.19,292.9,1,normal,0
24454,20.58,51.42,290.4,0,normal,0
24456,20.51,51.29,294.6,0,normal,0
24458,20.57,51.41,296.3,0,normal,0
24460,20.58,51.11,293.6,0,normal,0
24462,20.5,51.01,286.7,0,normal,0
24464,20.46,50.83,291.8,0,normal,0
24466,20.57,50.73,293.9,0,normal,0
24468,20.45,50.52,292.6,0,normal,0
24470,20.41,50.59,291.6,0,normal,0
24472,20.53,51.29,289.6,0,normal,0
24474,20.59,51.03,288.7,0,normal,0
24476,20.55,50.7,289.2,0,normal,0
24478,20.54,50.65,294.5,0,normal,0
24480,20.58,50.53,294.7,0,normal,0
24482,20.45,50.61,297.0,0,normal,0
24484,20.58,50.51,295.4,0,normal,0
24486,20.5,50.97,295.1,0,normal,0
24488,20.49,50.84,294.6,0,normal,0
24490,20.55,50.95,300.4,1,normal,0
24492,20.52,51.2,298.7,0,normal,0
24494,20.64,51.17,301.9,0,normal,0
24496,20.63,51.3,296.5,0,normal,0
24498,20.63,51.5,297.1,0,normal,0
24500,20.76,51.24,294.2,0,normal,0
24502,20.69,51.28,295.7,0,normal,0
24504,20.64,51.28,288.7,0,normal,0
24506,20.72,51.12,285.1,0,normal,0
24508,20.63,51.03,287.6,0,normal,0
24510,20.63,51.28,289.5,0,normal,0
24512,20.67,51.63,297.9,0,normal,0
24514,20.69,51.6,301.0,0,normal,0
24516,20.74,51.52,304.8,0,normal,0
24518,20.73,51.7,300.3,0,normal,0
24520,20.76,51.66,295.7,0,normal,0
24522,20.66,51.83,293.2,0,normal,0
24524,20.54,51.52,295.4,0,normal,0
24526,20.72,51.23,288.5,0,normal,0
24528,20.7,51.39,292.9,0,normal,0
24530,20.83,51.06,289.8,0,normal,0
24532,20.71,51.05,296.1,0,normal,0
24534,20.69,50.85,299.5,0,normal,0
24536,20.73,50.98,303.0,0,normal,0
24538,20.9,51.07,299.6,0,normal,0
24540,20.99,51.13,298.2,0,normal,0
24542,20.9,51.0,303.4,0,normal,0
24544,20.99,50.98,298.0,0,normal,0
24546,21.02,50.94,298.0,0,normal,0
24548,21.02,51.1,293.3,0,normal,0
24550,21.14,51.12,297.2,0,normal,0
24552,21.11,51.24,292.9,0,normal,0
24554,21.06,51.26,289.9,0,normal,0
24556,20.85,51.16,294.3,0,normal,0
24558,20.89,51.09,289.6,0,normal,0
24560,20.75,50.81,291.4,0,normal,0
24562,20.82,50.37,290.9,1,normal,0
24564,20.67,50.24,293.6,0,normal,0
24566,20.62,50.44,296.9,0,normal,0
24568,20.77,50.78,300.7,0,normal,0
24570,20.74,51.01,295.6,0,normal,0
24572,20.7,50.75,294.2,0,normal,0
24574,20.76,50.55,298.4,0,normal,0
24576,20.62,51.01,299.4,0,normal,0
24578,20.7,51.25,299.1,0,normal,0
24580,20.72,51.27,298.5,0,normal,0
24582,20.78,51.25,296.3,0,normal,0
24584,20.71,51.07,296.1,0,normal,0
24586,20.68,50.74,296.2,0,normal,0
24588,20.55,50.8,300.2,0,normal,0
24590,20.71,50.73,300.3,0,normal,0
24592,20.71,50.77,296.0,0,normal,0
24594,20.6,50.7,296.8,0,normal,0
24596,20.58,50.95,295.4,0,normal,0
24598,20.47,51.24,297.7,0,normal,0
24600,20.37,51.07,296.9,0,normal,0
24602,20.38,51.35,301.5,0,normal,0
24604,20.38,51.36,300.5,0,normal,0
24606,20.36,51.34,305.0,0,normal,0
24608,20.52,51.44,302.7,0,normal,0
24610,20.48,51.36,300.5,0,normal,0
24612,20.55,51.11,297.1,0,normal,0
24614,20.5,51.14,297.0,0,normal,0
24616,20.53,51.4,298.7,0,normal,0
24618,20.4,51.38,294.6,0,normal,0
24620,20.38,51.84,292.7,0,normal,0
24622,20.31,51.45,289.7,0,normal,0
24624,20.45,51.22,289.9,0,normal,0
24626,20.46,51.3,293.5,0,normal,0
24628,20.42,50.88,295.7,0,normal,0
24630,20.54,50.9,297.7,0,normal,0
24632,20.7,50.9,298.0,0,normal,0
24634,20.7,51.35,299.1,0,normal,0
24636,20.67,51.46,294.6,0,normal,0
24638,20.72,51.3,296.3,0,normal,0
24640,20.75,50.93,293.8,0,normal,0
24642,20.67,51.06,295.7,0,normal,0
24644,20.61,51.02,296.9,0,normal,0
24646,20.87,51.28,295.5,0,normal,0
24648,20.82,51.46,298.3,0,normal,0
24650,20.86,51.35,290.9,0,normal,0
24652,20.84,51.35,287.5,0,normal,0
24654,20.72,51.41,288.6,0,normal,0
24656,20.76,51.51,290.8,0,normal,0
24658,20.72,51.04,289.9,0,normal,0
24660,20.69,50.95,294.4,0,normal,0
24662,20.82,50.8,295.3,0,normal,0
24664,20.82,50.59,294.2,0,normal,0
24666,20.83,50.42,293.9,0,normal,0
24668,20.65,50.69,290.8,0,normal,0
24670,20.69,50.88,291.0,0,normal,0
24672,20.7,50.91,294.1,0,normal,0
24674,20.66,51.12,294.8,0,normal,0
24676,20.64,50.88,297.7,0,normal,0
24678,20.7,50.87,297.8,0,normal,0
24680,20.64,51.15,299.4,0,normal,0
24682,20.66,50.96,293.3,0,normal,0
24684,20.52,51.3,290.6,0,normal,0
24686,20.5,51.69,292.6,0,normal,0
24688,20.48,51.54,289.6,0,normal,0
24690,20.51,51.64,290.1,0,normal,0
24692,20.75,51.48,294.7,0,normal,0
24694,21.02,51.34,296.6,0,normal,0
24696,20.9,51.19,304.2,0,normal,0
24698,21.01,51.23,296.8,0,normal,0
24700,21.08,51.52,296.5,0,normal,0
24702,21.17,51.53,297.3,0,normal,0
24704,21.23,51.17,301.1,0,normal,0
24706,21.2,50.94,299.3,0,normal,0
24708,21.21,51.06,293.3,0,normal,0
24710,21.27,51.05,294.9,0,normal,0
24712,21.15,51.13,299.7,0,normal,0
24714,21.12,51.06,296.3,0,normal,0
24716,21.13,51.23,293.1,0,normal,0
24718,21.26,51.03,291.0,0,normal,0
24720,21.3,51.24,293.5,0,normal,0
24722,21.19,51.24,297.5,0,normal,0
24724,21.2,51.57,293.9,0,normal,0
24726,21.17,51.49,295.8,0,normal,0
24728,21.13,50.98,297.8,0,normal,0
24730,21.11,50.91,299.1,0,normal,0
24732,21.07,50.84,298.6,0,normal,0
24734,21.11,50.87,294.8,0,normal,0
24736,21.14,50.85,298.5,0,normal,0
24738,21.13,51.09,299.8,0,normal,0
24740,21.16,51.1,294.6,0,normal,0
24742,21.07,51.35,298.1,0,normal,0
24744,21.1,51.37,298.6,0,normal,0
24746,21.13,51.49,300.1,0,normal,0
24748,21.1,51.3,297.8,0,normal,0
24750,21.11,51.02,296.5,0,normal,0
24752,21.04,50.96,299.6,0,normal,0
24754,21.06,50.98,295.4,0,normal,0
24756,20.99,50.85,296.6,0,normal,0
24758,21.14,51.08,297.1,0,normal,0
24760,21.08,51.1,299.3,0,normal,0
24762,21.13,51.26,298.1,0,normal,0
24764,21.11,51.65,296.0,0,normal,0
24766,21.18,51.83,295.5,0,normal,0
24768,21.12,51.78,300.7,0,normal,0
24770,21.12,51.83,301.8,0,normal,0
24772,21.08,51.83,300.9,0,normal,0
24774,21.08,51.78,299.4,0,normal,0
24776,21.1,51.9,297.0,0,normal,0
24778,21.29,51.84,294.9,0,normal,0
24780,21.39,51.59,293.5,0,normal,0
24782,21.28,51.59,297.8,0,normal,0
24784,21.28,51.52,296.2,0,normal,0
24786,21.35,51.5,290.8,0,normal,0
24788,21.43,51.53,291.4,0,normal,0
24790,21.46,51.46,293.4,0,normal,0
24792,21.44,51.46,294.9,0,normal,0
24794,21.43,51.68,294.9,0,normal,0
24796,21.46,51.32,299.0,0,normal,0
24798,21.39,51.3,301.2,0,normal,0
24800,21.42,51.02,299.8,0,normal,0
24802,21.45,50.77,299.1,0,normal,0
24804,21.42,50.97,294.4,0,normal,0
24806,21.27,50.46,295.0,0,normal,0
24808,21.29,50.58,302.4,0,normal,0
24810,21.23,50.76,301.4,0,normal,0
24812,21.25,50.46,303.3,0,normal,0
24814,21.21,50.31,298.9,0,normal,0
24816,21.22,50.33,299.0,0,normal,0
24818,21.19,50.37,302.4,0,normal,0
24820,21.27,50.48,297.1,0,normal,0
24822,21.19,50.18,295.8,0,normal,0
24824,21.29,50.18,291.0,0,normal,0
24826,21.3,50.07,283.4,0,normal,0
24828,21.26,50.17,287.3,0,normal,0
24830,21.34,50.14,292.0,0,normal,0
24832,21.52,50.5,291.1,0,normal,0
24834,21.41,50.73,291.4,0,normal,0
24836,21.34,50.69,293.3,0,normal,0
24838,21.33,50.84,292.1,0,normal,0
24840,21.37,50.79,294.2,1,normal,0
24842,21.38,51.2,300.1,0,normal,0
24844,21.42,50.93,304.5,0,normal,0
24846,21.37,51.38,302.3,0,normal,0
24848,21.46,50.96,298.1,0,normal,0
24850,21.45,50.76,302.2,0,normal,0
24852,21.62,50.55,300.2,0,normal,0
24854,21.53,50.77,299.1,0,normal,0
24856,21.5,50.7,299.6,0,normal,0
24858,21.5,50.91,297.1,0,normal,0
24860,21.45,51.31,297.5,0,normal,0
24862,21.5,51.26,294.0,0,normal,0
24864,21.38,51.44,297.1,0,normal,0
24866,21.32,51.33,295.9,0,normal,0
24868,21.48,51.14,294.4,0,normal,0
24870,21.45,50.97,300.4,0,normal,0
24872,21.43,50.97,300.2,0,normal,0
24874,21.52,51.27,298.7,0,normal,0
24876,21.44,51.14,295.1,0,normal,0
24878,21.29,51.03,299.3,0,normal,0
24880,21.26,51.02,296.9,0,normal,0
24882,21.16,50.96,291.9,0,normal,0
24884,21.31,51.2,288.1,0,normal,0
24886,21.34,50.89,289.4,0,normal,0
24888,21.3,50.93,290.9,0,normal,0
24890,21.37,51.45,292.0,0,normal,0
24892,21.44,51.22,289.3,0,normal,0
24894,21.32,51.43,294.4,0,normal,0
24896,21.35,51.5,293.7,0,normal,0
24898,21.28,51.23,299.6,0,normal,0
24900,21.36,51.42,298.7,0,normal,0
24902,21.46,51.2,293.0,0,normal,0
24904,21.52,51.14,294.6,0,normal,0
24906,21.52,51.06,302.2,0,normal,0
24908,21.49,50.92,298.0,0,normal,0
24910,21.6,50.76,302.4,0,normal,0
24912,21.53,50.64,296.4,0,normal,0
24914,21.7,50.55,301.5,0,normal,0
24916,21.64,50.69,300.1,0,normal,0
24918,21.6,50.72,296.4,0,normal,0
24920,21.45,50.59,292.8,0,normal,0
24922,21.52,50.42,294.6,0,normal,0
24924,21.48,50.29,293.8,0,normal,0
24926,21.45,50.07,297.1,0,normal,0
24928,21.42,50.18,291.9,0,normal,0
24930,21.46,50.2,291.5,0,normal,0
24932,21.38,50.21,293.3,0,normal,0
24934,21.29,49.83,294.9,0,normal,0
24936,21.29,49.9,292.7,0,normal,0
24938,21.31,49.97,293.7,0,normal,0
24940,21.3,49.91,293.7,0,normal,0
24942,21.26,49.89,300.1,0,normal,0
24944,21.47,49.72,303.4,0,normal,0
24946,21.41,49.65,302.8,0,normal,0
24948,21.4,49.61,300.6,0,normal,0
24950,21.43,49.5,298.8,1,normal,0
24952,21.53,49.55,302.7,0,normal,0
24954,21.55,49.86,302.7,0,normal,0
24956,21.32,49.97,298.3,0,normal,0
24958,21.45,49.71,297.6,0,normal,0
24960,21.43,50.1,300.3,0,normal,0
24962,21.42,50.56,301.7,0,normal,0
24964,21.39,50.44,301.6,0,normal,0
24966,21.36,50.33,302.4,0,normal,0
24968,21.45,50.39,298.9,0,normal,0
24970,21.49,50.25,298.1,0,normal,0
24972,21.52,50.0,303.2,0,normal,0
24974,21.5,50.17,300.2,0,normal,0
24976,21.55,50.29,302.2,0,normal,0
24978,21.59,50.04,298.5,0,normal,0
24980,21.57,49.72,299.4,0,normal,0
24982,21.48,49.75,298.7,0,normal,0
24984,21.62,49.85,290.3,0,normal,0
24986,21.69,49.78,295.3,0,normal,0
24988,21.58,49.78,296.1,0,normal,0
24990,21.6,49.92,294.9,0,normal,0
24992,21.65,49.76,291.2,0,normal,0
24994,21.72,49.86,297.2,0,normal,0
24996,21.77,49.79,302.1,0,normal,0
24998,21.73,49.71,294.2,0,normal,0
25000,21.75,49.56,298.5,1,normal,0
25002,21.9,49.39,293.1,0,normal,0
25004,21.88,49.81,293.7,0,normal,0
25006,21.92,49.53,299.9,0,normal,0
25008,21.98,49.85,298.8,0,normal,0
25010,21.98,49.9,295.7,0,normal,0
25012,21.9,50.05,294.5,0,normal,0
25014,21.8,50.09,293.4,0,normal,0
25016,21.81,50.09,288.5,0,normal,0
25018,21.81,50.15,293.0,0,normal,0
25020,21.78,50.17,290.7,0,normal,0
25022,21.64,50.48,294.9,0,normal,0
25024,21.55,50.33,294.9,0,normal,0
25026,21.56,50.38,298.7,0,normal,0
25028,21.69,50.4,295.4,0,normal,0
25030,21.63,50.37,293.0,0,normal,0
25032,21.61,50.19,299.8,0,normal,0
25034,21.55,50.2,296.9,0,normal,0
25036,21.7,50.46,294.5,0,normal,0
25038,21.77,50.53,295.2,0,normal,0
25040,21.67,50.41,292.5,0,normal,0
25042,21.64,50.51,296.5,0,normal,0
25044,21.58,50.47,297.1,0,normal,0
25046,21.59,50.07,301.1,0,normal,0
25048,21.58,50.29,298.2,0,normal,0
25050,21.73,50.41,300.1,0,normal,0
25052,21.63,50.56,302.2,0,normal,0
25054,21.59,50.57,304.9,0,normal,0
25056,21.58,50.32,305.9,0,normal,0
25058,21.57,50.41,302.6,0,normal,0
25060,21.6,49.99,303.4,0,normal,0
25062,21.61,50.32,298.3,0,normal,0
25064,21.68,50.13,296.2,0,normal,0
25066,21.54,50.26,295.1,0,normal,0
25068,21.54,50.4,300.8,0,normal,0
25070,21.56,50.36,300.7,0,normal,0
25072,21.74,49.99,306.3,0,normal,0
25074,21.76,49.92,303.3,0,normal,0
25076,21.66,49.9,301.2,0,normal,0
25078,21.67,50.21,303.3,0,normal,0
25080,21.61,50.57,299.1,0,normal,0
25082,21.65,50.51,295.5,0,normal,0
25084,21.57,50.55,298.2,0,normal,0
25086,21.64,50.73,297.2,0,normal,0
25088,21.64,50.26,298.4,0,normal,0
25090,21.56,50.28,301.2,0,normal,0
25092,21.55,49.76,294.8,0,normal,0
25094,21.7,49.72,300.2,0,normal,0
25096,21.6,49.46,295.0,0,normal,0
25098,21.59,49.32,299.7,0,normal,0
25100,21.66,49.36,300.2,0,normal,0
25102,21.74,49.32,309.7,0,normal,0
25104,21.69,49.23,313.4,0,normal,0
25106,21.75,49.18,305.0,0,normal,0
25108,21.84,48.93,305.9,0,normal,0
25110,21.81,49.07,303.6,0,normal,0
25112,21.88,49.18,300.7,0,normal,0
25114,21.77,49.55,305.6,0,normal,0
25116,21.86,49.59,302.3,0,normal,0
25118,21.89,49.78,294.4,0,normal,0
25120,21.8,50.15,292.0,0,normal,0
25122,21.68,49.92,293.6,1,normal,0
25124,21.8,49.88,295.8,0,normal,0
25126,21.76,49.75,294.0,0,normal,0
25128,21.89,49.29,289.2,0,normal,0
25130,21.94,49.19,297.1,0,normal,0
25132,21.96,49.19,289.5,0,normal,0
25134,21.98,49.45,294.2,0,normal,0
25136,22.02,49.56,292.2,0,normal,0
25138,22.0,49.54,286.8,0,normal,0
25140,21.9,49.49,290.5,0,normal,0
25142,21.92,49.84,294.4,1,normal,0
25144,21.94,49.91,296.9,0,normal,0
25146,21.93,49.87,296.5,0,normal,0
25148,21.84,50.15,295.8,0,normal,0
25150,21.77,50.18,297.9,0,normal,0
25152,21.74,50.25,292.6,0,normal,0
25154,21.75,50.76,295.9,0,normal,0
25156,21.71,50.56,295.6,0,normal,0
25158,21.84,50.52,297.0,0,normal,0
25160,21.81,50.38,300.9,0,normal,0
25162,21.85,50.63,305.0,0,normal,0
25164,21.79,50.32,305.4,0,normal,0
25166,21.83,50.06,302.1,0,normal,0
25168,21.87,49.6,298.5,0,normal,0
25170,21.89,49.21,301.5,0,normal,0
25172,21.82,49.07,300.4,0,normal,0
25174,21.89,49.21,297.9,0,normal,0
25176,21.86,48.97,300.7,0,normal,0
25178,21.93,48.79,302.8,0,normal,0
25180,21.9,48.7,301.5,0,normal,0
25182,21.89,49.04,307.7,0,normal,0
25184,21.97,49.2,303.5,0,normal,0
25186,21.98,49.36,304.1,0,normal,0
25188,21.99,49.09,294.9,0,normal,0
25190,21.91,49.04,295.6,0,normal,0
25192,21.97,49.02,295.3,0,normal,0
25194,22.01,48.85,296.6,0,normal,0
25196,22.08,48.86,298.7,0,normal,0
25198,22.13,48.8,298.5,0,normal,0
25200,22.17,48.74,299.9,0,normal,0
25202,22.22,48.51,303.3,0,normal,0
25204,22.21,48.46,296.3,0,normal,0
25206,22.14,48.68,302.2,0,normal,0
25208,22.09,48.96,304.5,0,normal,0
25210,22.07,49.24,304.9,0,normal,0
25212,22.03,49.32,301.2,0,normal,0
25214,21.96,49.44,302.0,0,normal,0
25216,22.02,49.5,306.2,0,normal,0
25218,21.87,49.44,302.3,0,normal,0
25220,21.96,49.31,303.0,0,normal,0
25222,21.94,49.53,298.7,0,normal,0
25224,21.99,49.58,302.1,0,normal,0
25226,21.98,49.42,299.2,0,normal,0
25228,21.96,49.44,301.6,0,normal,0
25230,21.81,49.12,300.6,0,normal,0
25232,21.75,49.24,302.7,0,normal,0
25234,21.77,49.2,304.1,0,normal,0
25236,21.79,49.22,302.6,0,normal,0
25238,21.85,49.61,304.6,0,normal,0
25240,21.86,49.48,298.3,0,normal,0
25242,21.96,49.43,300.6,0,normal,0
25244,22.1,49.8,301.3,0,normal,0
25246,22.05,49.63,305.0,0,normal,0
25248,21.94,49.58,302.6,0,normal,0
25250,21.91,49.46,302.9,0,normal,0
25252,21.99,49.37,298.5,0,normal,0
25254,22.1,49.46,302.0,0,normal,0
25256,22.09,49.48,309.5,0,normal,0
25258,22.15,49.36,304.8,0,normal,0
25260,22.13,49.69,302.1,0,normal,0
25262,21.94,49.98,304.5,0,normal,0
25264,21.87,50.13,304.6,0,normal,0
25266,21.87,50.37,300.7,0,normal,0
25268,22.03,50.42,300.5,0,normal,0
25270,21.96,50.27,297.3,0,normal,0
25272,21.95,50.18,298.9,0,normal,0
25274,21.97,49.83,301.4,0,normal,0
25276,21.97,49.82,301.7,0,normal,0
25278,22.0,49.87,296.4,0,normal,0
25280,22.16,49.94,294.1,0,normal,0
25282,22.06,49.88,291.1,0,normal,0
25284,22.14,50.02,297.0,0,normal,0
25286,22.17,50.06,298.7,0,normal,0
25288,22.18,50.16,301.8,0,normal,0
25290,22.13,49.99,301.3,0,normal,0
25292,22.1,49.75,303.9,0,normal,0
25294,22.24,49.83,297.4,0,normal,0
25296,22.36,50.19,305.6,0,normal,0
25298,22.31,50.45,308.9,0,normal,0
25300,22.26,50.37,306.7,0,normal,0
25302,22.27,50.47,307.0,0,normal,0
25304,22.31,50.57,308.1,0,normal,0
25306,22.35,50.11,307.3,0,normal,0
25308,22.31,50.08,303.8,0,normal,0
25310,22.2,50.03,307.2,0,normal,0
25312,22.09,49.76,306.5,0,normal,0
25314,22.07,49.72,301.9,0,normal,0
25316,22.19,49.9,305.8,0,normal,0
25318,22.16,49.77,307.2,0,normal,0
25320,22.2,49.85,306.1,0,normal,0
25322,22.17,49.94,304.9,0,normal,0
25324,22.19,49.97,304.9,1,normal,0
25326,22.29,49.85,299.4,0,normal,0
25328,22.35,49.95,305.6,0,normal,0
25330,22.35,50.02,302.9,0,normal,0
25332,22.37,49.94,304.1,0,normal,0
25334,22.29,49.87,303.9,0,normal,0
25336,22.18,49.82,302.2,0,normal,0
25338,22.21,49.99,303.5,0,normal,0
25340,22.16,49.91,304.3,0,normal,0
25342,22.17,50.13,303.0,0,normal,0
25344,22.16,50.31,301.0,0,normal,0
25346,22.17,50.43,305.5,0,normal,0
25348,22.33,50.61,303.4,0,normal,0
25350,22.38,50.79,300.6,0,normal,0
25352,22.54,50.56,297.8,1,normal,0
25354,22.54,50.35,294.6,0,normal,0
25356,22.53,50.09,300.4,0,normal,0
25358,22.51,50.37,295.8,0,normal,0
25360,22.68,50.45,299.4,0,normal,0
25362,22.72,50.29,300.2,0,normal,0
25364,22.82,50.17,304.0,0,normal,0
25366,22.9,50.24,301.0,0,normal,0
25368,22.89,49.92,298.8,0,normal,0
25370,22.84,49.68,299.5,0,normal,0
25372,22.73,49.31,301.2,0,normal,0
25374,22.7,49.39,302.2,0,normal,0
25376,22.77,49.42,301.2,1,normal,0
25378,22.82,49.58,298.7,0,normal,0
25380,22.74,49.73,298.6,0,normal,0
25382,22.67,49.44,299.8,0,normal,0
25384,22.67,49.48,300.5,0,normal,0
25386,22.71,49.4,298.9,0,normal,0
25388,22.79,49.5,306.8,0,normal,0
25390,22.95,49.37,303.2,0,normal,0
25392,22.81,49.36,298.7,0,normal,0
25394,22.69,49.04,297.5,0,normal,0
25396,22.6,48.97,298.3,0,normal,0
25398,22.63,48.7,297.3,0,normal,0
25400,22.7,48.85,291.5,0,normal,0
25402,22.71,48.77,295.6,0,normal,0
25404,22.7,48.53,299.0,0,normal,0
25406,22.64,48.58,301.5,0,normal,0
25408,22.61,48.96,305.2,0,normal,0
25410,22.57,49.02,301.7,0,normal,0
25412,22.61,48.84,303.1,0,normal,0
25414,22.53,48.78,303.1,0,normal,0
25416,22.57,48.84,307.4,0,normal,0
25418,22.58,48.97,308.2,0,normal,0
25420,22.51,48.96,309.5,0,normal,0
25422,22.49,48.85,303.8,0,normal,0
25424,22.61,48.79,303.6,0,normal,0
25426,22.71,48.99,301.3,0,normal,0
25428,22.75,48.81,299.1,0,normal,0
25430,22.79,48.7,305.1,0,normal,0
25432,22.61,48.77,305.2,0,normal,0
25434,22.56,49.45,305.8,0,normal,0
25436,22.68,49.77,300.1,0,normal,0
25438,22.68,49.58,304.1,0,normal,0
25440,22.76,49.61,297.5,0,normal,0
25442,22.86,49.56,298.1,0,normal,0
25444,22.65,49.56,295.2,0,normal,0
25446,22.67,49.76,299.1,0,normal,0
25448,22.74,49.49,292.7,0,normal,0
25450,22.72,49.43,296.0,0,normal,0
25452,22.81,49.54,294.1,0,normal,0
25454,22.79,49.74,296.1,0,normal,0
25456,22.78,49.36,300.7,0,normal,0
25458,22.79,49.57,299.4,0,normal,0
25460,22.86,49.3,305.1,0,normal,0
25462,22.82,49.26,310.7,0,normal,0
25464,22.85,49.26,301.7,0,normal,0
25466,22.85,49.3,302.9,0,normal,0
25468,22.82,49.17,303.9,0,normal,0
25470,22.75,49.28,308.3,0,normal,0
25472,22.72,49.14,305.3,0,normal,0
25474,22.72,49.0,307.8,0,normal,0
25476,22.59,49.25,299.7,0,normal,0
25478,22.51,49.34,298.4,0,normal,0
25480,22.52,49.54,299.4,0,normal,0
25482,22.56,49.65,298.1,0,normal,0
25484,22.65,49.63,303.9,0,normal,0
25486,22.59,50.05,306.0,0,normal,0
25488,22.58,49.79,301.9,0,normal,0
25490,22.64,49.43,305.6,0,normal,0
25492,22.69,49.74,306.5,0,normal,0
25494,22.66,49.35,302.8,0,normal,0
25496,22.82,49.5,299.1,0,normal,0
25498,22.7,49.27,298.3,0,normal,0
25500,22.7,48.93,301.3,1,normal,0
25502,22.72,49.15,302.5,0,normal,0
25504,22.67,49.18,299.6,0,normal,0
25506,22.74,49.2,293.5,1,normal,0
25508,22.86,49.02,296.8,0,normal,0
25510,22.9,49.04,302.3,0,normal,0
25512,22.9,49.17,299.8,0,normal,0
25514,22.95,49.31,301.7,0,normal,0
25516,22.91,49.39,300.7,0,normal,0
25518,22.94,49.13,303.1,0,normal,0
25520,22.99,49.12,304.9,0,normal,0
25522,23.06,48.73,306.8,0,normal,0
25524,22.89,48.83,301.0,0,normal,0
25526,22.83,48.77,300.2,0,normal,0
25528,22.87,48.57,295.3,0,normal,0
25530,22.92,48.62,293.9,0,normal,0
25532,22.92,48.52,299.0,0,normal,0
25534,22.88,48.56,298.6,0,normal,0
25536,22.86,48.44,300.7,0,normal,0
25538,22.79,48.59,296.7,0,normal,0
25540,22.71,48.57,299.9,0,normal,0
25542,22.77,48.23,299.3,0,normal,0
25544,22.73,48.55,302.8,0,normal,0
25546,22.67,48.65,301.5,0,normal,0
25548,22.85,48.6,295.6,0,normal,0
25550,22.83,48.7,299.2,0,normal,0
25552,22.77,48.86,298.6,0,normal,0
25554,22.79,48.36,298.1,0,normal,0
25556,23.04,48.23,297.6,0,normal,0
25558,23.02,48.44,296.5,0,normal,0
25560,23.1,48.5,295.3,0,normal,0
25562,23.22,48.29,297.6,0,normal,0
25564,23.26,48.36,297.8,0,normal,0
25566,23.18,48.14,296.1,0,normal,0
25568,23.14,48.4,301.7,0,normal,0
25570,23.22,48.58,301.3,0,normal,0
25572,23.31,48.56,302.7,0,normal,0
25574,23.08,48.58,301.4,0,normal,0
25576,23.16,48.61,304.5,0,normal,0
25578,23.12,48.77,307.0,0,normal,0
25580,23.14,48.73,305.6,0,normal,0
25582,23.2,48.92,299.4,0,normal,0
25584,23.14,49.21,300.6,0,normal,0
25586,23.17,49.56,297.3,0,normal,0
25588,23.35,49.54,296.5,0,normal,0
25590,23.46,49.25,291.4,0,normal,0
25592,23.31,49.32,295.4,0,normal,0
25594,23.33,49.27,291.9,0,normal,0
25596,23.17,49.05,292.0,0,normal,0
25598,23.05,48.96,297.7,0,normal,0
25600,23.11,48.72,303.8,0,normal,0
25602,23.02,48.66,302.0,0,normal,0
25604,22.99,48.65,300.4,0,normal,0
25606,23.01,48.5,301.7,0,normal,0
25608,23.06,48.4,303.1,0,normal,0
25610,22.96,48.34,304.1,0,normal,0
25612,22.9,48.45,305.8,0,normal,0
25614,22.91,48.3,302.7,0,normal,0
25616,22.81,48.3,297.5,0,normal,0
25618,22.9,48.46,300.0,0,normal,0
25620,22.98,48.16,300.6,0,normal,0
25622,23.09,48.2,298.7,0,normal,0
25624,23.02,48.54,304.4,0,normal,0
25626,23.07,48.08,304.6,0,normal,0
25628,22.96,48.28,304.4,0,normal,0
25630,22.96,48.66,298.5,0,normal,0
25632,22.9,48.68,295.8,0,normal,0
25634,22.95,48.57,294.5,0,normal,0
25636,22.93,48.8,293.3,0,normal,0
25638,22.82,48.98,297.8,0,normal,0
25640,22.93,49.06,298.7,0,normal,0
25642,22.81,49.37,302.3,0,normal,0
25644,22.95,49.07,300.3,0,normal,0
25646,23.05,49.32,300.2,0,normal,0
25648,23.13,49.26,300.6,0,normal,0
25650,23.15,49.49,302.5,0,normal,0
25652,23.2,49.75,297.8,0,normal,0
25654,23.13,49.77,302.9,0,normal,0
25656,23.06,49.72,306.7,0,normal,0
25658,22.88,49.54,310.6,0,normal,0
25660,22.94,49.42,311.5,0,normal,0
25662,22.85,49.08,308.5,0,normal,0
25664,22.83,49.28,303.3,0,normal,0
25666,22.79,49.34,307.2,0,normal,0
25668,22.89,49.33,304.0,0,normal,0
25670,22.93,49.33,306.3,0,normal,0
25672,22.79,49.36,308.1,0,normal,0
25674,22.85,49.7,308.4,0,normal,0
25676,22.93,49.7,303.4,0,normal,0
25678,22.9,49.57,302.1,0,normal,0
25680,22.83,49.62,306.1,0,normal,0
25682,22.88,49.44,309.3,0,normal,0
25684,22.82,49.4,305.9,0,normal,0
25686,22.85,49.39,309.2,0,normal,0
25688,22.92,49.52,310.4,0,normal,0
25690,23.04,49.41,307.5,0,normal,0
25692,22.88,49.5,305.6,0,normal,0
25694,22.88,49.47,302.9,0,normal,0
25696,22.78,49.19,300.7,0,normal,0
25698,22.81,49.04,303.7,0,normal,0
25700,22.75,49.05,306.7,0,normal,0
25702,22.67,49.44,306.6,1,normal,0
25704,22.66,49.37,304.2,0,normal,0
25706,22.75,49.32,306.0,0,normal,0
25708,22.72,49.28,308.7,0,normal,0
25710,22.73,48.87,307.2,0,normal,0
25712,22.74,48.54,300.1,0,normal,0
25714,22.96,48.57,300.4,0,normal,0
25716,23.07,48.6,304.2,0,normal,0
25718,22.94,48.52,305.5,0,normal,0
25720,22.93,48.64,312.2,0,normal,0
25722,23.0,48.58,308.1,0,normal,0
25724,23.1,48.77,307.9,0,normal,0
25726,23.24,48.33,306.4,0,normal,0
25728,23.33,48.5,305.0,0,normal,0
25730,23.26,48.82,302.8,0,normal,0
25732,23.23,48.82,304.8,0,normal,0
25734,23.36,48.38,303.1,0,normal,0
25736,23.27,48.36,301.8,0,normal,0
25738,23.16,47.88,308.0,0,normal,0
25740,23.17,48.19,304.1,0,normal,0
25742,23.12,48.15,301.2,0,normal,0
25744,23.1,48.42,303.2,0,normal,0
25746,23.08,48.17,305.0,0,normal,0
25748,23.14,48.19,300.3,0,normal,0
25750,23.27,48.16,300.9,0,normal,0
25752,23.22,48.32,300.7,0,normal,0
25754,23.19,48.67,307.9,0,normal,0
25756,23.16,48.7,304.1,0,normal,0
25758,23.12,48.64,304.4,0,normal,0
25760,23.18,48.46,303.3,0,normal,0
25762,23.12,48.54,299.9,0,normal,0
25764,23.27,48.68,296.7,0,normal,0
25766,23.17,48.58,297.2,0,normal,0
25768,23.25,48.65,301.7,0,normal,0
25770,23.42,48.74,304.4,0,normal,0
25772,23.47,48.78,304.8,0,normal,0
25774,23.42,48.78,300.6,0,normal,0
25776,23.34,48.78,303.6,0,normal,0
25778,23.23,49.23,307.6,0,normal,0
25780,23.2,49.4,306.9,0,normal,0
25782,23.2,49.47,307.4,0,normal,0
25784,23.16,49.43,304.7,0,normal,0
25786,23.25,49.32,304.8,0,normal,0
25788,23.22,49.26,302.9,0,normal,0
25790,23.22,49.22,302.0,0,normal,0
25792,23.19,48.77,304.6,0,normal,0
25794,23.23,48.7,300.3,0,normal,0
25796,23.25,48.67,301.5,0,normal,0
25798,23.14,48.41,304.2,0,normal,0
25800,23.05,48.49,306.8,0,normal,0
25802,23.12,48.41,310.8,0,normal,0
25804,23.18,48.43,306.8,0,normal,0
25806,23.18,48.82,304.2,0,normal,0
25808,23.05,48.72,303.4,0,normal,0
25810,23.12,49.04,308.9,1,normal,0
25812,23.2,48.81,307.1,0,normal,0
25814,23.37,48.89,307.0,0,normal,0
25816,23.35,49.02,307.8,0,normal,0
25818,23.34,48.95,307.8,0,normal,0
25820,23.44,48.92,302.8,0,normal,0
25822,23.39,48.78,300.5,0,normal,0
25824,23.45,48.53,300.6,0,normal,0
25826,23.41,48.39,296.7,0,normal,0
25828,23.44,48.1,300.0,0,normal,0
25830,23.5,48.14,300.7,0,normal,0
25832,23.43,48.59,302.4,0,normal,0
25834,23.44,48.83,301.3,0,normal,0
25836,23.48,48.75,304.7,0,normal,0
25838,23.42,48.3,306.1,0,normal,0
25840,23.46,48.6,307.3,0,normal,0
25842,23.5,48.6,309.8,0,normal,0
25844,23.45,48.84,314.0,0,normal,0
25846,23.37,48.54,310.1,0,normal,0
25848,23.42,48.12,309.0,0,normal,0
25850,23.39,48.24,307.7,0,normal,0
25852,23.41,48.41,303.3,0,normal,0
25854,23.56,48.54,299.4,0,normal,0
25856,23.51,48.31,307.3,0,normal,0
25858,23.61,48.0,308.8,0,normal,0
25860,23.67,48.01,312.6,0,normal,0
25862,23.67,48.26,309.1,0,normal,0
25864,23.56,48.01,315.3,0,normal,0
25866,23.53,48.18,310.0,0,normal,0
25868,23.53,48.04,309.4,1,normal,0
25870,23.52,47.74,309.1,0,normal,0
25872,23.5,47.86,309.3,0,normal,0
25874,23.37,47.66,303.2,0,normal,0
25876,23.17,47.92,303.3,0,normal,0
25878,23.15,47.92,306.4,0,normal,0
25880,23.02,48.4,309.1,1,normal,0
25882,22.97,48.39,304.9,0,normal,0
25884,22.98,48.22,307.5,0,normal,0
25886,23.06,48.22,308.8,0,normal,0
25888,23.06,48.06,311.6,0,normal,0
25890,23.04,47.94,308.1,0,normal,0
25892,23.07,48.12,306.6,1,normal,0
25894,22.94,48.33,306.5,0,normal,0
25896,22.99,48.76,305.4,0,normal,0
25898,22.97,48.65,305.4,1,normal,0
25900,23.01,48.48,298.9,0,normal,0
25902,23.05,48.65,307.1,0,normal,0
25904,23.06,49.12,303.9,0,normal,0
25906,23.23,48.85,309.8,0,normal,0
25908,23.21,48.58,310.4,0,normal,0
25910,23.25,48.45,309.1,0,normal,0
25912,23.32,48.78,306.6,0,normal,0
25914,23.34,48.79,310.8,0,normal,0
25916,23.54,48.84,309.0,0,normal,0
25918,23.49,48.6,310.0,0,normal,0
25920,23.47,48.74,311.5,0,normal,0
25922,23.45,48.86,310.8,0,normal,0
25924,23.51,48.8,308.0,0,normal,0
25926,23.44,48.76,308.9,0,normal,0
25928,23.4,48.72,306.9,0,normal,0
25930,23.37,48.39,307.1,0,normal,0
25932,23.43,48.56,304.4,0,normal,0
25934,23.47,48.69,300.8,0,normal,0
25936,23.49,48.68,301.5,0,normal,0
25938,23.54,48.35,311.2,0,normal,0
25940,23.59,48.26,310.6,0,normal,0
25942,23.55,48.3,308.7,0,normal,0
25944,23.54,48.1,309.4,0,normal,0
25946,23.58,47.73,309.4,0,normal,0
25948,23.71,47.78,305.0,0,normal,0
25950,23.62,47.69,305.6,0,normal,0
25952,23.62,47.61,303.1,0,normal,0
25954,23.56,47.57,304.7,0,normal,0
25956,23.55,47.7,307.9,0,normal,0
25958,23.57,47.83,310.3,0,normal,0
25960,23.55,47.98,310.1,0,normal,0
25962,23.73,47.96,312.2,0,normal,0
25964,23.74,47.96,306.1,0,normal,0
25966,23.53,48.07,304.1,0,normal,0
25968,23.5,48.29,306.7,0,normal,0
25970,23.43,48.61,305.3,0,normal,0
25972,23.63,48.41,305.1,0,normal,0
25974,23.58,48.47,305.7,0,normal,0
25976,23.6,48.44,305.5,0,normal,0
25978,23.54,48.57,309.2,0,normal,0
25980,23.52,48.16,303.2,0,normal,0
25982,23.49,48.17,307.4,0,normal,0
25984,23.46,47.87,301.8,0,normal,0
25986,23.39,48.34,304.8,0,normal,0
25988,23.5,48.75,305.1,0,normal,0
25990,23.53,48.79,303.6,0,normal,0
25992,23.54,49.12,304.1,0,normal,0
25994,23.61,49.19,306.2,0,normal,0
25996,23.65,49.18,304.5,0,normal,0
25998,23.62,49.03,302.8,0,normal,0
26000,23.64,48.94,309.8,0,normal,0
26002,23.65,48.72,309.3,0,normal,0
26004,23.55,49.05,307.0,0,normal,0
26006,23.44,49.14,306.6,0,normal,0
26008,23.43,48.92,304.5,0,normal,0
26010,23.36,48.94,306.4,0,normal,0
26012,23.44,48.95,309.5,1,normal,0
26014,23.49,49.1,307.1,0,normal,0
26016,23.43,49.01,304.1,0,normal,0
26018,23.48,48.9,307.0,0,normal,0
26020,23.44,49.07,307.6,0,normal,0
26022,23.54,48.97,306.7,0,normal,0
26024,23.48,49.2,302.8,0,normal,0
26026,23.39,49.26,298.0,0,normal,0
26028,23.55,48.98,306.2,0,normal,0
26030,23.41,48.97,310.1,0,normal,0
26032,23.42,48.8,305.7,0,normal,0
26034,23.34,49.03,307.4,0,normal,0
26036,23.39,48.93,308.5,0,normal,0
26038,23.39,48.57,308.5,0,normal,0
26040,23.47,48.64,307.4,0,normal,0
26042,23.54,48.9,313.1,0,normal,0
26044,23.42,48.85,307.6,0,normal,0
26046,23.37,49.01,305.2,0,normal,0
26048,23.28,48.84,308.1,0,normal,0
26050,23.13,48.72,308.5,0,normal,0
26052,23.11,48.5,311.0,0,normal,0
26054,23.07,48.33,314.0,0,normal,0
26056,23.0,48.29,314.0,0,normal,0
26058,23.16,48.28,310.5,0,normal,0
26060,23.29,48.21,308.9,0,normal,0
26062,23.28,48.42,309.5,0,normal,0
26064,23.35,47.91,311.3,0,normal,0
26066,23.51,48.13,311.4,0,normal,0
26068,23.5,48.25,305.3,0,normal,0
26070,23.46,48.26,302.5,0,normal,0
26072,23.48,48.43,303.0,0,normal,0
26074,23.48,48.33,305.6,0,normal,0
26076,23.56,48.42,301.3,0,normal,0
26078,23.56,48.44,298.9,0,normal,0
26080,23.47,48.23,299.9,0,normal,0
26082,23.43,47.9,296.4,0,normal,0
26084,23.41,47.91,299.9,0,normal,0
26086,23.34,47.87,300.1,0,normal,0
26088,23.32,48.18,303.1,0,normal,0
26090,23.17,48.01,297.0,0,normal,0
26092,23.23,48.21,301.9,0,normal,0
26094,23.32,48.24,301.9,0,normal,0
26096,23.38,48.18,307.1,0,normal,0
26098,23.26,48.27,306.8,0,normal,0
26100,23.22,48.2,300.9,0,normal,0
26102,23.26,48.56,303.2,0,normal,0
26104,23.06,48.21,302.7,0,normal,0
26106,23.11,48.47,302.1,0,normal,0
26108,23.19,48.53,303.1,0,normal,0
26110,23.28,48.53,303.4,0,normal,0
26112,23.21,48.53,303.3,0,normal,0
26114,23.32,48.48,302.0,0,normal,0
26116,23.46,48.46,305.8,0,normal,0
26118,23.48,48.72,302.6,0,normal,0
26120,23.55,49.07,306.7,0,normal,0
26122,23.63,48.95,307.8,0,normal,0
26124,23.7,48.95,304.2,0,normal,0
26126,23.58,48.85,307.4,1,normal,0
26128,23.67,48.75,308.2,0,normal,0
26130,23.62,48.38,307.3,0,normal,0
26132,23.58,48.35,309.7,0,normal,0
26134,23.48,48.51,311.6,0,normal,0
26136,23.44,48.63,304.7,0,normal,0
26138,23.37,48.58,305.6,0,normal,0
26140,23.37,48.59,304.8,0,normal,0
26142,23.45,49.1,303.0,0,normal,0
26144,23.4,49.13,302.7,0,normal,0
26146,23.31,49.06,304.6,0,normal,0
26148,23.38,49.27,300.3,0,normal,0
26150,23.57,48.98,304.1,0,normal,0
26152,23.51,49.36,306.3,0,normal,0
26154,23.4,49.49,304.2,0,normal,0
26156,23.37,49.46,306.1,0,normal,0
26158,23.43,49.75,306.3,0,normal,0
26160,23.44,49.65,307.6,0,normal,0
26162,23.39,49.33,304.5,0,normal,0
26164,23.37,49.01,306.1,0,normal,0
26166,23.36,48.77,304.9,0,normal,0
26168,23.46,48.86,302.5,0,normal,0
26170,23.38,48.91,303.4,0,normal,0
26172,23.47,48.47,304.5,0,normal,0
26174,23.42,48.68,305.1,0,normal,0
26176,23.49,48.75,308.5,0,normal,0
26178,23.53,49.04,306.3,0,normal,0
26180,23.49,49.35,305.3,0,normal,0
26182,23.48,49.24,304.2,0,normal,0
26184,23.46,49.03,297.4,0,normal,0
26186,23.47,48.82,301.0,0,normal,0
26188,23.47,49.05,305.4,0,normal,0
26190,23.53,48.97,314.1,0,normal,0
26192,23.39,48.58,311.2,0,normal,0
26194,23.35,48.37,312.3,0,normal,0
26196,23.49,48.76,310.7,0,normal,0
26198,23.42,48.82,305.5,0,normal,0
26200,23.41,49.04,303.4,0,normal,0
26202,23.26,49.02,302.1,0,normal,0
26204,23.46,48.9,305.2,0,normal,0
26206,23.54,48.6,308.4,0,normal,0
26208,23.62,48.77,309.3,0,normal,0
26210,23.66,48.29,309.8,0,normal,0
26212,23.76,48.66,309.4,0,normal,0
26214,23.8,48.36,307.3,0,normal,0
26216,23.65,48.22,307.4,0,normal,0
26218,23.55,48.34,306.7,0,normal,0
26220,23.42,48.15,304.6,0,normal,0
26222,23.35,48.01,306.2,0,normal,0
26224,23.41,48.39,300.4,0,normal,0
26226,23.39,48.45,301.5,1,normal,0
26228,23.39,48.52,304.7,0,normal,0
26230,23.39,48.29,304.4,0,normal,0
26232,23.5,48.27,304.0,0,normal,0
26234,23.53,48.45,299.9,0,normal,0
26236,23.68,48.62,304.0,0,normal,0
26238,23.74,48.35,304.6,0,normal,0
26240,23.66,48.27,308.4,0,normal,0
26242,23.56,47.93,306.7,0,normal,0
26244,23.5,47.9,314.4,0,normal,0
26246,23.51,47.71,312.9,0,normal,0
26248,23.46,47.77,314.3,0,normal,0
26250,23.36,48.18,308.9,0,normal,0
26252,23.43,48.34,304.1,0,normal,0
26254,23.41,48.52,305.7,0,normal,0
26256,23.56,48.81,306.5,0,normal,0
26258,23.52,48.84,297.1,0,normal,0
26260,23.64,48.88,302.3,0,normal,0
26262,23.57,48.32,306.7,0,normal,0
26264,23.4,48.41,305.1,0,normal,0
26266,23.36,48.57,304.8,0,normal,0
26268,23.54,48.76,301.5,0,normal,0
26270,23.61,48.8,301.4,0,normal,0
26272,23.65,48.81,306.9,0,normal,0
26274,23.64,48.75,303.8,0,normal,0
26276,23.56,49.01,305.0,0,normal,0
26278,23.68,49.06,308.4,0,normal,0
26280,23.65,49.15,305.1,0,normal,0
26282,23.64,48.78,307.2,0,normal,0
26284,23.58,49.03,306.7,0,normal,0
26286,23.55,49.34,306.3,0,normal,0
26288,23.55,49.26,309.2,0,normal,0
26290,23.59,49.09,312.2,0,normal,0
26292,23.62,49.2,309.2,0,normal,0
26294,23.61,49.14,312.8,0,normal,0
26296,23.63,49.37,313.0,0,normal,0
26298,23.49,49.39,312.7,0,normal,0
26300,23.48,49.38,317.6,0,normal,0
26302,23.41,49.13,315.9,0,normal,0
26304,23.39,49.11,313.2,0,normal,0
26306,23.52,49.13,309.7,0,normal,0
26308,23.48,49.23,312.3,0,normal,0
26310,23.41,49.23,309.2,0,normal,0
26312,23.45,49.39,304.4,0,normal,0
26314,23.35,49.59,302.3,0,normal,0
26316,23.24,49.44,306.6,0,normal,0
26318,23.29,49.46,305.6,0,normal,0
26320,23.3,49.37,302.3,0,normal,0
26322,23.25,49.46,307.2,0,normal,0
26324,23.18,49.19,307.0,0,normal,0
26326,23.1,49.4,305.4,0,normal,0
26328,23.08,49.18,304.7,0,normal,0
26330,23.31,49.31,302.7,0,normal,0
26332,23.26,49.01,306.3,0,normal,0
26334,23.19,49.29,305.8,0,normal,0
26336,23.21,49.31,312.2,0,normal,0
26338,23.33,49.25,309.3,0,normal,0
26340,23.15,48.79,303.1,0,normal,0
26342,23.09,48.49,304.1,0,normal,0
26344,23.16,48.49,306.3,0,normal,0
26346,23.13,48.28,307.9,0,normal,0
26348,23.18,48.14,307.2,0,normal,0
26350,23.16,47.85,306.3,0,normal,0
26352,23.17,48.0,306.2,0,normal,0
26354,23.11,48.13,305.2,0,normal,0
26356,23.1,48.33,304.0,0,normal,0
26358,23.13,48.19,305.5,0,normal,0
26360,23.14,48.53,304.4,0,normal,0
26362,23.29,48.46,301.2,0,normal,0
26364,23.3,48.53,298.6,0,normal,0
26366,23.24,48.49,301.6,0,normal,0
26368,23.16,48.4,303.4,0,normal,0
26370,23.06,48.39,301.5,0,normal,0
26372,23.09,48.46,303.1,1,normal,0
26374,23.15,48.73,307.4,0,normal,0
26376,23.21,48.8,302.6,0,normal,0
26378,23.05,48.83,309.7,1,normal,0
26380,22.93,48.77,302.9,0,normal,0
26382,23.03,49.52,309.3,0,normal,0
26384,23.27,49.4,308.8,0,normal,0
26386,23.35,49.33,308.0,0,normal,0
26388,23.41,49.46,305.6,0,normal,0
26390,23.36,49.72,305.3,0,normal,0
26392,23.31,49.68,307.5,0,normal,0
26394,23.34,49.49,309.5,0,normal,0
26396,23.26,49.6,301.4,0,normal,0
26398,23.15,49.83,296.2,0,normal,0
26400,23.18,49.39,298.7,0,normal,0
26402,23.09,49.43,306.4,0,normal,0
26404,23.02,49.72,302.4,0,normal,0
26406,22.85,49.54,304.3,0,normal,0
26408,22.93,49.66,306.6,1,normal,0
26410,23.0,49.49,308.3,0,normal,0
26412,23.02,49.35,304.8,0,normal,0
26414,22.97,49.64,306.5,0,normal,0
26416,22.93,49.64,308.3,0,normal,0
26418,22.94,49.58,308.6,0,normal,0
26420,22.97,49.53,315.6,0,normal,0
26422,22.96,49.78,313.7,0,normal,0
26424,22.94,49.56,307.0,0,normal,0
26426,22.93,49.41,305.1,0,normal,0
26428,22.88,49.63,302.1,0,normal,0
26430,22.82,49.88,300.5,0,normal,0
26432,22.87,49.5,302.4,0,normal,0
26434,22.85,49.4,310.1,0,normal,0
26436,22.89,49.3,307.0,0,normal,0
26438,22.97,48.96,303.9,0,normal,0
26440,22.92,49.27,304.3,0,normal,0
26442,22.97,49.28,303.6,0,normal,0
26444,23.02,49.17,302.4,0,normal,0
26446,23.03,48.92,304.4,0,normal,0
26448,23.19,48.89,304.3,0,normal,0
26450,23.16,49.1,306.8,0,normal,0
26452,23.3,48.8,308.6,0,normal,0
26454,23.37,48.63,305.0,0,normal,0
26456,23.35,48.55,305.7,0,normal,0
26458,23.4,48.84,312.5,0,normal,0
26460,23.37,48.85,310.2,0,normal,0
26462,23.49,49.09,307.3,0,normal,0
26464,23.5,48.87,305.1,0,normal,0
26466,23.61,49.08,305.2,0,normal,0
26468,23.51,49.36,298.5,0,normal,0
26470,23.43,49.06,297.6,0,normal,0
26472,23.61,49.0,299.9,0,normal,0
26474,23.58,49.11,300.6,0,normal,0
26476,23.5,49.19,304.0,0,normal,0
26478,23.38,48.79,306.8,0,normal,0
26480,23.39,49.19,308.3,0,normal,0
26482,23.44,49.1,306.8,0,normal,0
26484,23.5,49.35,305.7,0,normal,0
26486,23.48,49.29,304.1,0,normal,0
26488,23.38,49.16,301.9,0,normal,0
26490,23.38,49.03,305.8,0,normal,0
26492,23.33,48.88,306.4,0,normal,0
26494,23.18,48.8,308.9,0,normal,0
26496,23.22,49.0,306.4,0,normal,0
26498,23.14,48.8,307.7,0,normal,0
26500,23.09,49.04,305.1,0,normal,0
26502,23.14,49.14,308.4,0,normal,0
26504,23.12,48.99,310.6,0,normal,0
26506,23.07,48.98,313.5,0,normal,0
26508,22.95,49.09,306.6,0,normal,0
26510,23.11,49.19,310.3,0,normal,0
26512,22.98,49.0,311.7,0,normal,0
26514,23.03,48.85,309.3,1,normal,0
26516,23.03,49.08,304.9,0,normal,0
26518,22.95,49.04,302.3,0,normal,0
26520,22.94,48.76,301.4,0,normal,0
26522,22.95,48.79,299.1,0,normal,0
26524,22.99,49.09,304.3,0,normal,0
26526,23.02,49.05,299.5,0,normal,0
26528,23.13,48.76,301.8,0,normal,0
26530,23.18,49.03,305.0,0,normal,0
26532,23.09,48.95,304.0,0,normal,0
26534,23.19,48.59,306.0,0,normal,0
26536,23.19,48.75,302.0,0,normal,0
26538,23.05,48.45,306.2,0,normal,0
26540,23.16,48.64,306.1,0,normal,0
26542,23.09,48.77,310.3,0,normal,0
26544,23.06,48.93,309.4,0,normal,0
26546,23.08,49.0,311.5,0,normal,0
26548,23.14,48.94,309.0,0,normal,0
26550,23.15,49.42,308.8,0,normal,0
26552,23.27,49.03,306.5,0,normal,0
26554,23.17,49.08,306.3,0,normal,0
26556,23.12,48.9,300.5,0,normal,0
26558,23.09,48.85,302.7,0,normal,0
26560,23.23,48.97,309.2,0,normal,0
26562,23.33,48.92,307.4,0,normal,0
26564,23.2,49.05,304.1,0,normal,0
26566,23.26,48.86,307.3,0,normal,0
26568,23.22,48.71,302.9,0,normal,0
26570,22.99,49.05,301.7,0,normal,0
26572,23.06,49.42,301.6,0,normal,0
26574,22.9,49.48,305.9,0,normal,0
26576,22.75,49.43,306.0,0,normal,0
26578,22.83,49.78,299.9,0,normal,0
26580,22.9,49.19,297.7,0,normal,0
26582,22.88,49.33,301.5,0,normal,0
26584,22.79,49.71,299.9,0,normal,0
26586,22.81,49.87,298.8,0,normal,0
26588,22.75,50.12,297.5,0,normal,0
26590,22.75,50.08,301.3,0,normal,0
26592,22.73,49.87,294.6,0,normal,0
26594,22.73,49.33,295.6,0,normal,0
26596,22.66,49.36,296.7,0,normal,0
26598,22.62,49.46,300.9,0,normal,0
26600,22.69,49.3,298.1,0,normal,0
26602,22.59,49.06,297.5,0,normal,0
26604,22.66,49.04,302.1,0,normal,0
26606,22.69,49.02,301.8,0,normal,0
26608,22.63,49.19,301.9,0,normal,0
26610,22.57,49.0,305.4,0,normal,0
26612,22.52,49.19,303.9,0,normal,0
26614,22.52,49.17,302.6,0,normal,0
26616,22.49,49.38,305.1,0,normal,0
26618,22.6,49.19,306.8,0,normal,0
26620,22.55,49.34,307.4,0,normal,0
26622,22.6,49.24,304.5,0,normal,0
26624,22.58,49.57,307.7,0,normal,0
26626,22.65,49.52,304.6,0,normal,0
26628,22.72,49.18,303.1,0,normal,0
26630,22.65,49.06,296.6,0,normal,0
26632,22.63,49.08,299.8,0,normal,0
26634,22.66,49.19,299.5,0,normal,0
26636,22.75,49.12,306.1,0,normal,0
26638,22.76,49.02,305.8,0,normal,0
26640,22.82,49.31,306.8,0,normal,0
26642,22.79,49.39,307.9,0,normal,0
26644,22.78,49.44,305.0,0,normal,0
26646,22.68,49.35,307.4,0,normal,0
26648,22.54,49.21,306.1,0,normal,0
26650,22.49,49.28,304.5,0,normal,0
26652,22.56,49.13,304.3,0,normal,0
26654,22.62,49.14,304.4,0,normal,0
26656,22.6,49.07,304.8,0,normal,0
26658,22.7,48.76,303.7,0,normal,0
26660,22.75,48.48,304.3,0,normal,0
26662,22.62,48.79,302.8,0,normal,0
26664,22.7,48.88,303.7,0,normal,0
26666,22.7,49.06,301.6,0,normal,0
26668,22.68,48.8,302.3,0,normal,0
26670,22.63,48.86,301.8,0,normal,0
26672,22.66,48.79,303.6,0,normal,0
26674,22.73,48.59,311.9,0,normal,0
26676,22.68,48.34,310.0,0,normal,0
26678,22.71,48.55,308.7,0,normal,0
26680,22.6,48.66,305.0,0,normal,0
26682,22.57,48.81,301.1,0,normal,0
26684,22.65,49.09,302.8,1,normal,0
26686,22.73,49.09,303.0,0,normal,0
26688,22.69,49.16,301.5,0,normal,0
26690,22.76,48.96,293.7,0,normal,0
26692,22.73,48.96,298.8,0,normal,0
26694,22.73,49.0,302.6,0,normal,0
26696,22.67,49.09,301.5,0,normal,0
26698,22.96,49.28,304.2,0,normal,0
26700,22.92,49.63,301.3,0,normal,0
26702,22.88,49.44,304.7,0,normal,0
26704,22.82,49.17,304.8,0,normal,0
26706,22.9,49.54,307.8,0,normal,0
26708,23.04,49.67,307.2,0,normal,0
26710,22.93,49.84,306.1,0,normal,0
26712,22.92,49.61,304.7,0,normal,0
26714,22.86,49.74,304.2,0,normal,0
26716,22.86,49.77,300.7,0,normal,0
26718,22.81,49.98,300.2,0,normal,0
26720,22.94,50.11,295.3,0,normal,0
26722,22.88,50.38,296.1,0,normal,0
26724,22.94,49.85,300.0,0,normal,0
26726,22.99,49.74,300.8,0,normal,0
26728,22.93,50.01,298.3,0,normal,0
26730,23.01,49.93,299.5,0,normal,0
26732,22.97,49.93,303.6,0,normal,0
26734,22.9,49.62,300.5,0,normal,0
26736,22.8,49.57,294.4,0,normal,0
26738,22.81,49.35,294.8,0,normal,0
26740,22.83,49.38,298.5,0,normal,0
26742,22.71,49.13,299.2,0,normal,0
26744,22.69,49.07,299.7,0,normal,0
26746,22.57,49.23,297.4,0,normal,0
26748,22.42,49.02,297.4,0,normal,0
26750,22.55,48.91,295.3,0,normal,0
26752,22.44,48.79,295.8,0,normal,0
26754,22.35,48.74,296.8,0,normal,0
26756,22.39,48.9,305.7,0,normal,0
26758,22.34,48.82,307.9,0,normal,0
26760,22.34,48.82,307.3,0,normal,0
26762,22.32,49.0,303.9,0,normal,0
26764,22.31,48.53,301.3,0,normal,0
26766,22.39,48.68,300.2,0,normal,0
26768,22.46,48.83,302.1,0,normal,0
26770,22.51,48.76,300.8,0,normal,0
26772,22.63,48.74,302.6,0,normal,0
26774,22.55,48.91,304.4,0,normal,0
26776,22.55,49.09,306.1,0,normal,0
26778,22.67,49.16,303.2,0,normal,0
26780,22.64,49.37,302.7,0,normal,0
26782,22.77,48.97,299.1,0,normal,0
26784,22.78,48.65,303.5,0,normal,0
26786,22.64,48.85,303.8,0,normal,0
26788,22.58,49.08,297.1,0,normal,0
26790,22.6,49.28,296.5,0,normal,0
26792,22.61,49.22,300.0,0,normal,0
26794,22.62,49.19,297.9,0,normal,0
26796,22.63,49.58,299.4,0,normal,0
26798,22.52,49.27,302.6,0,normal,0
26800,22.51,49.31,304.4,0,normal,0
26802,22.54,49.13,298.2,0,normal,0
26804,22.55,49.07,306.4,0,normal,0
26806,22.64,49.17,303.2,0,normal,0
26808,22.57,49.29,299.5,0,normal,0
26810,22.71,49.17,301.2,0,normal,0
26812,22.78,49.41,304.7,0,normal,0
26814,22.81,49.73,298.5,0,normal,0
26816,22.74,49.56,300.3,0,normal,0
26818,22.74,49.6,297.3,0,normal,0
26820,22.82,49.34,296.3,0,normal,0
26822,22.86,49.49,291.8,0,normal,0
26824,22.97,49.69,293.6,0,normal,0
26826,22.78,49.53,296.3,0,normal,0
26828,22.68,49.71,298.4,0,normal,0
26830,22.47,49.68,304.3,0,normal,0
26832,22.45,49.17,303.5,0,normal,0
26834,22.48,49.44,303.7,0,normal,0
26836,22.46,49.49,306.0,0,normal,0
26838,22.54,49.46,300.3,0,normal,0
26840,22.61,49.5,296.8,0,normal,0
26842,22.46,49.58,296.4,0,normal,0
26844,22.45,49.37,297.3,1,normal,0
26846,22.44,49.35,300.9,0,normal,0
26848,22.28,49.48,304.1,0,normal,0
26850,22.36,49.59,302.1,0,normal,0
26852,22.31,49.53,307.2,0,normal,0
26854,22.16,49.45,308.6,0,normal,0
26856,22.16,49.67,308.8,0,normal,0
26858,22.21,49.57,307.0,0,normal,0
26860,22.2,49.83,306.6,0,normal,0
26862,22.24,49.34,301.7,0,normal,0
26864,22.27,49.09,300.3,0,normal,0
26866,22.19,49.52,300.2,0,normal,0
26868,22.25,49.22,299.3,0,normal,0
26870,22.14,49.02,293.5,0,normal,0
26872,22.08,48.76,296.5,0,normal,0
26874,21.98,49.22,304.5,0,normal,0
26876,22.09,49.24,305.3,0,normal,0
26878,22.32,49.36,302.8,0,normal,0
26880,22.26,49.21,303.6,0,normal,0
26882,22.36,49.22,302.1,0,normal,0
26884,22.34,49.15,302.2,0,normal,0
26886,22.27,49.33,298.5,0,normal,0
26888,22.23,49.68,300.2,0,normal,0
26890,22.17,49.99,302.4,0,normal,0
26892,22.15,49.62,304.3,0,normal,0
26894,22.08,49.53,306.1,0,normal,0
26896,22.05,49.68,307.9,0,normal,0
26898,22.03,49.97,308.8,0,normal,0
26900,22.14,49.88,307.9,0,normal,0
26902,22.21,49.86,302.0,0,normal,0
26904,22.32,50.03,298.8,0,normal,0
26906,22.52,50.01,298.1,0,normal,0
26908,22.3,50.29,302.9,0,normal,0
26910,22.07,50.03,302.5,0,normal,0
26912,22.13,49.81,300.8,0,normal,0
26914,22.17,49.56,298.8,0,normal,0
26916,22.11,49.47,296.2,0,normal,0
26918,22.11,49.42,296.5,0,normal,0
26920,21.98,49.55,294.2,0,normal,0
26922,21.99,49.41,295.9,0,normal,0
26924,21.94,49.51,295.3,0,normal,0
26926,22.17,49.48,297.9,0,normal,0
26928,22.16,49.37,295.7,0,normal,0
26930,22.21,49.52,299.5,0,normal,0
26932,22.37,50.07,305.2,0,normal,0
26934,22.36,49.82,303.1,0,normal,0
26936,22.31,49.77,301.4,0,normal,0
26938,22.3,49.54,306.5,0,normal,0
26940,22.21,49.66,306.0,0,normal,0
26942,22.3,49.54,303.2,0,normal,0
26944,22.15,50.03,298.9,0,normal,0
26946,22.05,50.05,301.6,0,normal,0
26948,22.15,49.82,308.6,0,normal,0
26950,22.06,49.51,308.4,0,normal,0
26952,21.95,49.82,307.0,0,normal,0
26954,21.92,50.01,302.9,0,normal,0
26956,21.91,50.31,302.1,0,normal,0
26958,21.96,50.04,305.2,0,normal,0
26960,21.98,50.06,300.6,0,normal,0
26962,22.02,49.85,303.2,0,normal,0
26964,22.12,50.22,301.6,0,normal,0
26966,22.03,49.91,295.9,0,normal,0
26968,22.08,50.14,299.2,0,normal,0
26970,22.22,50.18,295.2,0,normal,0
26972,22.24,50.2,301.4,0,normal,0
26974,22.27,50.21,304.5,0,normal,0
26976,22.24,50.26,298.4,0,normal,0
26978,22.2,50.36,301.7,1,normal,0
26980,22.11,50.2,300.3,0,normal,0
26982,22.0,50.04,296.7,0,normal,0
26984,22.08,49.98,297.6,0,normal,0
26986,22.08,50.0,296.7,0,normal,0
26988,22.12,50.06,299.2,0,normal,0
26990,22.05,50.05,300.1,0,normal,0
26992,22.07,50.13,301.5,0,normal,0
26994,22.11,50.2,299.2,0,normal,0
26996,22.1,50.37,294.5,0,normal,0
26998,22.13,50.41,297.4,0,normal,0
27000,21.99,50.07,301.5,0,normal,0
27002,22.0,49.86,305.4,0,normal,0
27004,21.85,49.81,305.8,0,normal,0
27006,21.82,49.94,305.4,0,normal,0
27008,21.86,49.64,300.0,0,normal,0
27010,21.95,49.85,299.8,0,normal,0
27012,22.05,49.68,299.6,0,normal,0
27014,22.02,50.02,297.5,0,normal,0
27016,21.98,50.22,301.3,0,normal,0
27018,22.0,50.28,294.6,0,normal,0
27020,22.08,50.55,295.6,0,normal,0
27022,22.12,50.7,295.7,0,normal,0
27024,22.12,50.5,297.4,0,normal,0
27026,22.07,50.72,300.6,0,normal,0
27028,21.98,50.2,294.5,0,normal,0
27030,21.92,50.06,296.4,0,normal,0
27032,21.93,49.78,296.3,0,normal,0
27034,21.97,49.91,296.7,0,normal,0
27036,21.77,50.12,295.3,0,normal,0
27038,21.81,49.85,294.0,0,normal,0
27040,21.79,49.61,295.8,0,normal,0
27042,21.85,49.54,293.3,0,normal,0
27044,21.84,49.52,289.9,0,normal,0
27046,21.92,49.5,298.5,0,normal,0
27048,21.87,49.63,302.7,0,normal,0
27050,21.81,49.96,298.8,0,normal,0
27052,21.87,50.39,297.7,1,normal,0
27054,21.84,50.84,304.0,0,normal,0
27056,21.79,50.92,302.5,0,normal,0
27058,21.61,50.79,296.4,0,normal,0
27060,21.54,50.7,299.6,0,normal,0
27062,21.75,50.54,299.3,0,normal,0
27064,21.77,50.47,301.6,0,normal,0
27066,21.77,50.66,297.5,0,normal,0
27068,21.7,50.55,300.6,0,normal,0
27070,21.71,50.38,300.6,0,normal,0
27072,21.7,50.41,301.4,0,normal,0
27074,21.76,50.23,297.0,0,normal,0
27076,21.81,50.05,292.0,0,normal,0
27078,21.73,50.16,296.8,0,normal,0
27080,21.65,49.96,296.7,0,normal,0
27082,21.61,50.26,300.7,0,normal,0
27084,21.69,50.01,300.9,0,normal,0
27086,21.64,49.9,303.6,0,normal,0
27088,21.67,50.0,300.4,0,normal,0
27090,21.76,49.96,305.4,0,normal,0
27092,21.65,50.14,302.7,0,normal,0
27094,21.53,50.21,300.9,0,normal,0
27096,21.47,50.15,300.5,0,normal,0
27098,21.43,50.0,301.6,0,normal,0
27100,21.58,50.4,299.4,0,normal,0
27102,21.52,50.48,295.9,0,normal,0
27104,21.56,50.42,301.9,0,normal,0
27106,21.62,50.3,299.2,0,normal,0
27108,21.68,50.24,296.3,0,normal,0
27110,21.57,50.26,295.5,0,normal,0
27112,21.58,50.41,295.1,0,normal,0
27114,21.51,50.45,293.9,0,normal,0
27116,21.42,50.38,298.0,0,normal,0
27118,21.33,50.13,298.8,0,normal,0
27120,21.31,50.0,294.3,0,normal,0
27122,21.32,49.61,294.5,0,normal,0
27124,21.5,49.8,291.4,0,normal,0
27126,21.63,49.95,293.0,0,normal,0
27128,21.46,50.25,291.7,0,normal,0
27130,21.44,50.03,296.5,0,normal,0
27132,21.51,50.31,297.1,0,normal,0
27134,21.6,50.5,294.2,0,normal,0
27136,21.76,50.95,291.2,1,normal,0
27138,21.75,50.41,297.4,0,normal,0
27140,21.79,50.1,301.5,0,normal,0
27142,21.8,49.82,303.2,0,normal,0
27144,21.86,49.89,303.8,0,normal,0
27146,21.76,49.93,306.8,0,normal,0
27148,21.63,49.98,300.7,0,normal,0
27150,21.75,49.98,300.4,0,normal,0
27152,21.63,50.01,296.0,0,normal,0
27154,21.63,50.16,293.1,0,normal,0
27156,21.55,50.09,291.2,0,normal,0
27158,21.56,50.02,293.5,0,normal,0
27160,21.52,49.98,293.0,0,normal,0
27162,21.61,49.63,293.6,0,normal,0
27164,21.54,49.82,295.0,0,normal,0
27166,21.49,49.76,294.9,0,normal,0
27168,21.48,49.78,298.9,0,normal,0
27170,21.41,49.85,298.2,0,normal,0
27172,21.35,50.09,300.1,0,normal,0
27174,21.39,50.34,298.4,0,normal,0
27176,21.45,50.63,300.0,0,normal,0
27178,21.58,50.62,302.0,0,normal,0
27180,21.5,50.58,301.8,0,normal,0
27182,21.6,50.6,297.3,0,normal,0
27184,21.63,50.58,296.8,0,normal,0
27186,21.68,50.68,299.9,0,normal,0
27188,21.72,50.56,300.4,0,normal,0
27190,21.74,50.42,299.6,0,normal,0
27192,21.75,50.17,300.6,0,normal,0
27194,21.86,50.21,298.3,0,normal,0
27196,21.81,49.87,299.4,0,normal,0
27198,21.79,49.91,300.8,0,normal,0
27200,21.74,49.9,299.8,0,normal,0
27202,21.78,50.46,300.4,0,normal,0
27204,21.88,50.74,297.0,0,normal,0
27206,21.69,50.67,294.7,0,normal,0
27208,21.77,50.87,294.7,0,normal,0
27210,21.79,50.93,294.6,0,normal,0
27212,21.92,50.88,297.6,0,normal,0
27214,21.88,50.64,294.3,0,normal,0
27216,21.73,50.68,297.3,0,normal,0
27218,21.79,50.29,298.2,0,normal,0
27220,21.73,50.23,295.1,0,normal,0
27222,21.74,50.25,295.5,0,normal,0
27224,21.76,50.19,295.4,0,normal,0
27226,21.86,50.28,298.9,0,normal,0
27228,21.76,50.05,299.0,0,normal,0
27230,21.53,50.07,294.3,0,normal,0
27232,21.61,50.01,294.2,0,normal,0
27234,21.54,49.95,295.7,0,normal,0
27236,21.5,50.24,293.1,0,normal,0
27238,21.48,50.05,296.2,0,normal,0
27240,21.4,50.29,302.4,0,normal,0
27242,21.41,50.06,304.6,0,normal,0
27244,21.4,49.98,301.5,0,normal,0
27246,21.42,50.19,300.1,0,normal,0
27248,21.24,50.23,296.4,0,normal,0
27250,21.15,50.17,294.5,0,normal,0
27252,21.37,50.29,295.0,0,normal,0
27254,21.25,49.99,298.9,0,normal,0
27256,21.36,50.0,301.8,0,normal,0
27258,21.44,50.3,300.6,0,normal,0
27260,21.38,50.01,300.3,0,normal,0
27262,21.37,49.98,293.8,0,normal,0
27264,21.34,49.9,290.3,0,normal,0
27266,21.18,50.08,286.4,0,normal,0
27268,21.02,49.86,286.9,0,normal,0
27270,21.11,49.99,291.1,0,normal,0
27272,21.08,49.83,290.5,0,normal,0
27274,21.03,49.66,294.6,0,normal,0
27276,20.98,49.57,297.1,0,normal,0
27278,21.06,49.79,299.7,0,normal,0
27280,21.09,49.77,300.6,0,normal,0
27282,21.1,49.57,300.0,0,normal,0
27284,21.11,49.56,295.1,0,normal,0
27286,21.11,49.73,293.0,0,normal,0
27288,21.04,49.85,290.7,0,normal,0
27290,21.07,49.77,292.8,0,normal,0
27292,21.18,49.85,293.2,0,normal,0
27294,21.13,50.34,296.2,0,normal,0
27296,21.14,50.56,303.2,0,normal,0
27298,21.13,50.91,303.1,0,normal,0
27300,21.13,51.13,300.5,0,normal,0
27302,21.19,50.98,301.3,0,normal,0
27304,21.16,51.11,299.9,0,normal,0
27306,21.05,51.16,301.0,0,normal,0
27308,21.13,51.09,294.9,0,normal,0
27310,21.03,51.03,294.0,0,normal,0
27312,20.98,50.84,293.2,0,normal,0
27314,20.98,50.47,289.2,0,normal,0
27316,21.03,50.56,289.3,0,normal,0
27318,21.01,50.61,290.3,0,normal,0
27320,21.06,50.32,290.0,0,normal,0
27322,21.12,50.46,296.8,0,normal,0
27324,21.08,50.91,297.7,0,normal,0
27326,21.02,50.82,295.9,0,normal,0
27328,21.0,50.82,295.6,0,normal,0
27330,20.95,50.8,294.4,0,normal,0
27332,20.95,50.79,295.7,0,normal,0
27334,21.14,50.8,301.0,0,normal,0
27336,21.13,50.98,299.9,0,normal,0
27338,21.05,51.09,298.1,0,normal,0
27340,21.14,50.82,298.6,0,normal,0
27342,21.19,50.54,299.4,0,normal,0
27344,21.26,50.89,299.4,0,normal,0
27346,21.14,51.03,299.6,0,normal,0
27348,21.11,50.79,294.0,0,normal,0
27350,21.08,50.81,292.0,0,normal,0
27352,21.14,50.69,297.9,0,normal,0
27354,21.01,50.88,296.1,0,normal,0
27356,21.1,50.94,295.0,0,normal,0
27358,21.03,50.96,295.3,0,normal,0
27360,21.17,50.95,297.7,0,normal,0
27362,21.14,51.38,297.1,0,normal,0
27364,21.2,51.45,296.5,0,normal,0
27366,21.23,51.44,295.9,0,normal,0
27368,21.16,51.28,298.3,0,normal,0
27370,21.05,51.07,294.4,0,normal,0
27372,21.05,51.32,294.7,0,normal,0
27374,21.05,51.24,294.4,0,normal,0
27376,21.06,51.32,296.1,0,normal,0
27378,20.97,51.47,292.3,0,normal,0
27380,20.9,51.35,295.3,0,normal,0
27382,20.78,51.34,298.1,0,normal,0
27384,20.8,51.21,297.9,0,normal,0
27386,20.91,50.76,295.0,0,normal,0
27388,20.94,50.71,292.5,0,normal,0
27390,20.87,50.59,290.2,0,normal,0
27392,20.85,50.57,296.1,0,normal,0
27394,20.9,50.9,295.8,0,normal,0
27396,21.03,50.96,296.8,0,normal,0
27398,20.92,51.16,295.7,0,normal,0
27400,20.98,51.18,302.6,0,normal,0
27402,20.97,51.09,300.5,1,normal,0
27404,20.93,50.87,296.5,0,normal,0
27406,21.0,50.78,297.6,0,normal,0
27408,21.02,50.76,298.9,0,normal,0
27410,20.97,50.63,297.7,0,normal,0
27412,20.91,50.64,294.3,0,normal,0
27414,21.09,50.59,303.8,0,normal,0
27416,21.01,50.55,297.6,0,normal,0
27418,20.97,50.47,296.1,0,normal,0
27420,21.16,50.76,295.4,0,normal,0
27422,21.13,50.76,296.7,0,normal,0
27424,21.14,50.56,295.5,0,normal,0
27426,21.17,50.3,293.9,0,normal,0
27428,21.18,50.59,296.6,0,normal,0
27430,21.15,50.66,299.0,0,normal,0
27432,21.3,50.69,293.4,0,normal,0
27434,21.18,50.89,292.9,0,normal,0
27436,21.0,50.49,294.2,0,normal,0
27438,21.18,50.39,293.4,0,normal,0
27440,21.1,50.26,292.6,0,normal,0
27442,20.99,50.02,289.6,0,normal,0
27444,21.08,49.89,295.6,0,normal,0
27446,21.15,50.09,292.5,0,normal,0
27448,21.17,49.92,290.2,0,normal,0
27450,21.16,49.96,288.7,0,normal,0
27452,21.08,50.04,295.7,0,normal,0
27454,21.13,50.16,297.7,0,normal,0
27456,21.14,50.59,294.3,0,normal,0
27458,21.03,51.02,300.1,0,normal,0
27460,20.98,51.32,297.7,0,normal,0
27462,20.95,51.09,297.1,0,normal,0
27464,20.9,50.68,291.4,0,normal,0
27466,20.74,50.99,294.8,0,normal,0
27468,20.61,51.29,299.5,0,normal,0
27470,20.62,51.0,299.4,0,normal,0
27472,20.67,50.89,301.2,0,normal,0
27474,20.66,50.97,299.5,0,normal,0
27476,20.76,50.8,298.4,0,normal,0
27478,20.62,50.62,295.3,0,normal,0
27480,20.63,50.41,291.3,0,normal,0
27482,20.7,50.47,295.6,0,normal,0
27484,20.69,50.37,300.7,0,normal,0
27486,20.61,50.48,298.1,0,normal,0
27488,20.69,50.34,296.4,0,normal,0
27490,20.72,50.41,298.0,0,normal,0
27492,20.71,50.08,297.5,0,normal,0
27494,20.85,50.32,297.8,0,normal,0
27496,20.72,50.55,298.0,0,normal,0
27498,20.67,50.74,298.1,0,normal,0
27500,20.66,51.04,300.1,0,normal,0
27502,20.73,50.71,295.7,0,normal,0
27504,20.68,51.08,297.0,0,normal,0
27506,20.69,50.86,298.7,1,normal,0
27508,20.56,50.74,300.5,0,normal,0
27510,20.58,50.56,295.3,0,normal,0
27512,20.53,50.68,296.9,0,normal,0
27514,20.44,51.0,292.7,0,normal,0
27516,20.47,51.41,290.8,0,normal,0
27518,20.44,51.41,292.0,0,normal,0
27520,20.43,51.15,289.8,0,normal,0
27522,20.44,51.13,289.2,0,normal,0
27524,20.49,50.97,294.9,0,normal,0
27526,20.5,50.98,295.7,0,normal,0
27528,20.45,51.11,297.4,0,normal,0
27530,20.46,51.39,295.8,0,normal,0
27532,20.37,50.89,298.0,0,normal,0
27534,20.32,50.95,297.4,0,normal,0
27536,20.32,51.27,297.2,0,normal,0
27538,20.39,51.2,295.4,0,normal,0
27540,20.54,51.35,296.0,0,normal,0
27542,20.74,51.27,297.8,0,normal,0
27544,20.73,51.3,296.7,0,normal,0
27546,20.57,51.28,297.7,0,normal,0
27548,20.55,51.41,296.4,0,normal,0
27550,20.68,51.52,294.1,0,normal,0
27552,20.75,51.34,293.7,0,normal,0
27554,20.78,51.43,295.2,0,normal,0
27556,20.77,51.32,294.7,0,normal,0
27558,20.81,51.15,291.9,0,normal,0
27560,20.68,51.06,287.6,0,normal,0
27562,20.58,50.78,287.8,0,normal,0
27564,20.6,50.73,289.5,0,normal,0
27566,20.56,50.67,285.5,0,normal,0
27568,20.53,50.78,293.1,0,normal,0
27570,20.56,50.74,294.2,0,normal,0
27572,20.5,50.8,295.1,1,normal,0
27574,20.55,50.82,295.1,0,normal,0
27576,20.54,50.73,289.2,0,normal,0
27578,20.57,50.64,291.1,0,normal,0
27580,20.63,50.6,293.4,0,normal,0
27582,20.62,50.25,292.0,0,normal,0
27584,20.64,50.52,292.3,0,normal,0
27586,20.6,50.61,293.6,0,normal,0
27588,20.5,50.85,291.6,0,normal,0
27590,20.46,50.93,293.5,0,normal,0
27592,20.51,51.13,287.9,0,normal,0
27594,20.49,51.28,291.7,0,normal,0
27596,20.53,50.79,294.5,1,normal,0
27598,20.74,50.76,292.9,0,normal,0
27600,20.7,51.05,293.6,0,normal,0
27602,20.73,51.03,294.2,0,normal,0
27604,20.7,51.32,291.5,0,normal,0
27606,20.76,51.5,296.0,0,normal,0
27608,20.74,51.23,295.1,0,normal,0
27610,20.67,51.09,292.7,0,normal,0
27612,20.67,51.07,294.5,0,normal,0
27614,20.67,50.88,292.9,0,normal,0
27616,20.66,50.85,287.3,0,normal,0
27618,20.65,50.92,290.5,0,normal,0
27620,20.64,50.98,293.0,0,normal,0
27622,20.67,51.05,289.4,0,normal,0
27624,20.61,51.05,286.6,0,normal,0
27626,20.67,51.06,285.3,0,normal,0
27628,20.68,51.73,283.3,0,normal,0
27630,20.6,51.83,284.6,0,normal,0
27632,20.52,51.66,287.0,0,normal,0
27634,20.55,51.76,288.8,0,normal,0
27636,20.56,51.49,294.7,0,normal,0
27638,20.62,51.13,292.5,0,normal,0
27640,20.61,50.87,291.9,0,normal,0
27642,20.6,51.04,295.0,0,normal,0
27644,20.48,51.33,293.4,0,normal,0
27646,20.4,50.91,294.7,0,normal,0
27648,20.45,51.17,295.5,0,normal,0
27650,20.43,50.95,292.1,0,normal,0
27652,20.43,51.39,296.8,0,normal,0
27654,20.49,51.54,295.8,0,normal,0
27656,20.41,51.58,300.4,0,normal,0
27658,20.36,51.58,302.0,0,normal,0
27660,20.27,51.58,301.2,0,normal,0
27662,20.31,51.47,306.7,0,normal,0
27664,20.33,51.41,303.1,0,normal,0
27666,20.21,51.45,302.9,0,normal,0
27668,20.42,51.46,300.6,0,normal,0
27670,20.49,51.37,297.3,0,normal,0
27672,20.58,51.13,299.8,0,normal,0
27674,20.59,51.25,299.1,0,normal,0
27676,20.67,51.05,293.8,0,normal,0
27678,20.58,51.11,293.3,0,normal,0
27680,20.47,51.1,294.6,0,normal,0
27682,20.45,51.21,291.9,0,normal,0
27684,20.4,51.23,298.9,0,normal,0
27686,20.44,51.08,292.7,0,normal,0
27688,20.51,51.3,299.2,0,normal,0
27690,20.48,51.12,297.5,0,normal,0
27692,20.48,50.97,299.5,0,normal,0
27694,20.45,50.69,296.7,0,normal,0
27696,20.46,50.73,294.5,0,normal,0
27698,20.55,50.64,290.7,0,normal,0
27700,20.59,50.85,291.0,0,normal,0
27702,20.66,50.87,296.1,0,normal,0
27704,20.83,51.0,290.6,0,normal,0
27706,20.82,51.14,290.6,0,normal,0
27708,20.82,51.29,293.3,0,normal,0
27710,20.83,51.4,295.3,0,normal,0
27712,20.77,51.46,288.9,0,normal,0
27714,20.77,51.53,290.8,0,normal,0
27716,20.64,51.49,295.7,0,normal,0
27718,20.53,51.38,291.8,0,normal,0
27720,20.53,50.94,290.1,0,normal,0
27722,20.53,51.07,291.8,0,normal,0
27724,20.52,51.32,297.4,0,normal,0
27726,20.57,51.38,298.6,0,normal,0
27728,20.61,51.18,294.2,0,normal,0
27730,20.66,51.3,301.8,0,normal,0
27732,20.65,50.92,299.1,0,normal,0
27734,20.59,50.85,294.3,0,normal,0
27736,20.59,51.4,296.6,0,normal,0
27738,20.45,51.58,296.4,0,normal,0
27740,20.41,51.59,296.3,0,normal,0
27742,20.39,51.62,297.0,0,normal,0
27744,20.29,51.16,293.8,0,normal,0
27746,20.25,51.02,298.3,0,normal,0
27748,20.21,51.39,294.4,0,normal,0
27750,20.12,51.48,293.2,0,normal,0
27752,20.18,51.58,289.1,0,normal,0
27754,20.17,51.82,291.4,0,normal,0
27756,20.29,51.81,292.1,0,normal,0
27758,20.25,51.72,290.9,0,normal,0
27760,20.37,51.66,292.5,0,normal,0
27762,20.33,51.83,291.4,0,normal,0
27764,20.33,51.58,289.9,0,normal,0
27766,20.23,51.9,296.9,0,normal,0
27768,20.1,51.79,298.0,0,normal,0
27770,20.2,51.87,293.3,0,normal,0
27772,20.19,52.39,294.7,0,normal,0
27774,20.16,52.36,293.7,0,normal,0
27776,20.22,52.21,297.4,0,normal,0
27778,20.12,51.89,297.5,0,normal,0
27780,20.19,51.9,295.7,0,normal,0
27782,20.23,52.09,293.0,0,normal,0
27784,20.26,52.21,291.9,0,normal,0
27786,20.2,51.83,289.7,0,normal,0
27788,20.11,51.99,295.5,0,normal,0
27790,20.18,52.08,299.5,0,normal,0
27792,20.28,51.99,297.9,0,normal,0
27794,20.34,51.48,294.1,0,normal,0
27796,20.42,51.49,294.6,0,normal,0
27798,20.44,51.27,299.8,0,normal,0
27800,20.39,51.51,295.4,0,normal,0
27802,20.49,51.37,299.3,0,normal,0
27804,20.53,51.34,297.7,0,normal,0
27806,20.63,51.5,299.1,0,normal,0
27808,20.56,51.69,294.3,0,normal,0
27810,20.56,51.56,289.8,0,normal,0
27812,20.63,51.55,294.4,0,normal,0
27814,20.54,51.59,296.1,0,normal,0
27816,20.58,51.47,294.9,0,normal,0
27818,20.56,51.31,292.0,0,normal,0
27820,20.45,51.25,297.8,0,normal,0
27822,20.3,51.2,298.4,0,normal,0
27824,20.36,51.25,297.3,0,normal,0
27826,20.26,51.51,296.4,0,normal,0
27828,20.36,51.48,301.3,0,normal,0
27830,20.38,51.48,299.1,0,normal,0
27832,20.35,51.48,292.3,0,normal,0
27834,20.42,51.32,293.3,0,normal,0
27836,20.47,51.19,293.1,0,normal,0
27838,20.46,51.16,291.9,0,normal,0
27840,20.39,51.67,292.7,0,normal,0
27842,20.26,51.67,292.2,0,normal,0
27844,20.3,51.82,293.0,0,normal,0
27846,20.24,51.9,290.6,0,normal,0
27848,20.16,52.08,291.2,0,normal,0
27850,20.19,51.91,293.6,0,normal,0
27852,20.13,51.67,300.6,0,normal,0
27854,20.3,51.7,300.4,0,normal,0
27856,20.12,51.74,294.4,0,normal,0
27858,20.22,51.98,290.6,0,normal,0
27860,20.19,51.9,292.2,0,normal,0
27862,20.03,51.53,293.6,0,normal,0
27864,20.15,51.4,295.3,0,normal,0
27866,20.09,51.53,292.3,0,normal,0
27868,20.33,51.75,292.5,0,normal,0
27870,20.22,51.76,295.9,0,normal,0
27872,20.2,51.79,293.1,0,normal,0
27874,20.3,51.72,295.2,0,normal,0
27876,20.26,51.68,289.8,0,normal,0
27878,20.48,51.75,291.2,0,normal,0
27880,20.51,51.67,297.9,0,normal,0
27882,20.4,51.13,291.9,0,normal,0
27884,20.41,51.33,297.1,0,normal,0
27886,20.32,51.24,300.7,0,normal,0
27888,20.43,50.87,301.3,0,normal,0
27890,20.53,50.69,300.2,0,normal,0
27892,20.57,50.85,299.5,0,normal,0
27894,20.47,51.38,300.3,0,normal,0
27896,20.47,51.66,295.8,1,normal,0
27898,20.58,51.68,298.0,0,normal,0
27900,20.51,51.53,299.1,0,normal,0
27902,20.41,51.34,294.6,0,normal,0
27904,20.33,51.67,300.3,0,normal,0
27906,20.43,51.58,300.1,0,normal,0
27908,20.53,51.71,296.7,0,normal,0
27910,20.41,51.58,294.2,0,normal,0
27912,20.32,51.47,296.2,0,normal,0
27914,20.22,51.43,293.6,0,normal,0
27916,20.3,51.52,295.2,0,normal,0
27918,20.25,51.38,295.4,0,normal,0
27920,20.33,51.74,291.5,1,normal,0
27922,20.39,51.6,290.7,0,normal,0
27924,20.38,51.81,293.5,0,normal,0
27926,20.52,51.9,294.9,0,normal,0
27928,20.47,51.94,293.3,0,normal,0
27930,20.54,52.05,290.4,0,normal,0
27932,20.49,52.09,288.4,0,normal,0
27934,20.44,51.78,291.3,0,normal,0
27936,20.38,51.85,294.6,0,normal,0
27938,20.49,52.24,295.9,0,normal,0
27940,20.55,52.24,296.2,0,normal,0
27942,20.6,51.66,295.7,0,normal,0
27944,20.63,51.64,295.6,0,normal,0
27946,20.6,51.89,293.0,0,normal,0
27948,20.68,51.99,293.1,0,normal,0
27950,20.73,51.67,293.7,0,normal,0
27952,20.72,51.76,288.3,0,normal,0
27954,20.93,51.89,286.8,0,normal,0
27956,20.9,51.38,291.6,0,normal,0
27958,20.78,51.47,292.3,0,normal,0
27960,20.7,51.74,292.1,0,normal,0
27962,20.75,51.53,292.8,0,normal,0
27964,20.84,51.83,294.3,0,normal,0
27966,20.94,51.6,294.6,0,normal,0
27968,20.99,51.82,297.3,0,normal,0
27970,20.9,51.76,296.2,0,normal,0
27972,20.86,51.8,294.0,0,normal,0
27974,20.94,51.82,290.0,0,normal,0
27976,20.89,52.06,291.4,0,normal,0
27978,20.94,52.02,286.8,0,normal,0
27980,21.03,51.81,291.3,0,normal,0
27982,21.06,51.73,294.5,0,normal,0
27984,21.13,51.64,296.7,1,normal,0
27986,21.09,52.02,298.5,0,normal,0
27988,21.11,51.71,299.0,0,normal,0
27990,20.85,51.76,298.2,0,normal,0
27992,20.9,51.87,292.8,0,normal,0
27994,20.96,51.78,292.9,0,normal,0
27996,20.9,51.59,294.5,0,normal,0
27998,20.95,51.77,294.9,0,normal,0
28000,21.02,51.79,296.4,0,normal,0
28002,21.0,51.75,300.4,0,normal,0
28004,20.99,51.94,303.0,0,normal,0
28006,20.89,52.05,302.9,0,normal,0
28008,20.85,52.07,300.3,0,normal,0
28010,20.79,51.9,296.6,0,normal,0
28012,20.75,51.94,296.4,0,normal,0
28014,20.65,51.62,292.8,0,normal,0
28016,20.72,51.6,295.2,0,normal,0
28018,20.74,51.94,293.9,0,normal,0
28020,20.66,52.13,291.9,0,normal,0
28022,20.65,52.19,289.6,0,normal,0
28024,20.67,52.03,291.9,0,normal,0
28026,20.68,52.13,300.5,0,normal,0
28028,20.63,52.18,306.2,0,normal,0
28030,20.61,52.15,303.6,0,normal,0
28032,20.63,52.36,300.8,0,normal,0
28034,20.6,52.38,296.6,1,normal,0
28036,20.53,52.43,296.4,0,normal,0
28038,20.49,52.18,297.2,0,normal,0
28040,20.56,52.33,292.3,0,normal,0
28042,20.55,52.11,294.6,0,normal,0
28044,20.57,52.01,290.3,0,normal,0
28046,20.62,52.11,293.2,0,normal,0
28048,20.61,52.12,298.1,0,normal,0
28050,20.63,51.93,293.9,0,normal,0
28052,20.55,51.63,287.0,0,normal,0
28054,20.42,51.95,285.8,0,normal,0
28056,20.52,51.67,290.6,0,normal,0
28058,20.42,51.37,291.1,0,normal,0
28060,20.35,51.11,290.2,0,normal,0
28062,20.37,51.29,293.1,0,normal,0
28064,20.45,51.36,293.4,0,normal,0
28066,20.43,51.56,297.7,0,normal,0
28068,20.42,51.56,290.9,0,normal,0
28070,20.43,51.07,293.2,0,normal,0
28072,20.36,51.19,294.7,0,normal,0
28074,20.47,51.29,298.3,0,normal,0
28076,20.62,51.65,298.0,0,normal,0
28078,20.62,51.55,299.7,0,normal,0
28080,20.61,51.44,294.9,0,normal,0
28082,20.64,51.31,296.8,0,normal,0
28084,20.64,51.25,292.5,0,normal,0
28086,20.59,51.26,290.7,0,normal,0
28088,20.58,51.38,285.2,0,normal,0
28090,20.6,51.49,290.0,0,normal,0
28092,20.65,51.26,296.4,0,normal,0
28094,20.5,51.14,291.1,0,normal,0
28096,20.46,51.41,293.2,0,normal,0
28098,20.47,51.48,294.4,0,normal,0
28100,20.43,51.47,297.7,0,normal,0
28102,20.51,51.57,296.1,0,normal,0
28104,20.54,51.38,294.6,0,normal,0
28106,20.44,51.22,293.3,0,normal,0
28108,20.54,51.34,294.4,0,normal,0
28110,20.45,51.21,291.9,0,normal,0
28112,20.48,51.22,289.4,0,normal,0
28114,20.5,50.91,296.9,0,normal,0
28116,20.56,51.01,298.0,0,normal,0
28118,20.52,50.78,302.3,0,normal,0
28120,20.48,50.73,303.8,0,normal,0
28122,20.51,50.63,303.7,0,normal,0
28124,20.46,50.7,302.3,1,normal,0
28126,20.41,50.47,299.3,0,normal,0
28128,20.48,50.8,299.1,0,normal,0
28130,20.32,50.79,301.9,0,normal,0
28132,20.44,51.03,297.3,0,normal,0
28134,20.38,50.88,293.3,0,normal,0
28136,20.47,50.89,300.1,0,normal,0
28138,20.46,50.95,301.1,0,normal,0
28140,20.44,50.97,296.3,0,normal,0
28142,20.33,50.79,301.4,0,normal,0
28144,20.42,51.02,298.3,0,normal,0
28146,20.3,50.9,299.4,0,normal,0
28148,20.25,51.15,295.2,1,normal,0
28150,20.24,51.08,294.9,0,normal,0
28152,20.09,51.35,297.7,0,normal,0
28154,20.19,51.43,295.8,0,normal,0
28156,20.32,51.54,296.5,0,normal,0
28158,20.37,51.47,297.4,0,normal,0
28160,20.35,50.98,298.8,0,normal,0
28162,20.51,50.92,300.0,0,normal,0
28164,20.53,51.06,298.5,0,normal,0
28166,20.55,50.81,297.0,0,normal,0
28168,20.58,50.74,296.3,0,normal,0
28170,20.55,50.92,294.7,0,normal,0
28172,20.57,50.7,294.1,0,normal,0
28174,20.42,50.71,289.6,0,normal,0
28176,20.45,50.44,295.5,0,normal,0
28178,20.38,50.38,297.2,0,normal,0
28180,20.5,50.69,291.4,0,normal,0
28182,20.52,50.84,292.8,0,normal,0
28184,20.57,51.07,296.5,0,normal,0
28186,20.53,50.83,291.8,0,normal,0
28188,20.61,51.12,291.0,0,normal,0
28190,20.62,51.12,286.7,0,normal,0
28192,20.61,50.81,288.0,0,normal,0
28194,20.65,50.78,288.4,0,normal,0
28196,20.59,51.11,292.1,0,normal,0
28198,20.74,51.04,295.6,0,normal,0
28200,20.64,50.82,295.7,0,normal,0
28202,20.65,50.64,292.3,0,normal,0
28204,20.71,50.8,292.2,0,normal,0
28206,20.82,50.96,291.1,0,normal,0
28208,20.71,50.97,292.1,0,normal,0
28210,20.58,51.08,296.2,0,normal,0
28212,20.55,51.16,295.7,0,normal,0
28214,20.64,51.11,294.4,0,normal,0
28216,20.62,50.99,296.5,0,normal,0
28218,20.64,51.04,297.0,0,normal,0
28220,20.62,51.45,303.8,0,normal,0
28222,20.63,51.14,301.2,0,normal,0
28224,20.61,50.94,296.4,0,normal,0
28226,20.68,50.94,290.2,0,normal,0
28228,20.63,51.04,288.6,0,normal,0
28230,20.81,51.7,287.1,0,normal,0
28232,20.72,52.06,286.4,0,normal,0
28234,20.72,52.13,285.1,0,normal,0
28236,20.73,51.99,287.9,0,normal,0
28238,20.71,51.78,290.4,0,normal,0
28240,20.66,51.62,293.2,0,normal,0
28242,20.8,51.42,296.5,0,normal,0
28244,20.7,51.33,296.8,0,normal,0
28246,20.47,51.34,297.3,0,normal,0
28248,20.61,51.77,298.0,0,normal,0
28250,20.59,51.49,290.1,0,normal,0
28252,20.68,51.54,293.9,0,normal,0
28254,20.78,51.48,291.5,1,normal,0
28256,20.88,51.7,297.7,0,normal,0
28258,20.83,51.45,296.2,0,normal,0
28260,20.72,51.3,293.1,0,normal,0
28262,20.73,51.18,294.8,0,normal,0
28264,20.81,51.14,297.0,0,normal,0
28266,20.93,51.07,296.7,0,normal,0
28268,20.75,51.17,295.1,0,normal,0
28270,20.82,51.01,287.7,0,normal,0
28272,20.97,51.25,288.6,0,normal,0
28274,21.13,51.15,287.5,0,normal,0
28276,21.26,50.91,289.6,0,normal,0
28278,21.18,51.16,292.4,0,normal,0
28280,21.06,51.06,296.2,0,normal,0
28282,21.04,50.81,298.9,0,normal,0
28284,21.05,50.76,292.0,0,normal,0
28286,21.0,50.8,294.9,0,normal,0
28288,20.95,50.47,298.7,0,normal,0
28290,20.99,50.78,303.4,0,normal,0
28292,20.97,50.99,303.7,0,normal,0
28294,20.97,51.08,300.9,0,normal,0
28296,21.09,51.27,297.1,0,normal,0
28298,21.11,51.11,296.8,0,normal,0
28300,21.01,51.16,296.4,0,normal,0
28302,21.18,51.1,295.9,0,normal,0
28304,21.17,51.25,298.1,0,normal,0
28306,21.24,51.29,299.2,0,normal,0
28308,21.17,51.39,299.6,0,normal,0
28310,21.04,51.34,302.3,0,normal,0
28312,21.11,51.05,300.2,0,normal,0
28314,21.03,51.1,297.7,0,normal,0
28316,21.0,51.1,297.8,0,normal,0
28318,20.95,51.01,301.4,0,normal,0
28320,21.0,50.95,302.9,0,normal,0
28322,21.03,51.15,299.6,0,normal,0
28324,20.97,51.08,298.8,0,normal,0
28326,20.89,51.08,299.0,0,normal,0
28328,20.83,51.13,295.3,0,normal,0
28330,21.05,50.96,291.5,0,normal,0
28332,21.1,51.29,292.6,0,normal,0
28334,21.03,51.61,291.0,0,normal,0
28336,21.03,51.46,290.6,0,normal,0
28338,21.0,51.28,298.0,0,normal,0
28340,20.99,50.9,301.1,0,normal,0
28342,21.02,50.55,296.5,0,normal,0
28344,20.99,50.25,299.7,0,normal,0
28346,20.88,50.18,300.3,0,normal,0
28348,20.9,50.06,301.9,0,normal,0
28350,21.06,50.44,298.5,0,normal,0
28352,21.13,50.28,293.3,0,normal,0
28354,21.19,50.49,293.7,0,normal,0
28356,21.19,50.59,294.3,0,normal,0
28358,21.18,50.76,292.0,0,normal,0
28360,21.17,51.02,291.6,0,normal,0
28362,21.22,50.91,294.3,0,normal,0
28364,21.23,50.73,296.0,0,normal,0
28366,21.19,50.53,294.3,0,normal,0
28368,21.14,50.27,292.5,0,normal,0
28370,21.11,50.01,296.8,0,normal,0
28372,21.09,49.58,296.2,0,normal,0
28374,21.13,49.94,293.0,0,normal,0
28376,21.05,49.49,296.0,0,normal,0
28378,21.13,49.71,297.4,0,normal,0
28380,21.23,49.79,294.4,0,normal,0
28382,21.23,49.89,293.7,0,normal,0
28384,21.37,50.16,291.7,0,normal,0
28386,21.26,50.33,293.7,0,normal,0
28388,21.05,50.19,298.9,0,normal,0
28390,21.0,50.09,299.9,0,normal,0
28392,21.0,50.13,294.6,0,normal,0
28394,20.87,50.34,296.5,0,normal,0
28396,20.99,50.42,294.7,0,normal,0
28398,20.91,50.27,289.2,1,normal,0
28400,20.73,50.33,292.4,0,normal,0
28402,20.89,51.04,292.6,0,normal,0
28404,20.83,50.68,292.4,0,normal,0
28406,20.85,50.39,294.1,0,normal,0
28408,20.9,50.36,293.8,0,normal,0
28410,20.79,50.72,295.9,0,normal,0
28412,20.8,50.77,301.9,0,normal,0
28414,20.65,51.06,300.9,0,normal,0
28416,20.68,50.95,302.8,0,normal,0
28418,20.72,50.88,292.3,0,normal,0
28420,20.71,50.85,294.3,0,normal,0
28422,20.75,51.13,293.3,0,normal,0
28424,20.69,50.95,291.4,0,normal,0
28426,20.6,50.9,298.4,0,normal,0
28428,20.68,50.89,298.9,0,normal,0
28430,20.77,50.72,293.9,0,normal,0
28432,20.81,50.73,297.9,1,normal,0
28434,20.77,50.58,299.2,0,normal,0
28436,20.72,50.73,294.3,0,normal,0
28438,20.77,50.78,293.2,0,normal,0
28440,20.81,50.56,296.3,0,normal,0
28442,20.76,50.71,295.5,0,normal,0
28444,20.67,51.04,295.0,0,normal,0
28446,20.75,51.32,294.8,0,normal,0
28448,20.89,50.88,294.1,0,normal,0
28450,21.03,50.76,294.0,0,normal,0
28452,21.03,50.86,294.4,0,normal,0
28454,20.96,50.95,301.9,0,normal,0
28456,20.96,51.39,299.9,0,normal,0
28458,20.81,51.14,297.6,0,normal,0
28460,20.83,50.87,299.2,0,normal,0
28462,20.78,51.1,296.9,0,normal,0
28464,20.76,50.6,292.5,0,normal,0
28466,20.7,50.59,290.0,0,normal,0
28468,20.83,50.66,292.8,0,normal,0
28470,20.71,51.25,297.7,0,normal,0
28472,20.75,51.14,291.7,0,normal,0
28474,20.7,51.47,291.6,0,normal,0
28476,20.68,51.65,299.7,0,normal,0
28478,20.77,51.73,301.4,0,normal,0
28480,20.81,51.23,298.2,0,normal,0
28482,20.79,51.67,297.3,0,normal,0
28484,20.89,51.39,290.0,0,normal,0
28486,20.9,51.5,297.2,0,normal,0
28488,20.95,51.44,299.9,0,normal,0
28490,20.98,51.65,303.0,0,normal,0
28492,20.96,51.45,303.5,0,normal,0
28494,20.98,51.5,304.6,0,normal,0
28496,21.0,51.56,302.6,0,normal,0
28498,21.03,51.86,298.2,0,normal,0
28500,20.99,51.71,297.4,0,normal,0
28502,21.1,51.12,296.9,0,normal,0
28504,21.17,51.05,300.2,0,normal,0
28506,21.15,50.79,299.7,0,normal,0
28508,21.24,50.63,296.7,0,normal,0
28510,21.21,50.9,295.0,0,normal,0
28512,21.15,50.55,294.0,0,normal,0
28514,21.17,50.57,298.9,0,normal,0
28516,21.17,50.75,300.4,0,normal,0
28518,21.12,50.55,296.1,0,normal,0
28520,21.14,50.57,297.4,0,normal,0
28522,21.15,50.49,298.9,0,normal,0
28524,21.08,50.48,304.8,0,normal,0
28526,21.06,50.34,302.7,0,normal,0
28528,21.23,50.45,304.2,0,normal,0
28530,21.23,50.43,301.0,0,normal,0
28532,21.25,50.53,298.2,0,normal,0
28534,21.16,50.21,296.0,0,normal,0
28536,21.27,50.17,294.8,0,normal,0
28538,21.24,50.33,293.6,0,normal,0
28540,21.18,50.54,290.9,0,normal,0
28542,21.14,50.31,290.7,0,normal,0
28544,21.23,50.43,296.2,0,normal,0
28546,21.19,50.42,297.5,0,normal,0
28548,21.09,50.28,298.5,0,normal,0
28550,21.19,50.04,294.3,0,normal,0
28552,21.18,49.99,299.3,0,normal,0
28554,21.03,50.15,298.2,0,normal,0
28556,21.11,50.24,297.1,0,normal,0
28558,21.12,49.99,297.4,0,normal,0
28560,21.1,50.09,298.4,0,normal,0
28562,21.02,50.19,298.7,0,normal,0
28564,21.11,50.13,295.2,0,normal,0
28566,21.19,49.94,300.1,0,normal,0
28568,21.17,49.97,294.3,0,normal,0
28570,21.23,49.83,294.5,0,normal,0
28572,21.34,49.82,293.2,0,normal,0
28574,21.43,50.1,296.4,0,normal,0
28576,21.47,50.21,296.9,0,normal,0
28578,21.37,50.08,301.1,0,normal,0
28580,21.39,50.04,296.1,0,normal,0
28582,21.35,50.46,297.0,0,normal,0
28584,21.42,50.6,296.6,0,normal,0
28586,21.52,50.98,298.8,0,normal,0
28588,21.51,50.72,296.8,0,normal,0
28590,21.6,50.94,301.3,0,normal,0
28592,21.76,50.64,300.1,0,normal,0
28594,21.74,50.79,297.6,0,normal,0
28596,21.74,51.13,299.2,0,normal,0
28598,21.69,51.11,302.5,0,normal,0
28600,21.76,50.99,302.4,0,normal,0
28602,21.69,51.31,299.7,0,normal,0
28604,21.56,51.17,302.5,0,normal,0
28606,21.68,51.3,302.2,0,normal,0
28608,21.62,51.35,301.3,0,normal,0
28610,21.71,51.25,301.1,1,normal,0
28612,21.73,51.23,302.8,0,normal,0
28614,21.74,50.86,299.3,0,normal,0
28616,21.85,50.76,303.5,0,normal,0
28618,21.8,50.94,304.7,0,normal,0
28620,21.89,50.63,301.4,0,normal,0
28622,22.01,50.59,303.0,0,normal,0
28624,21.89,50.41,300.3,0,normal,0
28626,22.07,50.25,298.5,0,normal,0
28628,22.06,50.32,297.5,0,normal,0
28630,22.12,50.58,297.8,0,normal,0
28632,21.96,50.64,298.6,0,normal,0
28634,21.85,50.8,300.9,0,normal,0
28636,21.87,50.94,298.5,0,normal,0
28638,21.7,50.71,294.8,0,normal,0
28640,21.63,50.3,291.0,0,normal,0
28642,21.6,50.06,298.3,0,normal,0
28644,21.86,50.4,301.3,0,normal,0
28646,21.83,50.86,301.5,0,normal,0
28648,21.74,50.94,291.7,0,normal,0
28650,21.59,50.79,295.6,0,normal,0
28652,21.54,50.76,300.4,0,normal,0
28654,21.52,50.35,299.5,0,normal,0
28656,21.39,50.17,302.3,0,normal,0
28658,21.49,50.27,297.5,0,normal,0
28660,21.57,50.15,300.3,0,normal,0
28662,21.54,50.01,304.2,0,normal,0
28664,21.55,49.87,300.3,0,normal,0
28666,21.79,49.69,297.5,0,normal,0
28668,21.68,49.73,297.6,0,normal,0
28670,21.82,49.84,300.4,0,normal,0
28672,21.77,49.9,299.2,0,normal,0
28674,21.7,50.2,298.8,0,normal,0
28676,21.54,50.01,301.9,0,normal,0
28678,21.63,49.82,305.3,0,normal,0
28680,21.56,49.96,304.4,0,normal,0
28682,21.57,50.15,299.0,0,normal,0
28684,21.59,50.1,292.5,0,normal,0
28686,21.52,50.14,295.6,0,normal,0
28688,21.47,50.05,298.0,0,normal,0
28690,21.36,49.85,296.5,0,normal,0
28692,21.57,49.59,296.8,0,normal,0
28694,21.52,49.55,297.2,0,normal,0
28696,21.59,49.98,295.4,0,normal,0
28698,21.62,49.89,296.2,0,normal,0
28700,21.66,50.17,297.9,0,normal,0
28702,21.82,50.18,302.3,0,normal,0
28704,21.71,50.1,300.6,0,normal,0
28706,21.66,50.18,305.6,0,normal,0
28708,21.57,50.16,300.6,0,normal,0
28710,21.73,50.1,298.9,0,normal,0
28712,21.65,50.23,299.4,0,normal,0
28714,21.64,49.87,302.8,0,normal,0
28716,21.78,49.75,303.1,0,normal,0
28718,21.72,49.83,300.4,0,normal,0
28720,21.74,49.9,296.3,0,normal,0
28722,21.73,49.92,298.1,0,normal,0
28724,21.59,50.08,294.0,0,normal,0
28726,21.67,50.02,292.5,0,normal,0
28728,21.7,50.23,295.6,0,normal,0
28730,21.62,50.24,297.0,0,normal,0
28732,21.63,49.98,296.2,0,normal,0
28734,21.58,49.96,299.8,0,normal,0
28736,21.68,50.06,297.6,0,normal,0
28738,21.75,50.2,293.0,0,normal,0
28740,21.69,50.08,296.6,0,normal,0
28742,21.51,49.65,295.9,0,normal,0
28744,21.56,49.53,298.4,0,normal,0
28746,21.68,49.66,302.4,0,normal,0
28748,21.72,49.97,300.9,0,normal,0
28750,21.81,49.98,302.6,0,normal,0
28752,21.83,49.95,301.6,0,normal,0
28754,21.78,49.83,299.1,0,normal,0
28756,21.74,49.5,295.6,0,normal,0
28758,21.77,49.69,295.3,0,normal,0
28760,21.88,50.27,298.4,0,normal,0
28762,21.92,50.3,294.7,0,normal,0
28764,21.94,50.15,298.3,0,normal,0
28766,22.04,50.17,301.6,0,normal,0
28768,22.04,50.0,303.4,0,normal,0
28770,22.07,50.26,302.9,0,normal,0
28772,22.18,50.22,300.1,0,normal,0
28774,22.1,50.05,300.5,0,normal,0
28776,22.03,50.11,304.3,0,normal,0
28778,22.1,49.91,306.7,0,normal,0
28780,22.05,50.0,299.0,0,normal,0
28782,21.94,49.98,302.0,0,normal,0
28784,21.94,49.76,300.8,0,normal,0
28786,22.07,49.6,303.0,0,normal,0
28788,21.98,49.7,304.1,0,normal,0
28790,21.9,49.75,301.5,0,normal,0
28792,21.94,50.12,299.9,0,normal,0
28794,21.97,50.34,298.2,0,normal,0
28796,21.94,50.22,298.0,0,normal,0
28798,21.96,49.96,294.0,0,normal,0
28800,21.89,50.02,297.4,0,normal,0
28802,22.06,50.01,295.3,0,normal,0
28804,22.08,50.01,294.1,0,normal,0
28806,21.98,49.87,298.5,0,normal,0
28808,22.14,49.61,295.2,0,normal,0
28810,22.23,49.64,292.3,0,normal,0
28812,22.21,49.26,294.6,0,normal,0
28814,22.25,49.24,301.6,0,normal,0
28816,22.31,48.98,310.1,0,normal,0
28818,22.26,48.87,307.9,0,normal,0
28820,22.24,49.08,304.4,0,normal,0
28822,22.3,48.9,302.3,0,normal,0
28824,22.21,48.87,304.0,0,normal,0
28826,22.13,49.27,302.2,0,normal,0
28828,22.05,49.48,302.1,0,normal,0
28830,22.06,49.35,298.3,0,normal,0
28832,22.0,49.48,302.0,0,normal,0
28834,22.01,49.5,301.4,0,normal,0
28836,22.02,49.48,300.5,0,normal,0
28838,22.09,49.6,296.4,0,normal,0
28840,21.92,49.31,296.3,0,normal,0
28842,22.05,49.33,296.7,0,normal,0
28844,22.19,49.61,290.2,0,normal,0
28846,22.24,49.74,291.1,0,normal,0
28848,22.07,49.87,290.2,0,normal,0
28850,22.11,49.52,290.2,0,normal,0
28852,22.13,49.76,294.5,0,normal,0
28854,21.94,49.81,302.3,0,normal,0
28856,21.89,49.45,295.2,0,normal,0
28858,21.93,49.37,298.1,0,normal,0
28860,21.74,49.47,298.4,0,normal,0
28862,21.85,49.7,301.9,0,normal,0
28864,21.86,49.6,298.6,0,normal,0
28866,22.03,49.19,301.0,0,normal,0
28868,22.07,49.27,305.3,0,normal,0
28870,22.02,49.19,300.4,0,normal,0
28872,22.09,49.05,303.2,0,normal,0
28874,22.01,49.0,300.9,0,normal,0
28876,21.94,49.17,299.9,0,normal,0
28878,22.08,49.42,298.7,0,normal,0
28880,22.14,49.74,301.4,0,normal,0
28882,22.14,49.77,305.0,0,normal,0
28884,22.11,49.45,302.8,0,normal,0
28886,22.23,49.45,299.3,0,normal,0
28888,22.16,49.59,302.3,0,normal,0
28890,22.2,49.68,300.7,0,normal,0
28892,22.24,49.86,304.6,0,normal,0
28894,22.44,49.52,306.2,0,normal,0
28896,22.39,49.53,305.2,0,normal,0
28898,22.55,49.73,307.7,0,normal,0
28900,22.65,49.74,302.2,0,normal,0
28902,22.55,49.41,306.6,0,normal,0
28904,22.5,49.47,311.4,0,normal,0
28906,22.48,49.33,311.4,0,normal,0
28908,22.44,49.14,309.2,0,normal,0
28910,22.4,49.23,307.7,0,normal,0
28912,22.43,49.44,305.2,0,normal,0
28914,22.27,48.94,309.6,0,normal,0
28916,22.15,49.37,306.0,0,normal,0
28918,22.24,49.28,308.8,0,normal,0
28920,22.4,49.58,303.2,0,normal,0
28922,22.31,49.69,303.6,0,normal,0
28924,22.28,49.65,305.0,0,normal,0
28926,22.26,49.49,305.9,0,normal,0
28928,22.18,49.57,306.1,0,normal,0
28930,22.29,49.75,307.2,0,normal,0
28932,22.48,49.57,306.3,0,normal,0
28934,22.43,49.88,304.9,0,normal,0
28936,22.45,49.87,300.2,0,normal,0
28938,22.42,49.96,305.2,0,normal,0
28940,22.43,49.82,298.8,0,normal,0
28942,22.28,49.66,297.7,0,normal,0
28944,22.42,49.88,303.0,0,normal,0
28946,22.44,49.93,301.2,0,normal,0
28948,22.46,49.87,301.4,0,normal,0
28950,22.47,49.9,300.7,0,normal,0
28952,22.61,50.0,301.8,0,normal,0
28954,22.52,50.02,303.8,0,normal,0
28956,22.42,49.85,304.3,0,normal,0
28958,22.34,49.86,302.3,0,normal,0
28960,22.41,50.06,305.9,0,normal,0
28962,22.53,50.12,297.6,0,normal,0
28964,22.65,50.16,298.5,0,normal,0
28966,22.74,50.11,297.9,0,normal,0
28968,22.54,49.93,294.0,0,normal,0
28970,22.65,49.74,293.4,0,normal,0
28972,22.72,49.56,296.7,0,normal,0
28974,22.72,49.28,299.7,0,normal,0
28976,22.63,48.91,305.3,0,normal,0
28978,22.52,48.72,299.7,0,normal,0
28980,22.56,48.91,301.8,0,normal,0
28982,22.55,49.33,304.7,0,normal,0
28984,22.43,49.71,299.4,0,normal,0
28986,22.47,49.56,303.4,0,normal,0
28988,22.56,49.21,302.8,0,normal,0
28990,22.45,49.35,305.0,0,normal,0
28992,22.43,49.53,301.7,0,normal,0
28994,22.34,49.75,304.2,0,normal,0
28996,22.4,49.82,303.7,0,normal,0
28998,22.37,49.65,302.4,0,normal,0
29000,22.38,49.47,308.7,0,normal,0
29002,22.36,48.84,305.3,0,normal,0
29004,22.43,48.36,303.8,0,normal,0
29006,22.52,48.29,302.1,0,normal,0
29008,22.61,48.33,297.4,0,normal,0
29010,22.59,48.37,302.2,0,normal,0
29012,22.59,48.17,299.4,0,normal,0
29014,22.57,48.55,299.5,0,normal,0
29016,22.56,48.95,301.7,0,normal,0
29018,22.56,49.14,297.2,0,normal,0
29020,22.45,49.16,296.3,0,normal,0
29022,22.37,49.05,291.8,0,normal,0
29024,22.41,49.22,290.0,0,normal,0
29026,22.24,49.29,295.9,0,normal,0
29028,22.2,49.21,291.2,0,normal,0
29030,22.28,49.17,301.8,0,normal,0
29032,22.33,49.58,306.0,0,normal,0
29034,22.4,49.16,307.6,0,normal,0
29036,22.38,49.2,309.6,0,normal,0
29038,22.43,49.32,307.1,0,normal,0
29040,22.38,49.36,310.3,0,normal,0
29042,22.45,49.32,302.5,0,normal,0
29044,22.5,49.26,302.1,0,normal,0
29046,22.47,49.32,301.7,0,normal,0
29048,22.37,49.3,299.0,0,normal,0
29050,22.31,49.19,300.0,0,normal,0
29052,22.36,49.42,299.0,1,normal,0
29054,22.41,49.49,297.9,0,normal,0
29056,22.42,49.32,302.0,0,normal,0
29058,22.4,48.86,299.0,0,normal,0
29060,22.39,49.07,305.3,0,normal,0
29062,22.34,49.57,301.1,0,normal,0
29064,22.23,49.78,304.1,0,normal,0
29066,22.35,49.74,299.2,0,normal,0
29068,22.43,49.61,303.4,0,normal,0
29070,22.53,49.0,306.5,0,normal,0
29072,22.46,48.87,304.4,0,normal,0
29074,22.62,49.21,299.1,0,normal,0
29076,22.64,48.78,301.1,0,normal,0
29078,22.69,49.17,301.8,0,normal,0
29080,22.63,48.91,307.7,0,normal,0
29082,22.57,48.99,307.0,0,normal,0
29084,22.61,49.1,305.5,0,normal,0
29086,22.63,49.15,303.9,0,normal,0
29088,22.61,49.2,306.6,0,normal,0
29090,22.68,49.15,301.6,0,normal,0
29092,22.58,48.96,299.2,0,normal,0
29094,22.56,49.31,306.4,0,normal,0
29096,22.66,49.35,308.1,0,normal,0
29098,22.7,49.45,303.8,0,normal,0
29100,22.8,49.4,299.4,0,normal,0
29102,22.76,49.39,303.7,0,normal,0
29104,22.82,48.97,302.6,0,normal,0
29106,22.88,48.87,299.6,0,normal,0
29108,22.81,49.14,299.4,0,normal,0
29110,22.82,49.12,300.8,0,normal,0
29112,22.89,49.15,309.1,0,normal,0
29114,22.96,48.8,306.4,0,normal,0
29116,23.01,48.59,303.2,0,normal,0
29118,22.8,48.57,299.7,0,normal,0
29120,22.82,48.33,299.7,0,normal,0
29122,22.89,48.25,300.2,0,normal,0
29124,22.76,48.34,299.5,0,normal,0
29126,22.78,48.33,303.2,0,normal,0
29128,22.83,48.74,301.5,0,normal,0
29130,22.92,48.89,296.3,0,normal,0
29132,22.9,48.94,300.1,0,normal,0
29134,22.89,49.05,299.3,0,normal,0
29136,22.95,49.1,305.8,0,normal,0
29138,22.91,49.3,302.4,0,normal,0
29140,22.98,49.59,303.4,0,normal,0
29142,23.01,49.64,307.3,1,normal,0
29144,23.02,49.27,309.9,0,normal,0
29146,22.97,48.92,311.7,0,normal,0
29148,22.97,49.13,310.4,0,normal,0
29150,22.95,49.37,313.1,0,normal,0
29152,23.04,49.11,311.0,0,normal,0
29154,22.96,48.81,313.4,0,normal,0
29156,22.86,48.9,309.8,0,normal,0
29158,22.8,48.52,309.7,0,normal,0
29160,22.92,48.71,305.3,0,normal,0
29162,22.96,48.61,300.2,0,normal,0
29164,23.01,48.27,299.1,0,normal,0
29166,22.96,48.42,302.4,0,normal,0
29168,23.02,48.79,299.9,0,normal,0
29170,23.04,48.58,301.3,0,normal,0
29172,22.92,49.11,305.4,0,normal,0
29174,22.89,49.06,303.2,0,normal,0
29176,22.92,49.18,307.9,0,normal,0
29178,22.96,49.1,311.9,0,normal,0
29180,22.88,49.17,312.5,1,normal,0
29182,22.77,49.19,310.3,0,normal,0
29184,22.81,49.04,305.6,0,normal,0
29186,22.94,48.83,304.1,0,normal,0
29188,22.91,48.89,296.7,0,normal,0
29190,22.96,48.71,305.1,0,normal,0
29192,23.07,48.95,311.5,0,normal,0
29194,23.0,48.88,306.7,0,normal,0
29196,22.98,48.77,301.3,0,normal,0
29198,23.03,48.9,297.1,0,normal,0
29200,23.07,48.79,301.6,0,normal,0
29202,23.04,48.32,301.4,0,normal,0
29204,23.04,48.29,300.5,0,normal,0
29206,23.04,48.4,300.5,0,normal,0
29208,22.9,48.44,304.1,0,normal,0
29210,22.86,48.65,307.7,0,normal,0
29212,23.01,48.77,306.5,0,normal,0
29214,23.03,48.88,311.5,0,normal,0
29216,22.98,48.89,312.2,0,normal,0
29218,22.95,48.33,309.3,0,normal,0
29220,23.02,48.63,312.8,0,normal,0
29222,23.06,48.86,307.3,0,normal,0
29224,23.05,48.99,307.1,0,normal,0
29226,23.1,48.97,307.7,0,normal,0
29228,23.07,49.04,304.9,0,normal,0
29230,23.15,48.93,306.8,0,normal,0
29232,23.21,49.27,307.8,0,normal,0
29234,23.18,49.12,304.1,1,normal,0
29236,23.29,49.09,300.3,0,normal,0
29238,23.19,49.1,302.8,0,normal,0
29240,23.26,49.15,301.4,0,normal,0
29242,23.36,49.21,299.5,0,normal,0
29244,23.3,49.07,300.2,0,normal,0
29246,23.2,49.13,304.6,1,normal,0
29248,23.08,49.12,311.8,0,normal,0
29250,22.99,49.05,308.8,0,normal,0
29252,22.96,49.2,310.4,0,normal,0
29254,22.9,48.89,311.8,0,normal,0
29256,22.87,49.02,308.5,0,normal,0
29258,23.01,48.97,299.7,0,normal,0
29260,22.96,49.06,305.5,0,normal,0
29262,22.99,49.03,306.3,0,normal,0
29264,23.08,48.98,305.9,0,normal,0
29266,23.06,48.97,304.8,0,normal,0
29268,23.02,49.13,301.6,0,normal,0
29270,23.1,48.75,303.3,0,normal,0
29272,23.21,48.77,303.6,0,normal,0
29274,23.14,48.53,305.7,0,normal,0
29276,23.07,48.7,307.8,0,normal,0
29278,23.24,48.79,302.1,0,normal,0
29280,23.25,48.61,301.9,0,normal,0
29282,23.38,48.54,298.7,0,normal,0
29284,23.31,48.5,297.9,0,normal,0
29286,23.31,48.65,300.3,0,normal,0
29288,23.22,48.63,299.6,0,normal,0
29290,23.14,48.53,299.9,0,normal,0
29292,23.12,48.72,298.1,0,normal,0
29294,23.04,48.68,297.7,0,normal,0
29296,23.14,48.44,303.6,0,normal,0
29298,23.3,48.45,308.4,0,normal,0
29300,23.29,48.29,309.5,0,normal,0
29302,23.27,48.0,309.7,0,normal,0
29304,23.3,48.25,305.1,0,normal,0
29306,23.21,48.06,307.1,0,normal,0
29308,23.16,48.26,309.7,0,normal,0
29310,23.24,48.19,304.9,0,normal,0
29312,23.14,48.33,309.5,0,normal,0
29314,23.27,48.24,311.3,0,normal,0
29316,23.29,48.06,304.4,0,normal,0
29318,23.15,48.14,307.8,0,normal,0
29320,23.29,48.47,308.2,0,normal,0
29322,23.31,48.45,302.6,0,normal,0
29324,23.19,48.09,303.7,0,normal,0
29326,23.14,48.02,308.4,0,normal,0
29328,23.1,48.38,310.5,0,normal,0
29330,22.86,48.19,313.2,0,normal,0
29332,23.03,47.91,312.0,0,normal,0
29334,23.03,47.84,311.4,0,normal,0
29336,23.15,47.66,303.9,0,normal,0
29338,23.12,47.88,308.1,0,normal,0
29340,23.12,48.01,310.8,0,normal,0
29342,23.1,48.02,308.6,0,normal,0
29344,23.13,48.19,304.3,0,normal,0
29346,23.21,48.12,306.2,0,normal,0
29348,23.16,48.34,311.1,0,normal,0
29350,23.15,48.35,308.7,1,normal,0
29352,23.01,48.62,304.9,0,normal,0
29354,22.87,48.39,304.0,0,normal,0
29356,23.01,48.24,310.2,0,normal,0
29358,23.01,48.1,305.9,0,normal,0
29360,22.89,47.99,304.6,0,normal,0
29362,22.97,47.73,303.2,0,normal,0
29364,23.03,47.87,298.2,0,normal,0
29366,23.06,47.94,302.3,0,normal,0
29368,23.02,48.29,305.1,0,normal,0
29370,23.0,48.54,301.7,0,normal,0
29372,23.0,48.3,308.9,0,normal,0
29374,23.26,48.05,308.7,0,normal,0
29376,23.21,48.26,308.3,0,normal,0
29378,23.16,48.33,309.2,0,normal,0
29380,23.23,48.12,308.3,0,normal,0
29382,23.35,48.14,313.6,0,normal,0
29384,23.37,48.02,313.4,0,normal,0
29386,23.33,48.54,315.4,0,normal,0
29388,23.31,48.51,314.9,0,normal,0
29390,23.26,48.56,310.6,0,normal,0
29392,23.2,48.61,307.8,0,normal,0
29394,23.26,48.67,299.6,0,normal,0
29396,23.35,48.89,298.8,0,normal,0
29398,23.33,49.1,307.4,0,normal,0
29400,23.39,48.88,308.9,0,normal,0
29402,23.42,48.6,308.3,0,normal,0
29404,23.4,48.92,313.6,0,normal,0
29406,23.5,48.95,309.7,0,normal,0
29408,23.56,48.41,308.7,0,normal,0
29410,23.46,48.33,308.2,0,normal,0
29412,23.53,48.39,302.1,0,normal,0
29414,23.54,47.97,305.2,0,normal,0
29416,23.57,48.25,308.7,0,normal,0
29418,23.42,48.13,302.8,0,normal,0
29420,23.31,47.93,302.0,0,normal,0
29422,23.25,47.87,300.4,0,normal,0
29424,23.33,47.7,305.7,0,normal,0
29426,23.41,47.92,310.6,0,normal,0
29428,23.28,47.73,308.2,0,normal,0
29430,23.36,47.98,304.1,0,normal,0
29432,23.42,48.36,302.9,0,normal,0
29434,23.4,48.2,306.1,0,normal,0
29436,23.62,48.24,303.2,1,normal,0
29438,23.5,48.57,311.3,0,normal,0
29440,23.41,48.52,308.4,0,normal,0
29442,23.38,48.36,306.1,0,normal,0
29444,23.41,48.5,307.3,0,normal,0
29446,23.26,48.77,303.6,0,normal,0
29448,23.17,49.0,303.9,0,normal,0
29450,23.22,49.05,304.5,0,normal,0
29452,23.11,49.02,299.5,0,normal,0
29454,23.1,49.06,302.2,0,normal,0
29456,23.22,49.05,300.7,0,normal,0
29458,23.12,48.84,301.9,0,normal,0
29460,23.05,48.75,303.6,0,normal,0
29462,23.12,48.97,303.0,0,normal,0
29464,23.26,48.95,302.8,0,normal,0
29466,23.37,48.91,306.5,0,normal,0
29468,23.3,48.6,307.1,0,normal,0
29470,23.42,48.57,305.5,0,normal,0
29472,23.48,48.59,305.2,0,normal,0
29474,23.42,48.56,306.4,0,normal,0
29476,23.42,48.33,302.9,0,normal,0
29478,23.44,48.29,308.2,0,normal,0
29480,23.36,48.28,305.7,0,normal,0
29482,23.41,48.27,308.6,0,normal,0
29484,23.4,48.29,310.9,0,normal,0
29486,23.45,48.47,305.9,0,normal,0
29488,23.49,48.43,306.1,0,normal,0
29490,23.48,48.7,308.7,0,normal,0
29492,23.48,48.62,308.2,0,normal,0
29494,23.58,48.67,310.3,0,normal,0
29496,23.6,48.54,310.0,0,normal,0
29498,23.56,48.76,311.6,0,normal,0
29500,23.6,48.64,307.9,0,normal,0
29502,23.53,48.97,303.6,0,normal,0
29504,23.56,49.0,309.1,0,normal,0
29506,23.65,49.17,308.4,0,normal,0
29508,23.76,49.23,308.3,0,normal,0
29510,23.73,48.98,308.7,0,normal,0
29512,23.73,48.8,310.7,0,normal,0
29514,23.76,48.79,305.8,0,normal,0
29516,23.54,48.41,301.7,0,normal,0
29518,23.38,48.54,300.3,0,normal,0
29520,23.35,48.2,302.4,0,normal,0
29522,23.34,48.37,301.0,0,normal,0
29524,23.47,48.25,301.7,0,normal,0
29526,23.62,48.52,305.0,0,normal,0
29528,23.62,48.65,308.1,0,normal,0
29530,23.61,48.73,309.0,0,normal,0
29532,23.56,49.21,308.3,0,normal,0
29534,23.56,48.95,309.7,0,normal,0
29536,23.47,48.69,310.5,0,normal,0
29538,23.46,48.6,310.0,0,normal,0
29540,23.49,48.41,312.1,0,normal,0
29542,23.41,48.44,310.6,0,normal,0
29544,23.39,48.67,312.8,0,normal,0
29546,23.36,48.69,315.7,0,normal,0
29548,23.37,48.97,312.2,0,normal,0
29550,23.4,48.86,310.2,0,normal,0
29552,23.47,48.89,313.2,0,normal,0
29554,23.53,48.77,309.5,0,normal,0
29556,23.46,48.51,305.0,0,normal,0
29558,23.48,48.64,304.0,0,normal,0
29560,23.51,48.92,307.3,0,normal,0
29562,23.53,48.95,307.2,0,normal,0
29564,23.57,48.81,305.2,0,normal,0
29566,23.52,48.29,299.9,0,normal,0
29568,23.52,48.17,304.6,0,normal,0
29570,23.38,48.35,303.7,0,normal,0
29572,23.44,48.67,302.5,0,normal,0
29574,23.48,48.38,298.8,0,normal,0
29576,23.49,48.54,299.7,0,normal,0
29578,23.57,48.69,306.6,0,normal,0
29580,23.53,48.34,308.3,0,normal,0
29582,23.51,48.15,308.3,0,normal,0
29584,23.61,48.31,311.8,0,normal,0
29586,23.69,48.35,306.2,0,normal,0
29588,23.73,48.41,309.2,0,normal,0
29590,23.68,48.52,313.0,0,normal,0
29592,23.77,48.4,310.5,0,normal,0
29594,23.81,47.97,308.8,0,normal,0
29596,23.67,47.92,308.8,0,normal,0
29598,23.47,47.7,308.2,0,normal,0
29600,23.48,47.72,303.3,0,normal,0
29602,23.64,48.04,306.6,0,normal,0
29604,23.69,48.18,310.5,0,normal,0
29606,23.47,48.31,312.1,0,normal,0
29608,23.41,48.72,309.7,0,normal,0
29610,23.39,48.07,306.0,0,normal,0
29612,23.29,48.45,308.7,0,normal,0
29614,23.44,48.29,305.0,0,normal,0
29616,23.46,47.94,302.2,0,normal,0
29618,23.47,48.23,307.7,0,normal,0
29620,23.55,48.19,304.3,0,normal,0
29622,23.56,48.13,302.8,0,normal,0
29624,23.47,48.27,307.4,0,normal,0
29626,23.44,48.28,309.8,0,normal,0
29628,23.46,48.52,303.4,0,normal,0
29630,23.49,48.28,304.9,0,normal,0
29632,23.44,47.95,307.3,0,normal,0
29634,23.55,47.74,309.8,0,normal,0
29636,23.73,47.7,305.8,0,normal,0
29638,23.71,48.12,307.2,0,normal,0
29640,23.7,48.0,311.4,0,normal,0
29642,23.69,48.08,309.7,0,normal,0
29644,23.72,48.01,313.6,0,normal,0
29646,23.73,47.96,314.5,0,normal,0
29648,23.5,47.89,314.4,0,normal,0
29650,23.68,47.87,312.1,0,normal,0
29652,23.69,47.96,311.9,0,normal,0
29654,23.44,48.33,310.4,0,normal,0
29656,23.31,48.59,303.6,0,normal,0
29658,23.18,48.02,303.9,0,normal,0
29660,23.38,48.1,301.2,0,normal,0
29662,23.33,47.89,298.7,0,normal,0
29664,23.33,47.81,305.3,0,normal,0
29666,23.39,47.54,309.7,0,normal,0
29668,23.31,47.44,312.2,0,normal,0
29670,23.33,47.85,309.1,0,normal,0
29672,23.29,48.33,305.6,0,normal,0
29674,23.32,48.12,310.0,0,normal,0
29676,23.33,48.24,309.7,0,normal,0
29678,23.44,48.04,306.9,0,normal,0
29680,23.34,48.29,312.3,0,normal,0
29682,23.43,48.31,315.7,0,normal,0
29684,23.48,48.29,308.1,0,normal,0
29686,23.56,48.58,307.7,0,normal,0
29688,23.52,48.44,306.2,0,normal,0
29690,23.47,48.48,306.0,0,normal,0
29692,23.48,48.43,298.7,0,normal,0
29694,23.45,48.5,294.2,0,normal,0
29696,23.5,48.52,299.6,0,normal,0
29698,23.41,48.47,302.2,0,normal,0
29700,23.48,48.43,303.0,0,normal,0
29702,23.5,48.39,306.5,0,normal,0
29704,23.38,48.18,303.4,0,normal,0
29706,23.46,48.18,300.0,0,normal,0
29708,23.55,48.29,302.4,0,normal,0
29710,23.55,48.44,303.0,0,normal,0
29712,23.45,48.64,307.9,0,normal,0
29714,23.34,48.75,305.8,0,normal,0
29716,23.33,48.82,305.8,0,normal,0
29718,23.36,48.66,305.9,0,normal,0
29720,23.37,48.88,303.8,0,normal,0
29722,23.37,48.46,304.0,0,normal,0
29724,23.27,48.44,311.2,0,normal,0
29726,23.25,48.84,310.6,0,normal,0
29728,23.21,48.51,311.7,0,normal,0
29730,23.15,48.59,310.1,1,normal,0
29732,23.13,48.61,308.8,0,normal,0
29734,23.37,48.34,308.0,0,normal,0
29736,23.23,47.98,306.2,0,normal,0
29738,23.26,48.24,312.4,0,normal,0
29740,23.29,48.36,313.5,0,normal,0
29742,23.2,48.47,316.4,0,normal,0
29744,23.36,48.47,312.0,0,normal,0
29746,23.34,48.14,312.0,0,normal,0
29748,23.3,48.42,306.6,0,normal,0
29750,23.28,48.6,299.4,0,normal,0
29752,23.31,48.64,297.8,0,normal,0
29754,23.31,48.95,304.1,0,normal,0
29756,23.2,48.87,304.1,0,normal,0
29758,23.3,48.96,301.8,0,normal,0
29760,23.32,48.77,303.8,0,normal,0
29762,23.45,48.66,304.2,0,normal,0
29764,23.55,48.99,305.8,0,normal,0
29766,23.48,49.32,305.0,0,normal,0
29768,23.4,49.28,303.5,0,normal,0
29770,23.49,49.37,302.9,0,normal,0
29772,23.45,49.59,305.1,0,normal,0
29774,23.38,49.49,303.7,0,normal,0
29776,23.32,49.43,308.9,0,normal,0
29778,23.29,49.33,312.9,0,normal,0
29780,23.2,49.65,313.2,0,normal,0
29782,23.15,49.52,312.3,0,normal,0
29784,23.22,49.73,309.3,0,normal,0
29786,23.35,49.4,310.9,0,normal,0
29788,23.29,49.14,314.4,0,normal,0
29790,23.37,49.02,315.1,0,normal,0
29792,23.41,49.12,309.1,0,normal,0
29794,23.39,49.18,307.8,0,normal,0
29796,23.53,49.04,308.9,0,normal,0
29798,23.65,48.96,309.9,0,normal,0
29800,23.68,49.1,308.5,0,normal,0
29802,23.55,49.07,304.5,0,normal,0
29804,23.45,48.97,301.7,0,normal,0
29806,23.56,49.03,301.7,0,normal,0
29808,23.55,48.96,302.0,0,normal,0
29810,23.58,49.05,305.1,0,normal,0
29812,23.72,49.08,307.7,0,normal,0
29814,23.78,48.78,306.9,0,normal,0
29816,23.77,48.71,308.9,0,normal,0
29818,23.84,48.5,310.0,0,normal,0
29820,23.88,48.48,309.3,0,normal,0
29822,23.85,48.36,313.1,0,normal,0
29824,23.7,48.3,315.2,0,normal,0
29826,23.82,48.19,314.6,0,normal,0
29828,23.7,48.31,312.6,0,normal,0
29830,23.66,48.27,310.8,0,normal,0
29832,23.71,48.5,310.7,0,normal,0
29834,23.77,48.61,309.8,0,normal,0
29836,23.84,48.57,307.5,0,normal,0
29838,23.75,48.39,309.3,0,normal,0
29840,23.7,48.72,306.5,0,normal,0
29842,23.68,48.74,306.8,0,normal,0
29844,23.52,48.91,315.4,0,normal,0
29846,23.43,49.07,308.1,0,normal,0
29848,23.34,48.92,304.1,0,normal,0
29850,23.29,48.98,303.1,0,normal,0
29852,23.31,49.36,304.5,0,normal,0
29854,23.29,49.63,303.8,0,normal,0
29856,23.27,49.56,305.3,0,normal,0
29858,23.21,49.28,306.2,0,normal,0
29860,23.18,49.19,303.0,0,normal,0
29862,23.13,49.1,303.9,0,normal,0
29864,23.16,49.43,305.8,0,normal,0
29866,23.26,49.21,306.1,0,normal,0
29868,23.19,49.25,307.0,0,normal,0
29870,23.16,49.34,301.1,1,normal,0
29872,23.17,49.13,302.6,0,normal,0
29874,23.13,48.9,302.2,0,normal,0
29876,23.18,48.57,309.7,0,normal,0
29878,23.32,48.54,310.5,0,normal,0
29880,23.34,48.61,311.3,0,normal,0
29882,23.42,48.36,310.1,0,normal,0
29884,23.58,48.63,308.6,0,normal,0
29886,23.68,48.7,310.2,0,normal,0
29888,23.55,48.66,308.0,0,normal,0
29890,23.55,48.46,305.0,0,normal,0
29892,23.56,48.3,312.4,0,normal,0
29894,23.53,48.24,310.0,0,normal,0
29896,23.53,48.24,307.1,0,normal,0
29898,23.49,48.12,305.7,0,normal,0
29900,23.36,48.07,303.3,0,normal,0
29902,23.23,48.03,304.8,0,normal,0
29904,23.08,48.27,307.1,0,normal,0
29906,23.15,48.28,301.6,0,normal,0
29908,23.08,48.45,302.2,0,normal,0
29910,23.18,47.84,303.3,0,normal,0
29912,23.16,47.87,302.5,0,normal,0
29914,23.2,47.99,300.6,0,normal,0
29916,23.39,48.26,305.0,0,normal,0
29918,23.29,48.17,310.6,0,normal,0
29920,23.34,48.27,307.7,1,normal,0
29922,23.33,48.45,306.8,0,normal,0
29924,23.33,48.22,307.7,0,normal,0
29926,23.33,48.12,310.1,0,normal,0
29928,23.39,48.13,314.0,0,normal,0
29930,23.4,48.42,310.7,0,normal,0
29932,23.45,48.54,309.1,0,normal,0
29934,23.34,48.57,311.3,0,normal,0
29936,23.44,48.61,310.5,0,normal,0
29938,23.42,48.63,312.4,0,normal,0
29940,23.32,48.73,311.0,0,normal,0
29942,23.34,48.66,310.0,0,normal,0
29944,23.43,48.46,307.7,0,normal,0
29946,23.45,48.7,308.4,0,normal,0
29948,23.47,48.74,304.8,0,normal,0
29950,23.5,49.02,304.2,0,normal,0
29952,23.56,48.98,299.5,0,normal,0
29954,23.49,49.09,301.9,0,normal,0
29956,23.52,48.71,299.8,0,normal,0
29958,23.46,48.58,303.0,0,normal,0
29960,23.54,48.38,302.0,0,normal,0
29962,23.46,48.63,299.7,0,normal,0
29964,23.56,48.32,304.8,0,normal,0
29966,23.53,48.56,306.7,0,normal,0
29968,23.49,48.4,303.6,0,normal,0
29970,23.41,48.66,303.6,0,normal,0
29972,23.27,48.91,308.8,0,normal,0
29974,23.18,48.81,306.8,0,normal,0
29976,23.31,48.8,308.2,0,normal,0
29978,23.24,48.59,303.7,0,normal,0
29980,23.27,48.84,309.0,0,normal,0
29982,23.24,48.87,310.4,0,normal,0
29984,23.15,48.99,305.9,0,normal,0
29986,23.02,49.03,306.7,0,normal,0
29988,23.06,49.17,308.8,0,normal,0
29990,23.12,49.23,313.1,0,normal,0
29992,23.04,48.82,314.1,0,normal,0
29994,22.91,48.82,316.0,0,normal,0
29996,23.14,48.88,314.9,0,normal,0
29998,23.1,48.76,313.7,0,normal,0
30000,23.03,48.65,312.6,1,normal,0
30002,23.01,48.73,312.3,0,normal,0
30004,23.05,48.75,308.2,0,normal,0
30006,23.14,48.81,303.4,0,normal,0
30008,23.31,48.81,305.8,0,normal,0
30010,23.32,48.94,304.6,0,normal,0
30012,23.24,48.88,310.6,0,normal,0
30014,23.26,48.64,310.1,0,normal,0
30016,23.36,48.64,311.0,0,normal,0
30018,23.31,48.77,301.6,0,normal,0
30020,23.37,48.42,303.7,0,normal,0
30022,23.25,48.27,306.4,0,normal,0
30024,23.29,48.55,308.1,0,normal,0
30026,23.33,48.57,304.9,0,normal,0
30028,23.44,48.57,305.1,0,normal,0
30030,23.38,48.54,303.6,0,normal,0
30032,23.38,48.09,300.7,0,normal,0
30034,23.51,48.02,303.2,0,normal,0
30036,23.57,47.9,304.3,0,normal,0
30038,23.5,48.21,307.1,0,normal,0
30040,23.42,48.31,308.4,0,normal,0
30042,23.39,48.56,312.9,0,normal,0
30044,23.35,49.08,308.2,0,normal,0
30046,23.3,48.92,305.8,0,normal,0
30048,23.37,49.01,306.4,0,normal,0
30050,23.37,49.56,307.6,0,normal,0
30052,23.5,49.77,306.9,0,normal,0
30054,23.42,49.6,306.2,0,normal,0
30056,23.48,49.75,309.5,0,normal,0
30058,23.51,49.31,309.9,0,normal,0
30060,23.5,49.42,310.3,0,normal,0
30062,23.47,48.81,309.4,0,normal,0
30064,23.55,48.49,311.0,0,normal,0
30066,23.39,48.84,307.3,0,normal,0
30068,23.27,48.62,307.7,0,normal,0
30070,23.29,48.3,302.3,0,normal,0
30072,23.53,48.52,300.3,0,normal,0
30074,23.58,48.61,303.2,0,normal,0
30076,23.46,48.97,305.7,0,normal,0
30078,23.58,48.85,305.5,0,normal,0
30080,23.6,48.74,304.6,0,normal,0
30082,23.49,48.73,310.0,0,normal,0
30084,23.33,48.42,309.9,0,normal,0
30086,23.32,48.68,309.5,0,normal,0
30088,23.27,48.41,304.3,0,normal,0
30090,23.33,48.36,307.4,0,normal,0
30092,23.22,48.68,310.4,0,normal,0
30094,23.26,48.87,314.0,0,normal,0
30096,23.33,48.75,314.0,0,normal,0
30098,23.27,48.58,305.8,0,normal,0
30100,23.16,48.22,302.1,0,normal,0
30102,23.26,48.12,298.7,0,normal,0
30104,23.19,48.41,295.0,0,normal,0
30106,23.25,48.64,298.6,0,normal,0
30108,23.4,48.55,300.0,0,normal,0
30110,23.38,48.59,299.5,0,normal,0
30112,23.42,48.38,299.2,0,normal,0
30114,23.43,48.6,299.1,0,normal,0
30116,23.41,48.61,306.7,0,normal,0
30118,23.46,48.78,304.9,0,normal,0
30120,23.57,48.57,304.7,0,normal,0
30122,23.56,48.25,304.9,0,normal,0
30124,23.59,48.39,301.8,0,normal,0
30126,23.53,48.37,299.7,0,normal,0
30128,23.49,48.79,301.2,0,normal,0
30130,23.5,48.71,302.3,0,normal,0
30132,23.48,48.67,303.1,0,normal,0
30134,23.47,48.67,301.5,0,normal,0
30136,23.36,48.64,297.8,0,normal,0
30138,23.38,48.73,297.2,0,normal,0
30140,23.4,48.72,295.2,0,normal,0
30142,23.47,48.61,303.1,0,normal,0
30144,23.39,48.58,304.7,0,normal,0
30146,23.31,48.66,302.8,0,normal,0
30148,23.33,48.98,307.6,0,normal,0
30150,23.31,48.97,311.4,0,normal,0
30152,23.29,48.95,309.7,0,normal,0
30154,23.28,48.9,306.7,0,normal,0
30156,23.17,49.2,306.0,0,normal,0
30158,23.15,48.83,309.8,0,normal,0
30160,23.07,48.78,306.4,0,normal,0
30162,23.09,49.06,304.0,0,normal,0
30164,23.03,48.85,302.5,0,normal,0
30166,23.09,48.68,299.8,0,normal,0
30168,23.01,48.32,301.4,0,normal,0
30170,23.08,48.48,296.8,0,normal,0
30172,23.06,48.38,301.0,0,normal,0
30174,23.06,48.14,304.5,0,normal,0
30176,22.99,48.22,304.2,0,normal,0
30178,22.95,48.46,304.0,0,normal,0
30180,22.78,48.47,306.1,0,normal,0
30182,22.82,48.73,312.2,0,normal,0
30184,22.89,48.75,305.1,0,normal,0
30186,22.88,48.95,306.8,0,normal,0
30188,22.74,48.9,304.5,0,normal,0
30190,22.7,48.98,302.1,0,normal,0
30192,22.83,48.87,303.7,0,normal,0
30194,22.91,48.87,301.6,0,normal,0
30196,22.88,48.84,298.6,0,normal,0
30198,22.77,49.1,299.1,0,normal,0
30200,22.88,49.19,297.2,0,normal,0
30202,22.95,49.52,300.7,0,normal,0
30204,22.84,49.55,304.6,0,normal,0
30206,22.87,49.45,306.0,0,normal,0
30208,22.91,49.41,301.0,0,normal,0
30210,22.99,49.4,302.6,0,normal,0
30212,22.97,49.28,312.6,0,normal,0
30214,22.96,49.15,310.6,0,normal,0
30216,23.09,48.84,308.7,0,normal,0
30218,23.14,49.13,306.8,0,normal,0
30220,23.0,49.07,304.9,0,normal,0
30222,22.97,49.29,306.8,0,normal,0
30224,23.01,49.31,307.4,0,normal,0
30226,22.95,49.43,310.0,0,normal,0
30228,22.87,49.5,315.4,0,normal,0
30230,22.83,49.37,311.2,0,normal,0
30232,22.8,49.61,303.1,0,normal,0
30234,22.78,49.5,300.8,0,normal,0
30236,22.74,49.09,303.5,1,normal,0
30238,22.59,49.04,303.4,0,normal,0
30240,22.73,48.98,307.5,0,normal,0
30242,22.74,49.28,306.7,0,normal,0
30244,22.77,48.85,305.2,0,normal,0
30246,22.74,49.07,304.9,0,normal,0
30248,22.58,48.71,307.3,0,normal,0
30250,22.58,49.01,307.6,0,normal,0
30252,22.6,48.92,307.0,0,normal,0
30254,22.65,48.91,305.3,0,normal,0
30256,22.76,48.98,307.6,0,normal,0
30258,22.75,48.98,302.3,0,normal,0
30260,22.89,49.36,299.6,0,normal,0
30262,22.83,49.32,300.2,0,normal,0
30264,22.86,49.37,300.1,0,normal,0
30266,22.67,49.34,301.3,0,normal,0
30268,22.82,49.28,299.5,0,normal,0
30270,22.82,49.45,301.8,0,normal,0
30272,22.75,49.54,304.8,0,normal,0
30274,22.73,49.44,299.4,0,normal,0
30276,22.73,49.09,305.0,0,normal,0
30278,22.92,49.2,308.9,0,normal,0
30280,22.92,49.04,311.0,0,normal,0
30282,22.87,49.52,304.5,0,normal,0
30284,22.96,49.52,305.9,0,normal,0
30286,22.91,49.66,308.6,0,normal,0
30288,22.87,49.55,302.2,0,normal,0
30290,22.93,49.59,303.3,0,normal,0
30292,22.88,49.52,300.6,0,normal,0
30294,22.87,49.64,297.1,0,normal,0
30296,22.91,49.78,304.0,0,normal,0
30298,22.82,49.47,304.1,0,normal,0
30300,22.87,49.66,302.5,0,normal,0
30302,22.88,49.77,306.8,0,normal,0
30304,22.83,49.62,307.5,0,normal,0
30306,22.8,49.54,307.8,0,normal,0
30308,22.79,49.7,305.0,0,normal,0
30310,22.69,49.56,300.9,0,normal,0
30312,22.64,49.12,302.3,0,normal,0
30314,22.68,49.13,302.1,0,normal,0
30316,22.73,49.22,304.1,0,normal,0
30318,22.66,49.22,302.1,0,normal,0
30320,22.7,49.08,301.6,0,normal,0
30322,22.68,49.0,297.4,0,normal,0
30324,22.61,48.93,301.1,0,normal,0
30326,22.64,49.33,302.3,0,normal,0
30328,22.58,49.38,304.2,0,normal,0
30330,22.76,49.22,305.9,0,normal,0
30332,22.73,49.21,308.4,0,normal,0
30334,22.73,49.06,310.1,0,normal,0
30336,22.61,49.34,306.1,0,normal,0
30338,22.59,49.5,305.8,0,normal,0
30340,22.61,49.31,304.5,0,normal,0
30342,22.74,49.4,304.7,0,normal,0
30344,22.7,49.47,304.0,0,normal,0
30346,22.79,49.18,304.5,0,normal,0
30348,22.65,49.12,301.7,1,normal,0
30350,22.62,49.11,296.9,0,normal,0
30352,22.65,49.03,298.1,0,normal,0
30354,22.64,49.0,303.9,0,normal,0
30356,22.63,48.52,300.4,0,normal,0
30358,22.68,48.47,298.1,0,normal,0
30360,22.51,48.34,303.9,0,normal,0
30362,22.44,48.77,305.2,0,normal,0
30364,22.62,48.75,302.5,0,normal,0
30366,22.74,48.86,301.9,0,normal,0
30368,22.78,49.17,299.0,0,normal,0
30370,22.63,49.07,303.1,0,normal,0
30372,22.68,49.19,299.0,0,normal,0
30374,22.54,49.53,298.7,0,normal,0
30376,22.6,49.55,293.8,0,normal,0
30378,22.59,49.4,293.9,0,normal,0
30380,22.51,49.27,301.0,0,normal,0
30382,22.65,49.32,295.1,0,normal,0
30384,22.67,49.29,301.1,0,normal,0
30386,22.7,49.58,303.6,0,normal,0
30388,22.68,49.72,305.9,0,normal,0
30390,22.58,49.81,302.9,0,normal,0
30392,22.5,49.72,303.7,0,normal,0
30394,22.52,49.6,304.0,0,normal,0
30396,22.57,49.67,305.3,0,normal,0
30398,22.66,49.42,303.4,0,normal,0
30400,22.72,49.32,301.2,0,normal,0
30402,22.69,49.44,302.0,0,normal,0
30404,22.53,49.13,301.7,0,normal,0
30406,22.55,49.47,298.8,0,normal,0
30408,22.5,49.48,303.6,0,normal,0
30410,22.46,49.28,301.3,0,normal,0
30412,22.51,49.05,305.3,0,normal,0
30414,22.53,48.65,300.7,0,normal,0
30416,22.62,48.55,303.8,0,normal,0
30418,22.61,48.44,302.9,0,normal,0
30420,22.65,48.57,303.9,0,normal,0
30422,22.77,48.75,300.6,0,normal,0
30424,22.87,48.94,299.5,0,normal,0
30426,22.78,48.82,302.8,0,normal,0
30428,22.73,48.92,304.6,0,normal,0
30430,22.6,49.14,302.2,1,normal,0
30432,22.56,49.2,303.7,0,normal,0
30434,22.38,48.87,302.9,0,normal,0
30436,22.23,48.76,297.0,0,normal,0
30438,22.26,48.99,297.2,0,normal,0
30440,22.33,48.87,296.6,0,normal,0
30442,22.42,49.2,297.4,0,normal,0
30444,22.39,49.15,294.8,0,normal,0
30446,22.39,49.28,298.7,0,normal,0
30448,22.45,49.01,297.2,0,normal,0
30450,22.59,48.76,298.7,0,normal,0
30452,22.47,48.9,301.3,0,normal,0
30454,22.33,49.0,307.2,0,normal,0
30456,22.3,49.19,304.3,0,normal,0
30458,22.13,49.21,301.2,0,normal,0
30460,22.13,49.33,300.7,0,normal,0
30462,22.16,49.58,305.9,0,normal,0
30464,22.15,49.27,299.4,0,normal,0
30466,22.12,49.21,297.3,0,normal,0
30468,22.09,49.49,297.9,0,normal,0
30470,22.11,49.48,293.3,0,normal,0
30472,22.16,49.76,295.4,0,normal,0
30474,22.13,49.87,294.0,0,normal,0
30476,22.13,50.1,295.3,0,normal,0
30478,22.16,49.95,297.9,0,normal,0
30480,22.25,50.09,294.2,0,normal,0
30482,22.22,50.4,294.9,0,normal,0
30484,22.22,50.6,300.8,0,normal,0
30486,22.41,50.39,297.6,0,normal,0
30488,22.35,50.32,295.9,0,normal,0
30490,22.26,50.08,295.7,0,normal,0
30492,22.28,50.28,293.6,0,normal,0
30494,22.4,50.24,296.8,0,normal,0
30496,22.35,50.27,295.4,0,normal,0
30498,22.41,50.02,294.6,1,normal,0
30500,22.39,49.89,294.4,0,normal,0
30502,22.41,50.08,294.3,0,normal,0
30504,22.23,50.53,298.2,0,normal,0
30506,22.28,50.85,301.0,0,normal,0
30508,22.42,50.7,301.0,0,normal,0
30510,22.45,50.1,301.4,0,normal,0
30512,22.39,49.95,303.2,0,normal,0
30514,22.46,49.94,307.0,0,normal,0
30516,22.39,50.4,308.2,0,normal,0
30518,22.33,50.6,304.3,0,normal,0
30520,22.35,50.28,299.2,0,normal,0
30522,22.37,49.93,297.7,0,normal,0
30524,22.34,50.27,298.4,0,normal,0
30526,22.45,50.24,300.3,0,normal,0
30528,22.45,50.24,300.1,0,normal,0
30530,22.3,50.4,297.7,0,normal,0
30532,22.42,50.03,299.8,0,normal,0
30534,22.46,50.08,297.9,0,normal,0
30536,22.38,50.19,299.6,0,normal,0
30538,22.23,50.06,298.2,0,normal,0
30540,22.26,50.13,299.1,0,normal,0
30542,22.32,50.27,299.0,0,normal,0
30544,22.42,50.16,300.9,0,normal,0
30546,22.46,50.25,302.8,0,normal,0
30548,22.36,50.08,297.2,0,normal,0
30550,22.25,50.13,295.8,0,normal,0
30552,22.28,50.06,297.3,0,normal,0
30554,22.36,49.86,293.2,0,normal,0
30556,22.32,50.06,298.4,0,normal,0
30558,22.34,50.1,298.2,0,normal,0
30560,22.47,50.24,294.8,0,normal,0
30562,22.36,50.24,292.5,0,normal,0
30564,22.32,50.23,290.8,0,normal,0
30566,22.49,50.11,292.4,0,normal,0
30568,22.48,50.11,297.5,0,normal,0
30570,22.46,50.22,301.3,0,normal,0
30572,22.4,49.81,297.8,0,normal,0
30574,22.28,49.52,297.9,0,normal,0
30576,22.13,49.66,302.3,0,normal,0
30578,22.04,49.41,299.2,0,normal,0
30580,22.06,49.28,298.1,0,normal,0
30582,22.12,49.34,302.8,0,normal,0
30584,22.05,49.33,299.2,0,normal,0
30586,22.07,49.26,297.0,0,normal,0
30588,22.07,49.14,301.7,0,normal,0
30590,21.99,49.53,300.3,0,normal,0
30592,21.95,49.24,299.7,0,normal,0
30594,22.03,49.47,298.0,0,normal,0
30596,22.01,49.67,298.2,0,normal,0
30598,21.94,49.43,296.5,0,normal,0
30600,21.99,49.28,297.6,0,normal,0
30602,21.96,49.57,295.3,0,normal,0
30604,21.92,49.25,298.1,0,normal,0
30606,21.91,49.21,295.2,0,normal,0
30608,21.94,49.19,300.5,0,normal,0
30610,21.85,49.14,297.9,0,normal,0
30612,21.97,49.88,297.4,0,normal,0
30614,21.96,50.13,296.8,0,normal,0
30616,21.9,49.83,296.9,0,normal,0
30618,21.92,49.77,297.7,0,normal,0
30620,22.09,49.59,299.5,0,normal,0
30622,22.03,49.84,298.2,0,normal,0
30624,22.06,49.37,300.6,0,normal,0
30626,22.08,49.21,295.8,0,normal,0
30628,21.99,49.24,295.9,0,normal,0
30630,21.95,49.49,292.3,0,normal,0
30632,21.93,49.28,296.2,0,normal,0
30634,21.88,48.99,299.2,0,normal,0
30636,21.83,48.7,305.3,0,normal,0
30638,21.88,49.12,299.2,0,normal,0
30640,21.96,49.59,304.3,0,normal,0
30642,21.82,49.54,301.2,0,normal,0
30644,21.8,49.47,303.8,0,normal,0
30646,21.95,49.58,304.4,0,normal,0
30648,21.9,49.75,305.6,0,normal,0
30650,21.88,49.6,301.9,0,normal,0
30652,21.84,49.36,301.3,0,normal,0
30654,21.92,49.63,296.9,0,normal,0
30656,22.0,49.61,292.9,0,normal,0
30658,22.02,49.97,298.7,0,normal,0
30660,22.08,50.01,293.1,0,normal,0
30662,22.15,49.88,293.3,0,normal,0
30664,22.15,49.98,294.5,0,normal,0
30666,22.1,50.45,291.8,0,normal,0
30668,22.0,51.11,293.7,0,normal,0
30670,21.88,50.93,290.7,0,normal,0
30672,21.76,50.96,292.6,0,normal,0
30674,21.79,50.9,295.4,0,normal,0
30676,21.76,50.83,286.4,0,normal,0
30678,21.78,50.66,289.7,0,normal,0
30680,21.81,50.39,294.8,0,normal,0
30682,22.0,50.45,294.8,0,normal,0
30684,21.95,50.64,300.2,0,normal,0
30686,21.88,50.97,297.1,0,normal,0
30688,21.89,50.82,300.1,0,normal,0
30690,21.85,50.57,297.7,0,normal,0
30692,21.85,50.85,298.6,0,normal,0
30694,21.78,50.81,293.2,0,normal,0
30696,21.89,50.95,296.5,0,normal,0
30698,21.91,50.79,296.7,0,normal,0
30700,21.91,50.85,297.4,0,normal,0
30702,21.91,50.68,297.5,0,normal,0
30704,21.85,50.45,295.1,0,normal,0
30706,21.74,50.18,292.2,0,normal,0
30708,21.66,50.58,292.6,0,normal,0
30710,21.63,50.74,293.1,0,normal,0
30712,21.72,50.34,290.9,0,normal,0
30714,21.8,50.24,295.3,0,normal,0
30716,21.67,50.16,295.3,0,normal,0
30718,21.76,50.04,299.2,0,normal,0
30720,21.92,49.73,294.7,0,normal,0
30722,21.86,49.79,297.6,0,normal,0
30724,21.87,49.79,299.1,0,normal,0
30726,21.89,49.8,301.7,0,normal,0
30728,21.92,49.72,302.7,0,normal,0
30730,21.83,49.82,302.8,0,normal,0
30732,21.79,49.9,300.0,0,normal,0
30734,21.79,50.12,298.8,0,normal,0
30736,21.73,50.06,300.3,0,normal,0
30738,21.67,50.03,298.3,0,normal,0
30740,21.68,50.08,298.2,0,normal,0
30742,21.76,50.32,296.9,0,normal,0
30744,21.54,50.26,291.1,0,normal,0
30746,21.49,50.09,292.4,0,normal,0
30748,21.49,49.64,290.4,0,normal,0
30750,21.53,49.41,289.4,0,normal,0
30752,21.48,49.4,291.5,0,normal,0
30754,21.39,49.54,297.5,0,normal,0
30756,21.46,49.5,298.2,0,normal,0
30758,21.48,49.71,295.7,0,normal,0
30760,21.49,50.04,298.9,0,normal,0
30762,21.51,49.7,294.9,0,normal,0
30764,21.49,49.63,300.2,0,normal,0
30766,21.62,49.91,301.2,0,normal,0
30768,21.64,49.86,308.3,0,normal,0
30770,21.52,50.22,304.3,0,normal,0
30772,21.58,49.6,301.8,0,normal,0
30774,21.48,49.64,298.5,0,normal,0
30776,21.48,49.8,300.2,0,normal,0
30778,21.48,49.95,297.5,0,normal,0
30780,21.36,49.71,300.1,0,normal,0
30782,21.28,49.35,300.7,0,normal,0
30784,21.38,49.65,296.1,0,normal,0
30786,21.38,49.83,298.1,0,normal,0
30788,21.51,50.0,288.9,0,normal,0
30790,21.36,49.99,299.2,0,normal,0
30792,21.43,49.62,294.9,0,normal,0
30794,21.41,49.51,290.8,0,normal,0
30796,21.47,49.56,290.6,0,normal,0
30798,21.47,49.87,293.4,0,normal,0
30800,21.39,49.73,297.0,0,normal,0
30802,21.3,50.16,303.1,0,normal,0
30804,21.4,50.47,301.1,0,normal,0
30806,21.27,50.54,297.9,0,normal,0
30808,21.16,50.41,296.6,0,normal,0
30810,21.28,50.4,290.2,0,normal,0
30812,21.39,50.65,296.0,0,normal,0
30814,21.38,50.48,302.4,0,normal,0
30816,21.26,50.49,300.6,0,normal,0
30818,21.4,50.35,299.9,0,normal,0
30820,21.28,50.47,296.7,0,normal,0
30822,21.35,50.28,292.4,0,normal,0
30824,21.46,50.48,292.8,0,normal,0
30826,21.33,50.46,294.2,0,normal,0
30828,21.24,50.53,294.9,0,normal,0
30830,21.19,50.69,298.5,0,normal,0
30832,21.16,50.77,300.4,0,normal,0
30834,21.3,50.6,297.8,0,normal,0
30836,21.27,50.76,299.2,0,normal,0
30838,21.32,50.7,303.2,0,normal,0
30840,21.48,50.52,304.4,0,normal,0
30842,21.33,50.4,303.9,0,normal,0
30844,21.22,50.38,301.4,0,normal,0
30846,21.17,50.32,296.1,0,normal,0
30848,21.13,50.17,295.8,0,normal,0
30850,21.18,50.25,296.6,0,normal,0
30852,21.12,50.4,294.9,0,normal,0
30854,21.16,50.46,297.5,0,normal,0
30856,21.22,50.49,296.3,0,normal,0
30858,21.19,50.62,296.2,0,normal,0
30860,21.19,50.68,291.6,0,normal,0
30862,21.18,50.69,295.1,0,normal,0
30864,21.08,50.52,294.8,0,normal,0
30866,21.18,50.42,296.5,0,normal,0
30868,21.3,50.69,302.4,0,normal,0
30870,21.38,50.45,300.2,0,normal,0
30872,21.33,50.37,297.1,0,normal,0
30874,21.27,50.29,299.0,0,normal,0
30876,21.27,50.5,303.0,0,normal,0
30878,21.19,50.75,303.4,0,normal,0
30880,21.18,50.93,301.4,0,normal,0
30882,21.13,51.19,303.5,0,normal,0
30884,21.14,51.43,300.4,0,normal,0
30886,21.05,51.55,296.9,0,normal,0
30888,21.13,51.62,300.4,0,normal,0
30890,21.12,51.31,304.0,0,normal,0
30892,21.05,51.32,302.6,0,normal,0
30894,21.15,51.11,300.3,0,normal,0
30896,21.14,51.24,303.9,0,normal,0
30898,21.1,51.36,295.4,0,normal,0
30900,21.06,51.15,292.6,0,normal,0
30902,21.11,51.16,297.1,0,normal,0
30904,21.03,50.84,301.7,0,normal,0
30906,21.11,50.73,300.7,0,normal,0
30908,21.21,50.85,303.2,0,normal,0
30910,21.28,50.67,299.6,0,normal,0
30912,21.26,50.66,294.8,0,normal,0
30914,21.17,50.43,289.0,0,normal,0
30916,21.21,50.47,291.4,0,normal,0
30918,21.19,50.65,292.7,0,normal,0
30920,21.09,50.47,294.3,0,normal,0
30922,21.2,50.48,294.0,0,normal,0
30924,21.15,50.81,294.8,0,normal,0
30926,21.15,50.76,289.3,0,normal,0
30928,21.16,50.64,292.5,0,normal,0
30930,21.31,50.71,293.0,0,normal,0
30932,21.28,50.77,294.1,0,normal,0
30934,21.15,50.8,295.8,0,normal,0
30936,21.09,50.76,300.2,0,normal,0
30938,21.04,51.08,293.2,0,normal,0
30940,20.9,51.05,293.0,0,normal,0
30942,21.0,51.04,290.3,0,normal,0
30944,21.21,51.41,288.7,1,normal,0
30946,21.27,51.41,290.0,0,normal,0
30948,21.19,51.31,296.1,0,normal,0
30950,21.24,51.53,301.2,0,normal,0
30952,21.13,51.65,301.5,0,normal,0
30954,21.22,51.78,298.5,0,normal,0
30956,21.15,51.68,297.4,0,normal,0
30958,21.08,51.76,302.0,0,normal,0
30960,21.13,51.87,298.9,0,normal,0
30962,21.15,51.91,301.4,0,normal,0
30964,21.2,51.94,303.8,0,normal,0
30966,21.25,51.95,300.6,0,normal,0
30968,21.32,51.84,297.0,0,normal,0
30970,21.3,51.64,294.3,0,normal,0
30972,21.18,51.77,292.3,0,normal,0
30974,21.05,51.86,294.5,0,normal,0
30976,21.07,51.76,297.2,0,normal,0
30978,21.24,51.41,295.2,0,normal,0
30980,21.3,51.52,295.2,0,normal,0
30982,21.28,51.08,294.9,0,normal,0
30984,21.33,51.06,287.8,0,normal,0
30986,21.39,50.54,294.9,0,normal,0
30988,21.29,50.69,297.4,0,normal,0
30990,21.35,50.64,295.8,0,normal,0
30992,21.37,50.62,290.1,0,normal,0
30994,21.28,50.76,290.9,0,normal,0
30996,21.21,50.69,300.0,0,normal,0
30998,21.14,50.72,301.6,0,normal,0
31000,21.17,50.59,292.9,0,normal,0
31002,21.36,50.91,289.3,0,normal,0
31004,21.22,50.83,292.8,0,normal,0
31006,21.16,51.07,291.3,0,normal,0
31008,21.03,51.18,295.8,0,normal,0
31010,20.99,51.01,297.4,0,normal,0
31012,20.86,51.2,298.3,0,normal,0
31014,20.94,51.01,298.8,0,normal,0
31016,20.94,51.07,297.3,0,normal,0
31018,20.89,51.16,296.5,0,normal,0
31020,20.88,51.32,294.7,0,normal,0
31022,20.97,51.58,291.6,0,normal,0
31024,21.01,51.55,293.9,0,normal,0
31026,20.93,51.33,291.4,0,normal,0
31028,20.91,51.06,290.6,0,normal,0
31030,20.75,51.02,292.0,0,normal,0
31032,20.73,50.56,294.1,0,normal,0
31034,20.62,50.73,295.5,0,normal,0
31036,20.59,50.88,290.2,0,normal,0
31038,20.67,50.6,287.0,0,normal,0
31040,20.65,50.17,290.3,0,normal,0
31042,20.61,49.99,292.2,0,normal,0
31044,20.63,50.3,291.9,0,normal,0
31046,20.64,50.42,296.0,0,normal,0
31048,20.65,50.58,294.1,0,normal,0
31050,20.56,50.36,290.9,0,normal,0
31052,20.68,50.39,289.9,0,normal,0
31054,20.75,50.7,291.3,0,normal,0
31056,20.78,50.67,295.0,0,normal,0
31058,20.76,50.72,292.4,0,normal,0
31060,20.65,50.58,291.9,0,normal,0
31062,20.81,50.45,295.1,0,normal,0
31064,20.84,50.49,293.1,0,normal,0
31066,20.67,50.36,297.5,0,normal,0
31068,20.72,50.43,297.1,0,normal,0
31070,20.63,50.39,297.6,0,normal,0
31072,20.67,50.46,295.0,0,normal,0
31074,20.49,50.68,291.8,0,normal,0
31076,20.48,50.47,290.6,0,normal,0
31078,20.43,50.63,290.7,0,normal,0
31080,20.51,50.91,291.3,0,normal,0
31082,20.6,51.24,286.2,0,normal,0
31084,20.59,51.14,290.6,0,normal,0
31086,20.71,51.1,290.4,0,normal,0
31088,20.77,51.12,288.8,0,normal,0
31090,20.87,50.89,292.2,0,normal,0
31092,20.77,50.92,296.8,0,normal,0
31094,20.73,51.13,298.1,0,normal,0
31096,20.59,51.05,297.8,0,normal,0
31098,20.58,51.12,298.6,0,normal,0
31100,20.64,51.36,294.0,0,normal,0
31102,20.69,51.17,293.1,0,normal,0
31104,20.78,51.36,295.3,0,normal,0
31106,20.86,51.22,296.0,0,normal,0
31108,20.81,51.51,296.1,0,normal,0
31110,20.84,51.74,295.8,0,normal,0
31112,20.86,51.46,300.7,0,normal,0
31114,20.98,51.58,299.8,0,normal,0
31116,20.93,51.61,296.1,0,normal,0
31118,20.83,51.62,299.5,0,normal,0
31120,20.8,51.5,300.6,0,normal,0
31122,20.73,51.23,293.1,0,normal,0
31124,20.74,51.53,293.0,0,normal,0
31126,20.76,51.17,296.0,0,normal,0
31128,20.96,51.38,298.2,0,normal,0
31130,20.93,51.33,301.8,0,normal,0
31132,20.94,51.17,300.5,0,normal,0
31134,20.76,50.61,294.4,0,normal,0
31136,20.82,50.91,294.3,0,normal,0
31138,20.79,50.9,296.8,0,normal,0
31140,20.74,50.66,298.3,0,normal,0
31142,20.61,50.43,298.3,0,normal,0
31144,20.65,50.36,293.8,0,normal,0
31146,20.52,50.99,291.8,0,normal,0
31148,20.53,51.02,298.0,0,normal,0
31150,20.58,51.0,301.5,0,normal,0
31152,20.53,50.72,299.2,0,normal,0
31154,20.69,50.82,298.1,0,normal,0
31156,20.72,50.89,291.9,1,normal,0
31158,20.61,50.99,288.3,0,normal,0
31160,20.75,51.07,293.9,0,normal,0
31162,20.94,51.38,291.1,0,normal,0
31164,20.8,51.59,296.4,0,normal,0
31166,20.79,51.3,297.9,0,normal,0
31168,20.81,51.17,300.6,0,normal,0
31170,20.8,51.18,300.4,0,normal,0
31172,20.88,51.18,299.1,0,normal,0
31174,20.88,51.16,298.5,0,normal,0
31176,20.89,51.65,293.5,0,normal,0
31178,20.94,51.42,290.8,0,normal,0
31180,20.81,50.9,293.3,0,normal,0
31182,20.78,51.04,289.6,0,normal,0
31184,20.59,51.19,289.6,0,normal,0
31186,20.52,50.9,288.9,0,normal,0
31188,20.45,51.13,288.5,0,normal,0
31190,20.44,50.99,290.6,0,normal,0
31192,20.51,50.98,288.7,0,normal,0
31194,20.49,50.76,289.4,1,normal,0
31196,20.54,50.71,291.0,0,normal,0
31198,20.51,50.53,289.7,0,normal,0
31200,20.35,50.42,293.2,0,normal,0
31202,20.3,50.18,295.7,0,normal,0
31204,20.27,50.18,297.2,0,normal,0
31206,20.28,50.12,289.2,0,normal,0
31208,20.38,50.38,292.9,0,normal,0
31210,20.4,50.28,298.0,0,normal,0
31212,20.45,50.43,299.6,0,normal,0
31214,20.36,50.37,294.5,0,normal,0
31216,20.45,50.12,298.3,0,normal,0
31218,20.6,50.2,297.8,0,normal,0
31220,20.59,50.18,302.0,0,normal,0
31222,20.66,50.32,300.1,1,normal,0
31224,20.65,50.16,295.3,0,normal,0
31226,20.64,50.4,295.9,0,normal,0
31228,20.63,50.52,296.5,0,normal,0
31230,20.68,50.72,294.9,0,normal,0
31232,20.58,50.7,290.5,0,normal,0
31234,20.61,50.54,288.3,0,normal,0
31236,20.56,50.27,290.7,0,normal,0
31238,20.66,50.61,297.0,0,normal,0
31240,20.61,50.81,296.3,0,normal,0
31242,20.59,50.78,295.8,0,normal,0
31244,20.52,50.77,293.5,0,normal,0
31246,20.56,50.71,294.0,0,normal,0
31248,20.67,50.74,291.9,0,normal,0
31250,20.47,50.85,288.7,0,normal,0
31252,20.51,50.98,291.5,0,normal,0
31254,20.5,50.94,292.9,0,normal,0
31256,20.51,50.84,295.4,0,normal,0
31258,20.49,50.96,292.0,0,normal,0
31260,20.43,51.19,299.2,0,normal,0
31262,20.54,51.33,302.4,0,normal,0
31264,20.55,51.31,295.0,0,normal,0
31266,20.47,51.48,297.0,0,normal,0
31268,20.42,51.28,294.2,0,normal,0
31270,20.33,51.36,292.1,0,normal,0
31272,20.43,51.57,288.1,0,normal,0
31274,20.48,51.78,289.7,0,normal,0
31276,20.34,51.63,289.3,0,normal,0
31278,20.3,51.91,295.1,0,normal,0
31280,20.31,51.71,293.9,0,normal,0
31282,20.35,51.61,289.2,0,normal,0
31284,20.36,51.67,286.5,0,normal,0
31286,20.31,51.52,285.2,0,normal,0
31288,20.34,51.54,295.6,0,normal,0
31290,20.36,51.54,295.3,0,normal,0
31292,20.32,51.98,297.8,0,normal,0
31294,20.38,52.19,297.4,0,normal,0
31296,20.33,52.14,299.1,0,normal,0
31298,20.23,51.74,295.0,0,normal,0
31300,20.18,51.91,292.8,0,normal,0
31302,20.36,51.92,292.2,0,normal,0
31304,20.33,51.85,294.0,0,normal,0
31306,20.33,52.02,290.4,0,normal,0
31308,20.27,51.75,290.7,0,normal,0
31310,20.31,51.69,294.5,0,normal,0
31312,20.23,51.99,292.7,0,normal,0
31314,20.16,52.12,287.0,0,normal,0
31316,20.13,51.73,290.2,0,normal,0
31318,20.01,51.9,285.6,0,normal,0
31320,19.95,52.12,292.8,0,normal,0
31322,20.09,51.9,292.3,0,normal,0
31324,20.17,51.99,297.8,0,normal,0
31326,20.24,52.03,298.4,0,normal,0
31328,20.23,51.76,294.8,0,normal,0
31330,20.28,51.69,295.7,0,normal,0
31332,20.18,51.73,293.1,0,normal,0
31334,20.23,51.92,291.8,0,normal,0
31336,20.27,51.94,290.7,0,normal,0
31338,20.2,51.95,290.2,0,normal,0
31340,20.18,52.34,291.7,0,normal,0
31342,20.15,52.36,296.6,0,normal,0
31344,20.3,52.6,296.2,0,normal,0
31346,20.25,52.48,299.6,0,normal,0
31348,20.18,52.65,300.2,0,normal,0
31350,20.31,52.26,296.7,0,normal,0
31352,20.38,51.75,297.1,0,normal,0
31354,20.31,51.82,297.2,0,normal,0
31356,20.39,51.55,298.3,0,normal,0
31358,20.45,51.28,296.0,0,normal,0
31360,20.53,51.35,292.2,0,normal,0
31362,20.47,51.52,292.3,0,normal,0
31364,20.51,51.62,294.1,0,normal,0
31366,20.47,51.8,293.1,0,normal,0
31368,20.62,51.71,297.9,0,normal,0
31370,20.49,51.81,300.4,0,normal,0
31372,20.41,51.69,295.5,0,normal,0
31374,20.41,51.6,297.7,0,normal,0
31376,20.36,51.63,298.8,0,normal,0
31378,20.34,51.55,295.9,0,normal,0
31380,20.44,51.74,294.4,0,normal,0
31382,20.45,51.69,295.6,0,normal,0
31384,20.47,51.35,294.1,0,normal,0
31386,20.62,51.28,296.1,0,normal,0
31388,20.52,51.54,292.8,0,normal,0
31390,20.69,51.42,288.9,0,normal,0
31392,20.58,51.32,290.3,0,normal,0
31394,20.53,51.96,293.6,0,normal,0
31396,20.57,52.04,297.1,0,normal,0
31398,20.65,52.04,297.1,0,normal,0
31400,20.64,52.09,300.0,0,normal,0
31402,20.79,52.09,294.9,0,normal,0
31404,20.52,51.72,289.8,0,normal,0
31406,20.57,51.71,292.8,0,normal,0
31408,20.64,51.81,296.3,0,normal,0
31410,20.78,51.85,291.7,0,normal,0
31412,20.84,51.71,293.2,0,normal,0
31414,20.87,51.65,296.7,0,normal,0
31416,20.95,51.74,294.0,0,normal,0
31418,20.85,51.56,292.5,0,normal,0
31420,20.74,51.56,298.3,0,normal,0
31422,20.72,51.71,293.3,0,normal,0
31424,20.68,51.47,296.5,0,normal,0
31426,20.51,51.2,291.1,0,normal,0
31428,20.5,50.84,293.3,0,normal,0
31430,20.55,50.87,290.6,0,normal,0
31432,20.62,50.75,291.6,0,normal,0
31434,20.69,50.69,292.4,0,normal,0
31436,20.66,51.02,288.2,0,normal,0
31438,20.63,50.77,292.0,0,normal,0
31440,20.55,50.54,292.8,0,normal,0
31442,20.56,50.54,295.3,0,normal,0
31444,20.37,50.55,301.5,0,normal,0
31446,20.45,50.76,300.9,0,normal,0
31448,20.42,51.08,296.9,0,normal,0
31450,20.45,51.4,296.4,0,normal,0
31452,20.48,51.54,297.7,0,normal,0
31454,20.55,51.65,299.8,0,normal,0
31456,20.57,51.76,298.1,0,normal,0
31458,20.72,51.81,289.3,0,normal,0
31460,20.62,51.79,293.7,0,normal,0
31462,20.54,51.42,290.0,0,normal,0
31464,20.51,51.42,290.0,0,normal,0
31466,20.51,51.03,294.2,0,normal,0
31468,20.48,50.88,290.7,0,normal,0
31470,20.49,50.72,294.3,0,normal,0
31472,20.41,50.56,287.1,0,normal,0
31474,20.64,50.66,288.1,0,normal,0
31476,20.7,50.85,288.6,0,normal,0
31478,20.61,51.15,291.3,0,normal,0
31480,20.58,50.9,294.3,0,normal,0
31482,20.58,51.19,295.3,0,normal,0
31484,20.49,51.18,294.8,0,normal,0
31486,20.54,51.29,292.9,0,normal,0
31488,20.4,51.42,291.6,0,normal,0
31490,20.49,51.54,292.3,0,normal,0
31492,20.49,51.72,296.1,0,normal,0
31494,20.46,51.76,301.2,0,normal,0
31496,20.57,51.6,298.0,0,normal,0
31498,20.47,51.46,298.5,0,normal,0
31500,20.56,51.68,297.8,0,normal,0
31502,20.53,51.63,297.7,0,normal,0
31504,20.6,51.98,296.9,0,normal,0
31506,20.61,51.69,298.8,0,normal,0
31508,20.63,51.69,293.7,0,normal,0
31510,20.64,51.48,293.4,0,normal,0
31512,20.72,51.36,292.8,0,normal,0
31514,20.63,51.36,291.5,0,normal,0
31516,20.6,51.1,291.0,0,normal,0
31518,20.66,51.03,289.6,0,normal,0
31520,20.68,51.37,292.3,0,normal,0
31522,20.67,51.48,288.6,0,normal,0
31524,20.6,51.66,287.3,0,normal,0
31526,20.57,52.07,292.7,0,normal,0
31528,20.44,52.19,294.9,0,normal,0
31530,20.46,52.12,291.2,0,normal,0
31532,20.54,52.23,294.7,0,normal,0
31534,20.53,52.24,289.3,0,normal,0
31536,20.56,52.04,289.4,0,normal,0
31538,20.57,52.07,296.9,0,normal,0
31540,20.6,52.01,301.1,0,normal,0
31542,20.65,51.87,295.7,0,normal,0
31544,20.53,51.83,292.2,0,normal,0
31546,20.46,51.71,293.0,0,normal,0
31548,20.52,51.34,295.5,0,normal,0
31550,20.42,51.24,292.7,0,normal,0
31552,20.51,51.33,292.9,0,normal,0
31554,20.43,51.14,295.6,0,normal,0
31556,20.49,51.06,290.3,0,normal,0
31558,20.55,50.79,284.4,0,normal,0
31560,20.49,50.7,291.5,0,normal,0
31562,20.49,50.69,290.4,0,normal,0
31564,20.33,50.88,290.9,0,normal,0
31566,20.43,50.8,290.0,0,normal,0
31568,20.39,50.81,291.2,0,normal,0
31570,20.3,50.85,288.7,0,normal,0
31572,20.42,51.25,290.1,0,normal,0
31574,20.39,51.32,292.6,0,normal,0
31576,20.47,51.13,291.7,0,normal,0
31578,20.45,50.83,290.5,0,normal,0
31580,20.45,50.8,293.6,0,normal,0
31582,20.46,51.28,294.2,0,normal,0
31584,20.28,51.67,295.3,0,normal,0
31586,20.28,51.57,292.1,0,normal,0
31588,20.37,51.36,290.1,0,normal,0
31590,20.25,51.38,294.1,0,normal,0
31592,20.28,51.16,292.7,0,normal,0
31594,20.3,51.47,295.8,0,normal,0
31596,20.21,51.5,294.7,0,normal,0
31598,20.11,51.73,297.7,0,normal,0
31600,20.19,51.57,295.9,0,normal,0
31602,20.21,51.85,293.2,0,normal,0
31604,20.33,52.13,292.7,0,normal,0
31606,20.33,52.0,294.5,0,normal,0
31608,20.35,52.0,290.8,0,normal,0
31610,20.39,52.38,289.1,0,normal,0
31612,20.48,52.19,288.4,0,normal,0
31614,20.53,52.05,292.2,0,normal,0
31616,20.67,52.06,289.4,0,normal,0
31618,20.72,51.84,288.0,0,normal,0
31620,20.8,51.66,290.4,0,normal,0
31622,20.81,51.31,290.1,0,normal,0
31624,20.75,51.57,294.3,0,normal,0
31626,20.74,51.73,296.6,0,normal,0
31628,20.8,51.76,293.6,0,normal,0
31630,20.6,51.91,293.5,0,normal,0
31632,20.72,51.83,293.9,0,normal,0
31634,20.62,51.52,290.0,0,normal,0
31636,20.61,51.18,287.7,0,normal,0
31638,20.45,51.09,288.6,0,normal,0
31640,20.5,51.13,290.9,0,normal,0
31642,20.56,50.84,293.6,0,normal,0
31644,20.56,50.93,292.7,0,normal,0
31646,20.5,50.94,296.5,0,normal,0
31648,20.51,50.74,296.6,0,normal,0
31650,20.47,50.91,298.9,0,normal,0
31652,20.46,50.87,292.2,0,normal,0
31654,20.52,51.09,297.1,0,normal,0
31656,20.54,51.33,297.2,0,normal,0
31658,20.65,51.25,296.7,0,normal,0
31660,20.65,50.97,300.4,0,normal,0
31662,20.66,51.1,299.5,0,normal,0
31664,20.59,51.39,297.4,0,normal,0
31666,20.57,51.02,295.0,0,normal,0
31668,20.6,51.13,297.3,0,normal,0
31670,20.47,51.45,292.3,0,normal,0
31672,20.57,51.54,293.5,0,normal,0
31674,20.54,51.66,298.0,0,normal,0
31676,20.63,51.63,292.8,0,normal,0
31678,20.67,51.65,293.6,0,normal,0
31680,20.76,51.6,290.7,0,normal,0
31682,20.67,51.54,282.5,0,normal,0
31684,20.72,51.36,287.2,0,normal,0
31686,20.71,51.55,288.1,0,normal,0
31688,20.54,51.4,286.9,0,normal,0
31690,20.43,51.53,291.2,0,normal,0
31692,20.47,51.07,292.7,0,normal,0
31694,20.43,51.44,292.5,1,normal,0
31696,20.44,51.89,295.7,0,normal,0
31698,20.3,51.71,294.6,0,normal,0
31700,20.42,51.89,288.2,0,normal,0
31702,20.48,51.99,295.0,0,normal,0
31704,20.56,52.05,294.9,0,normal,0
31706,20.52,52.07,294.0,0,normal,0
31708,20.53,52.14,292.1,0,normal,0
31710,20.54,52.41,293.8,0,normal,0
31712,20.61,52.27,292.5,0,normal,0
31714,20.64,52.16,292.3,0,normal,0
31716,20.56,52.01,292.5,0,normal,0
31718,20.81,52.04,296.8,0,normal,0
31720,20.88,51.66,294.4,0,normal,0
31722,21.0,51.83,296.6,0,normal,0
31724,20.98,51.64,297.6,0,normal,0
31726,20.98,51.64,296.7,0,normal,0
31728,20.87,51.77,295.8,0,normal,0
31730,20.75,51.95,297.8,0,normal,0
31732,20.73,52.0,305.7,0,normal,0
31734,20.64,51.9,303.6,0,normal,0
31736,20.75,51.8,297.0,0,normal,0
31738,20.8,51.85,299.4,0,normal,0
31740,20.8,51.93,300.1,0,normal,0
31742,20.88,52.15,300.2,0,normal,0
31744,20.85,51.85,303.0,0,normal,0
31746,20.69,51.85,305.0,0,normal,0
31748,20.77,51.73,301.9,0,normal,0
31750,20.88,51.45,297.4,0,normal,0
31752,20.85,51.59,296.6,0,normal,0
31754,20.8,51.65,297.0,0,normal,0
31756,20.7,51.85,295.5,0,normal,0
31758,20.85,51.52,297.8,0,normal,0
31760,20.75,51.41,298.6,0,normal,0
31762,20.84,51.42,296.5,0,normal,0
31764,20.71,51.03,297.5,0,normal,0
31766,20.63,51.15,301.3,0,normal,0
31768,20.6,51.7,303.8,0,normal,0
31770,20.67,52.0,300.9,0,normal,0
31772,20.75,52.05,302.7,0,normal,0
31774,20.79,51.79,299.6,0,normal,0
31776,20.68,51.94,299.1,0,normal,0
31778,20.56,51.46,294.7,0,normal,0
31780,20.62,51.54,295.2,0,normal,0
31782,20.71,51.32,292.9,0,normal,0
31784,20.68,51.08,293.8,0,normal,0
31786,20.6,50.96,295.1,0,normal,0
31788,20.62,51.03,295.7,0,normal,0
31790,20.49,51.43,299.2,0,normal,0
31792,20.4,51.29,297.4,0,normal,0
31794,20.35,50.92,296.2,0,normal,0
31796,20.25,51.14,294.9,0,normal,0
31798,20.21,51.38,291.2,0,normal,0
31800,20.28,51.08,292.5,0,normal,0
31802,20.39,50.84,298.2,0,normal,0
31804,20.44,50.7,291.6,0,normal,0
31806,20.42,50.67,290.2,0,normal,0
31808,20.47,50.79,291.3,0,normal,0
31810,20.42,50.63,294.4,0,normal,0
31812,20.45,50.55,294.7,0,normal,0
31814,20.52,50.71,298.3,0,normal,0
31816,20.64,50.43,295.3,0,normal,0
31818,20.67,50.5,299.1,0,normal,0
31820,20.61,50.3,297.1,0,normal,0
31822,20.68,50.31,302.7,0,normal,0
31824,20.7,50.36,299.5,1,normal,0
31826,20.77,50.7,295.4,0,normal,0
31828,20.74,50.49,298.0,0,normal,0
31830,20.65,50.49,298.2,0,normal,0
31832,20.63,50.72,296.1,0,normal,0
31834,20.64,50.8,291.3,0,normal,0
31836,20.65,51.12,288.8,0,normal,0
31838,20.52,51.25,286.3,0,normal,0
31840,20.64,51.46,288.8,0,normal,0
31842,20.63,51.76,291.4,0,normal,0
31844,20.6,51.89,295.6,0,normal,0
31846,20.53,51.69,289.5,0,normal,0
31848,20.49,51.94,293.1,0,normal,0
31850,20.59,51.61,298.3,0,normal,0
31852,20.8,51.39,294.4,0,normal,0
31854,20.76,51.34,293.0,0,normal,0
31856,20.86,51.18,295.2,0,normal,0
31858,20.79,51.25,293.9,0,normal,0
31860,20.84,50.95,295.0,0,normal,0
31862,20.82,50.89,298.0,0,normal,0
31864,20.96,50.89,294.5,0,normal,0
31866,20.85,51.02,293.6,0,normal,0
31868,20.69,50.74,294.4,1,normal,0
31870,20.73,50.65,291.6,0,normal,0
31872,20.82,50.76,296.3,0,normal,0
31874,20.82,50.62,296.6,0,normal,0
31876,20.75,50.16,291.3,0,normal,0
31878,20.75,50.37,294.7,0,normal,0
31880,20.81,49.94,296.2,0,normal,0
31882,20.73,50.17,295.6,0,normal,0
31884,20.78,50.15,292.5,0,normal,0
31886,20.81,50.63,292.8,0,normal,0
31888,20.95,50.56,291.0,0,normal,0
31890,20.97,50.79,294.3,0,normal,0
31892,21.08,51.14,294.1,0,normal,0
31894,20.97,51.11,292.6,0,normal,0
31896,20.99,51.18,292.3,0,normal,0
31898,21.06,51.23,292.3,0,normal,0
31900,21.07,51.19,296.9,0,normal,0
31902,21.17,51.07,294.0,0,normal,0
31904,21.31,51.07,291.1,0,normal,0
31906,21.21,51.18,294.5,0,normal,0
31908,21.27,51.06,297.3,0,normal,0
31910,21.17,51.21,297.1,0,normal,0
31912,21.15,50.7,294.0,0,normal,0
31914,21.19,50.83,297.7,0,normal,0
31916,21.24,50.77,295.6,0,normal,0
31918,21.24,50.98,291.2,0,normal,0
31920,21.24,50.94,291.8,0,normal,0
31922,21.13,51.22,296.7,0,normal,0
31924,21.06,51.34,294.8,0,normal,0
31926,21.1,51.26,291.5,0,normal,0
31928,21.1,51.14,292.5,0,normal,0
31930,21.09,50.99,296.7,0,normal,0
31932,20.96,51.06,294.5,0,normal,0
31934,21.02,51.12,299.5,0,normal,0
31936,20.9,51.06,295.0,0,normal,0
31938,21.05,51.12,290.4,0,normal,0
31940,21.2,50.97,293.6,0,normal,0
31942,21.11,50.87,289.9,0,normal,0
31944,21.08,51.15,291.4,0,normal,0
31946,21.1,50.91,291.4,0,normal,0
31948,20.96,51.04,288.5,0,normal,0
31950,21.04,50.95,285.6,0,normal,0
31952,20.87,50.98,287.0,0,normal,0
31954,20.88,51.05,288.5,0,normal,0
31956,20.86,51.11,293.8,0,normal,0
31958,20.93,51.28,299.8,0,normal,0
31960,20.86,50.98,297.6,0,normal,0
31962,20.85,50.8,296.1,0,normal,0
31964,21.04,51.07,298.6,0,normal,0
31966,21.02,51.14,296.6,0,normal,0
31968,21.07,51.17,298.9,1,normal,0
31970,20.96,51.45,299.3,0,normal,0
31972,20.93,51.44,296.5,0,normal,0
31974,20.89,51.4,302.2,0,normal,0
31976,20.86,51.43,301.6,0,normal,0
31978,20.92,51.27,299.5,0,normal,0
31980,20.93,51.32,298.2,0,normal,0
31982,20.95,51.33,299.9,0,normal,0
31984,21.05,51.33,297.1,0,normal,0
31986,21.09,51.06,298.5,0,normal,0
31988,21.1,51.01,294.5,0,normal,0
31990,21.12,50.51,291.6,0,normal,0
31992,21.21,50.54,293.2,0,normal,0
31994,21.16,50.64,292.3,0,normal,0
31996,21.09,50.68,292.1,0,normal,0
31998,21.15,50.48,284.9,0,normal,0
32000,21.22,50.83,284.7,0,normal,0
32002,21.26,50.95,286.1,0,normal,0
32004,21.28,50.98,286.6,0,normal,0
32006,21.31,50.99,292.0,0,normal,0
32008,21.4,51.18,297.5,0,normal,0
32010,21.29,51.22,293.5,1,normal,0
32012,21.21,51.23,294.9,0,normal,0
32014,21.21,51.11,295.7,0,normal,0
32016,21.24,50.94,297.6,0,normal,0
32018,21.33,50.98,296.5,0,normal,0
32020,21.31,51.18,296.5,0,normal,0
32022,21.3,50.83,293.8,0,normal,0
32024,21.27,51.24,290.6,0,normal,0
32026,21.32,51.0,291.0,0,normal,0
32028,21.37,50.95,296.3,0,normal,0
32030,21.41,50.8,300.5,0,normal,0
32032,21.48,50.69,300.3,0,normal,0
32034,21.56,50.6,298.1,0,normal,0
32036,21.5,50.66,295.8,0,normal,0
32038,21.56,50.77,294.0,0,normal,0
32040,21.36,50.95,298.3,0,normal,0
32042,21.31,50.67,293.6,0,normal,0
32044,21.32,50.82,295.0,0,normal,0
32046,21.42,50.5,303.7,0,normal,0
32048,21.41,50.69,296.9,0,normal,0
32050,21.44,50.49,293.8,0,normal,0
32052,21.39,50.37,292.2,0,normal,0
32054,21.48,50.39,296.2,0,normal,0
32056,21.4,50.32,295.9,0,normal,0
32058,21.31,50.02,294.5,0,normal,0
32060,21.24,49.67,295.1,0,normal,0
32062,21.14,49.8,298.5,0,normal,0
32064,21.24,50.01,295.9,0,normal,0
32066,21.37,49.98,292.4,0,normal,0
32068,21.43,49.9,298.8,0,normal,0
32070,21.41,50.13,296.4,0,normal,0
32072,21.33,50.07,298.2,0,normal,0
32074,21.36,50.28,301.4,0,normal,0
32076,21.4,50.24,298.8,0,normal,0
32078,21.23,50.27,299.9,0,normal,0
32080,21.31,50.54,294.3,0,normal,0
32082,21.26,50.51,289.2,0,normal,0
32084,21.22,50.33,293.8,0,normal,0
32086,21.13,50.48,295.7,0,normal,0
32088,21.25,50.64,295.0,0,normal,0
32090,21.34,50.56,293.5,0,normal,0
32092,21.32,50.54,290.3,0,normal,0
32094,21.28,50.5,287.5,0,normal,0
32096,21.42,50.5,287.5,0,normal,0
32098,21.3,50.69,288.2,0,normal,0
32100,21.28,50.33,296.6,0,normal,0
32102,21.17,50.11,297.5,0,normal,0
32104,21.26,50.27,296.9,0,normal,0
32106,21.13,50.31,299.7,0,normal,0
32108,21.18,50.44,296.5,0,normal,0
32110,21.28,50.25,295.6,0,normal,0
32112,21.12,50.07,298.2,0,normal,0
32114,21.16,49.91,298.1,0,normal,0
32116,21.21,50.01,299.3,0,normal,0
32118,21.28,50.45,300.8,0,normal,0
32120,21.29,50.73,302.2,0,normal,0
32122,21.34,50.92,302.5,0,normal,0
32124,21.27,51.33,301.2,0,normal,0
32126,21.42,51.12,300.7,0,normal,0
32128,21.43,50.78,301.2,0,normal,0
32130,21.41,50.6,304.6,0,normal,0
32132,21.37,50.6,302.9,0,normal,0
32134,21.4,50.93,297.6,0,normal,0
32136,21.4,51.01,297.9,0,normal,0
32138,21.51,51.07,297.0,0,normal,0
32140,21.45,51.32,293.9,0,normal,0
32142,21.42,51.22,292.0,0,normal,0
32144,21.49,50.98,291.7,0,normal,0
32146,21.52,50.71,297.2,0,normal,0
32148,21.58,50.71,299.6,0,normal,0
32150,21.61,50.5,297.8,0,normal,0
32152,21.53,50.55,293.6,0,normal,0
32154,21.4,50.57,299.3,0,normal,0
32156,21.47,50.8,295.0,0,normal,0
32158,21.5,50.79,297.8,0,normal,0
32160,21.57,50.8,295.4,0,normal,0
32162,21.51,50.98,300.8,0,normal,0
32164,21.57,50.96,300.5,0,normal,0
32166,21.59,51.07,299.9,0,normal,0
32168,21.55,51.12,298.2,0,normal,0
32170,21.57,51.29,300.3,0,normal,0
32172,21.44,51.5,300.5,0,normal,0
32174,21.61,51.18,301.4,0,normal,0
32176,21.52,51.08,302.6,0,normal,0
32178,21.43,51.07,303.5,0,normal,0
32180,21.57,50.9,302.4,0,normal,0
32182,21.58,50.78,303.8,0,normal,0
32184,21.65,50.89,301.0,0,normal,0
32186,21.61,50.83,303.5,0,normal,0
32188,21.55,50.63,297.0,0,normal,0
32190,21.65,50.62,292.8,0,normal,0
32192,21.64,51.06,296.1,0,normal,0
32194,21.67,51.36,296.2,0,normal,0
32196,21.67,51.28,295.5,0,normal,0
32198,21.87,51.31,291.7,0,normal,0
32200,21.9,51.41,296.4,0,normal,0
32202,22.04,51.26,298.1,0,normal,0
32204,22.08,51.31,293.0,0,normal,0
32206,21.96,51.34,291.6,0,normal,0
32208,21.97,51.27,298.8,0,normal,0
32210,21.99,51.19,303.1,0,normal,0
32212,22.1,51.04,299.7,0,normal,0
32214,22.15,50.62,295.3,0,normal,0
32216,22.14,50.73,295.1,0,normal,0
32218,22.04,50.72,299.7,0,normal,0
32220,22.01,50.65,297.5,0,normal,0
32222,22.06,50.83,290.3,0,normal,0
32224,21.99,50.86,294.5,0,normal,0
32226,21.93,50.89,292.5,0,normal,0
32228,21.84,50.88,295.7,0,normal,0
32230,21.75,50.94,299.3,0,normal,0
32232,21.74,50.81,304.1,0,normal,0
32234,21.71,50.8,301.1,0,normal,0
32236,21.71,51.1,298.2,0,normal,0
32238,21.73,50.61,294.7,0,normal,0
32240,21.68,50.23,295.6,1,normal,0
32242,21.58,50.15,298.2,0,normal,0
32244,21.57,50.29,295.4,0,normal,0
32246,21.62,50.29,304.8,0,normal,0
32248,21.56,50.27,304.0,0,normal,0
32250,21.61,50.14,301.7,0,normal,0
32252,21.49,50.33,300.5,0,normal,0
32254,21.53,50.13,297.9,0,normal,0
32256,21.45,49.84,294.6,0,normal,0
32258,21.46,50.06,298.1,0,normal,0
32260,21.47,49.75,302.8,0,normal,0
32262,21.6,49.88,299.7,0,normal,0
32264,21.55,49.92,299.4,0,normal,0
32266,21.63,50.03,295.8,0,normal,0
32268,21.66,50.09,295.4,1,normal,0
32270,21.72,50.04,293.8,0,normal,0
32272,21.71,50.13,296.0,0,normal,0
32274,21.8,50.39,297.5,0,normal,0
32276,21.68,50.55,296.0,0,normal,0
32278,21.73,50.82,296.4,0,normal,0
32280,21.76,50.84,299.8,0,normal,0
32282,21.77,51.01,303.0,0,normal,0
32284,21.87,50.89,300.8,0,normal,0
32286,21.82,51.05,299.2,0,normal,0
32288,21.9,50.87,303.0,0,normal,0
32290,21.91,50.67,301.3,0,normal,0
32292,21.82,50.52,299.9,0,normal,0
32294,21.84,50.38,300.3,0,normal,0
32296,21.92,50.38,301.3,0,normal,0
32298,22.03,50.7,295.0,0,normal,0
32300,22.12,50.45,291.1,0,normal,0
32302,22.13,50.36,293.2,0,normal,0
32304,22.05,50.34,295.5,0,normal,0
32306,22.02,50.6,292.8,0,normal,0
32308,21.87,50.73,292.4,0,normal,0
32310,21.99,50.24,297.4,0,normal,0
32312,22.1,50.55,294.9,0,normal,0
32314,22.15,50.44,296.6,0,normal,0
32316,22.1,50.59,298.5,0,normal,0
32318,22.15,50.4,293.0,0,normal,0
32320,22.01,50.45,296.3,0,normal,0
32322,22.1,50.4,295.4,0,normal,0
32324,22.08,50.65,293.8,0,normal,0
32326,22.1,50.54,290.2,0,normal,0
32328,21.98,50.21,292.8,0,normal,0
32330,22.03,50.35,293.5,0,normal,0
32332,21.88,50.27,294.5,0,normal,0
32334,21.78,50.47,296.6,0,normal,0
32336,21.87,50.84,296.5,0,normal,0
32338,21.91,51.14,298.8,0,normal,0
32340,21.78,50.86,299.4,0,normal,0
32342,21.79,50.7,299.7,0,normal,0
32344,21.71,50.61,302.8,0,normal,0
32346,21.71,50.9,296.1,0,normal,0
32348,21.76,50.87,295.4,0,normal,0
32350,21.89,50.56,294.8,0,normal,0
32352,21.85,50.73,294.9,0,normal,0
32354,21.8,50.61,296.1,0,normal,0
32356,21.86,50.63,301.0,0,normal,0
32358,21.86,50.53,304.3,0,normal,0
32360,21.93,50.24,305.1,0,normal,0
32362,21.83,50.34,301.8,0,normal,0
32364,21.84,50.1,297.8,0,normal,0
32366,21.96,49.98,297.1,0,normal,0
32368,21.91,49.84,293.3,0,normal,0
32370,21.79,49.95,298.2,0,normal,0
32372,21.89,49.69,296.9,0,normal,0
32374,21.85,49.81,298.3,0,normal,0
32376,21.94,49.93,299.7,0,normal,0
32378,21.87,49.73,301.5,0,normal,0
32380,21.83,49.61,302.9,0,normal,0
32382,21.92,49.71,301.5,0,normal,0
32384,21.89,49.66,302.4,0,normal,0
32386,21.77,49.84,300.2,0,normal,0
32388,21.65,50.11,299.9,0,normal,0
32390,21.65,50.07,300.1,0,normal,0
32392,21.6,50.06,299.6,0,normal,0
32394,21.59,49.9,298.2,0,normal,0
32396,21.66,49.76,305.1,0,normal,0
32398,21.76,49.81,303.8,0,normal,0
32400,21.85,49.97,302.0,0,normal,0
32402,21.79,49.86,299.2,0,normal,0
32404,21.79,49.65,298.4,0,normal,0
32406,21.77,49.57,300.1,0,normal,0
32408,21.75,49.81,297.1,0,normal,0
32410,21.64,49.99,300.2,0,normal,0
32412,21.66,49.79,298.6,0,normal,0
32414,21.82,49.73,296.4,0,normal,0
32416,21.75,49.64,298.3,0,normal,0
32418,21.7,49.94,297.6,0,normal,0
32420,21.74,49.78,300.2,0,normal,0
32422,21.77,49.63,299.9,0,normal,0
32424,21.68,49.45,300.2,0,normal,0
32426,21.8,49.39,296.0,0,normal,0
32428,21.92,49.42,298.5,0,normal,0
32430,21.94,49.42,300.4,0,normal,0
32432,22.04,49.48,303.4,0,normal,0
32434,21.97,49.5,301.3,0,normal,0
32436,22.03,49.55,304.0,0,normal,0
32438,21.87,49.59,306.1,0,normal,0
32440,21.85,49.64,303.2,0,normal,0
32442,21.82,49.86,305.9,0,normal,0
32444,21.77,50.0,304.3,0,normal,0
32446,21.83,49.79,307.4,0,normal,0
32448,21.86,49.59,304.1,0,normal,0
32450,22.03,49.27,301.6,0,normal,0
32452,22.08,49.09,301.9,0,normal,0
32454,21.93,49.26,297.6,0,normal,0
32456,21.93,49.39,294.7,0,normal,0
32458,21.87,49.7,294.2,0,normal,0
32460,21.89,49.79,291.5,0,normal,0
32462,22.0,50.25,295.1,0,normal,0
32464,22.05,50.22,292.1,0,normal,0
32466,22.08,50.34,293.0,0,normal,0
32468,22.12,50.39,295.7,0,normal,0
32470,22.15,50.0,293.4,0,normal,0
32472,22.18,50.25,292.8,0,normal,0
32474,22.22,50.39,295.2,0,normal,0
32476,22.17,50.17,295.9,0,normal,0
32478,22.13,49.94,304.5,0,normal,0
32480,22.07,49.74,305.7,0,normal,0
32482,22.09,49.93,303.9,0,normal,0
32484,22.09,49.88,304.0,0,normal,0
32486,22.15,50.06,302.6,0,normal,0
32488,22.21,50.17,298.4,0,normal,0
32490,22.35,49.97,300.4,0,normal,0
32492,22.35,50.01,298.5,0,normal,0
32494,22.3,49.67,299.2,0,normal,0
32496,22.09,49.85,303.4,0,normal,0
32498,22.19,50.02,300.6,0,normal,0
32500,22.13,50.1,302.3,0,normal,0
32502,22.2,49.96,300.5,0,normal,0
32504,22.29,50.05,300.8,0,normal,0
32506,22.24,49.85,301.6,0,normal,0
32508,22.32,49.9,302.5,0,normal,0
32510,22.15,49.52,301.5,0,normal,0
32512,22.23,49.54,303.2,0,normal,0
32514,22.24,49.61,300.7,1,normal,0
32516,22.16,49.44,303.2,0,normal,0
32518,22.25,49.12,297.0,0,normal,0
32520,22.33,49.13,299.2,0,normal,0
32522,22.46,49.18,297.5,0,normal,0
32524,22.39,49.45,305.0,0,normal,0
32526,22.49,49.51,303.4,0,normal,0
32528,22.34,49.3,303.1,0,normal,0
32530,22.36,49.05,302.4,0,normal,0
32532,22.37,48.86,299.7,0,normal,0
32534,22.33,48.87,298.4,0,normal,0
32536,22.4,49.06,300.2,0,normal,0
32538,22.48,49.31,291.2,0,normal,0
32540,22.37,49.28,296.7,0,normal,0
32542,22.39,49.56,297.7,0,normal,0
32544,22.35,49.32,303.5,0,normal,0
32546,22.42,49.05,301.9,0,normal,0
32548,22.39,48.96,301.4,0,normal,0
32550,22.51,49.26,303.3,0,normal,0
32552,22.4,49.02,301.8,0,normal,0
32554,22.52,49.27,299.2,0,normal,0
32556,22.64,49.14,298.2,0,normal,0
32558,22.63,49.21,299.8,0,normal,0
32560,22.63,49.26,296.3,0,normal,0
32562,22.5,49.56,295.5,0,normal,0
32564,22.54,49.49,300.6,0,normal,0
32566,22.52,49.42,297.7,0,normal,0
32568,22.47,49.71,295.8,0,normal,0
32570,22.51,49.7,300.8,0,normal,0
32572,22.58,49.47,302.9,0,normal,0
32574,22.55,49.28,302.4,0,normal,0
32576,22.6,49.12,306.1,0,normal,0
32578,22.58,49.26,301.9,0,normal,0
32580,22.68,49.32,298.7,0,normal,0
32582,22.57,49.05,296.1,0,normal,0
32584,22.57,48.89,303.7,0,normal,0
32586,22.41,49.06,303.5,0,normal,0
32588,22.47,49.13,307.3,0,normal,0
32590,22.51,49.07,305.6,0,normal,0
32592,22.63,49.46,304.5,0,normal,0
32594,22.56,49.6,306.9,0,normal,0
32596,22.52,49.65,302.9,0,normal,0
32598,22.46,49.79,304.1,0,normal,0
32600,22.57,49.8,307.5,0,normal,0
32602,22.74,49.77,303.2,0,normal,0
32604,22.67,49.65,308.3,0,normal,0
32606,22.65,49.86,302.6,0,normal,0
32608,22.62,49.88,303.4,0,normal,0
32610,22.57,49.57,304.1,0,normal,0
32612,22.64,49.78,302.4,0,normal,0
32614,22.67,50.11,303.3,0,normal,0
32616,22.67,50.08,304.0,0,normal,0
32618,22.74,50.12,304.0,0,normal,0
32620,22.79,49.91,304.5,0,normal,0
32622,22.67,49.95,302.4,0,normal,0
32624,22.77,49.66,297.0,0,normal,0
32626,22.63,49.88,303.2,0,normal,0
32628,22.71,50.1,304.1,0,normal,0
32630,22.67,49.9,302.8,0,normal,0
32632,22.73,49.79,301.3,0,normal,0
32634,22.65,49.97,299.3,0,normal,0
32636,22.7,49.89,302.6,0,normal,0
32638,22.78,49.98,300.1,0,normal,0
32640,22.87,50.22,307.1,0,normal,0
32642,22.8,49.9,305.7,0,normal,0
32644,22.79,49.79,303.2,0,normal,0
32646,22.74,49.57,303.0,0,normal,0
32648,22.75,49.48,307.0,0,normal,0
32650,22.76,49.49,309.7,0,normal,0
32652,22.65,49.54,304.9,0,normal,0
32654,22.73,49.17,303.8,1,normal,0
32656,22.78,49.1,304.2,0,normal,0
32658,22.73,49.64,308.6,1,normal,0
32660,22.71,49.58,303.0,0,normal,0
32662,22.67,49.28,304.8,0,normal,0
32664,22.59,49.47,303.0,0,normal,0
32666,22.64,49.33,301.2,0,normal,0
32668,22.64,49.19,300.3,0,normal,0
32670,22.65,49.41,299.3,0,normal,0
32672,22.74,49.43,303.1,0,normal,0
32674,22.75,49.67,305.2,0,normal,0
32676,22.82,49.62,307.0,0,normal,0
32678,22.8,49.6,306.7,0,normal,0
32680,22.9,49.45,306.8,0,normal,0
32682,22.74,49.55,303.1,0,normal,0
32684,22.69,49.8,298.5,0,normal,0
32686,22.75,49.71,297.5,0,normal,0
32688,22.78,49.53,300.3,0,normal,0
32690,22.75,49.36,293.3,0,normal,0
32692,22.73,49.46,297.5,0,normal,0
32694,22.68,49.26,303.1,1,normal,0
32696,22.75,49.35,303.4,0,normal,0
32698,22.74,49.85,300.1,0,normal,0
32700,22.67,49.5,294.7,0,normal,0
32702,22.71,49.17,297.4,0,normal,0
32704,22.79,49.24,299.4,0,normal,0
32706,22.85,49.24,301.2,0,normal,0
32708,22.92,49.28,302.1,0,normal,0
32710,22.98,49.34,302.8,0,normal,0
32712,22.97,48.89,306.8,0,normal,0
32714,22.94,48.93,301.0,0,normal,0
32716,23.03,49.0,301.1,0,normal,0
32718,23.16,49.29,304.1,0,normal,0
32720,23.12,49.45,304.5,0,normal,0
32722,23.18,49.13,300.8,0,normal,0
32724,23.2,49.03,303.5,0,normal,0
32726,23.03,48.93,299.8,0,normal,0
32728,22.93,49.3,300.1,0,normal,0
32730,22.87,49.33,298.4,0,normal,0
32732,22.81,49.24,296.8,0,normal,0
32734,22.97,49.67,299.7,0,normal,0
32736,22.93,49.47,302.2,0,normal,0
32738,22.98,49.48,301.2,0,normal,0
32740,23.0,49.47,305.3,0,normal,0
32742,23.1,49.66,304.1,0,normal,0
32744,23.0,49.44,303.5,0,normal,0
32746,23.1,49.84,302.9,0,normal,0
32748,23.02,49.91,301.1,0,normal,0
32750,22.96,49.51,303.4,0,normal,0
32752,22.98,49.37,298.3,0,normal,0
32754,23.08,49.4,302.0,0,normal,0
32756,23.04,49.26,296.3,0,normal,0
32758,23.12,49.24,301.4,0,normal,0
32760,23.13,49.6,298.6,0,normal,0
32762,23.07,49.67,301.8,0,normal,0
32764,23.01,49.66,301.7,0,normal,0
32766,22.99,49.72,297.8,0,normal,0
32768,23.11,49.69,302.3,0,normal,0
32770,22.93,49.75,301.1,0,normal,0
32772,22.97,49.46,300.2,0,normal,0
32774,22.93,49.18,310.1,0,normal,0
32776,22.87,49.3,307.5,0,normal,0
32778,22.87,49.33,302.1,0,normal,0
32780,22.93,48.75,304.1,0,normal,0
32782,22.78,48.37,303.6,0,normal,0
32784,22.86,48.47,303.6,0,normal,0
32786,22.91,48.61,301.1,0,normal,0
32788,23.04,48.61,305.1,0,normal,0
32790,22.9,48.9,304.8,0,normal,0
32792,23.01,49.19,301.8,0,normal,0
32794,22.95,49.52,300.5,0,normal,0
32796,22.85,49.46,302.8,0,normal,0
32798,22.92,49.17,297.8,0,normal,0
32800,22.95,49.4,302.6,0,normal,0
32802,22.81,48.95,301.6,0,normal,0
32804,22.64,48.85,297.3,0,normal,0
32806,22.56,48.38,299.0,0,normal,0
32808,22.58,48.41,297.7,0,normal,0
32810,22.73,48.57,294.0,0,normal,0
32812,22.81,48.56,294.4,0,normal,0
32814,22.8,48.32,301.2,0,normal,0
32816,22.78,48.28,300.4,0,normal,0
32818,22.83,48.54,297.4,0,normal,0
32820,22.79,48.65,295.1,0,normal,0
32822,22.78,48.81,293.2,0,normal,0
32824,22.88,48.44,298.9,0,normal,0
32826,22.84,48.28,303.9,0,normal,0
32828,22.95,48.26,307.4,0,normal,0
32830,22.95,48.75,305.5,0,normal,0
32832,23.08,48.81,305.7,0,normal,0
32834,23.13,48.56,307.0,0,normal,0
32836,23.19,48.81,299.0,0,normal,0
32838,23.16,49.11,298.9,0,normal,0
32840,23.08,48.78,305.6,0,normal,0
32842,23.02,48.68,301.1,0,normal,0
32844,23.08,48.85,305.0,0,normal,0
32846,23.09,48.8,302.9,0,normal,0
32848,23.17,48.65,300.3,0,normal,0
32850,23.2,48.9,304.3,0,normal,0
32852,23.21,48.78,305.1,0,normal,0
32854,23.14,49.26,298.8,0,normal,0
32856,23.06,49.47,303.3,0,normal,0
32858,23.06,49.46,300.2,0,normal,0
32860,23.04,49.42,303.9,0,normal,0
32862,23.09,49.28,302.2,0,normal,0
32864,23.1,49.44,307.9,0,normal,0
32866,23.07,49.44,310.5,0,normal,0
32868,22.95,49.7,308.1,0,normal,0
32870,22.89,49.63,305.7,0,normal,0
32872,23.09,49.54,305.1,0,normal,0
32874,23.14,49.11,306.9,0,normal,0
32876,23.14,49.22,303.3,0,normal,0
32878,23.17,49.23,302.2,0,normal,0
32880,23.13,49.01,301.7,0,normal,0
32882,23.15,49.07,306.5,0,normal,0
32884,23.04,48.87,302.4,0,normal,0
32886,23.08,49.05,302.8,0,normal,0
32888,23.19,49.7,306.2,0,normal,0
32890,23.22,49.51,306.4,0,normal,0
32892,23.1,49.84,305.8,0,normal,0
32894,23.17,49.81,306.7,0,normal,0
32896,23.21,49.48,307.4,0,normal,0
32898,23.22,49.25,307.3,1,normal,0
32900,23.24,49.12,309.2,0,normal,0
32902,23.15,49.23,306.3,0,normal,0
32904,23.25,49.13,301.3,0,normal,0
32906,23.18,49.34,300.7,0,normal,0
32908,23.22,49.65,301.4,0,normal,0
32910,23.26,49.37,298.9,0,normal,0
32912,23.16,49.37,304.1,0,normal,0
32914,23.18,49.22,301.1,0,normal,0
32916,23.07,49.33,296.6,0,normal,0
32918,22.97,49.21,296.4,0,normal,0
32920,22.96,49.12,291.2,0,normal,0
32922,23.12,49.16,294.2,0,normal,0
32924,23.18,49.35,300.8,0,normal,0
32926,23.1,49.39,302.2,0,normal,0
32928,23.13,49.48,304.3,0,normal,0
32930,23.28,49.69,300.6,0,normal,0
32932,23.18,49.69,301.2,0,normal,0
32934,23.19,49.79,299.4,0,normal,0
32936,23.17,49.77,298.1,0,normal,0
32938,23.19,49.92,300.2,0,normal,0
32940,23.22,49.71,298.3,0,normal,0
32942,23.2,49.42,299.7,0,normal,0
32944,23.19,49.26,306.2,0,normal,0
32946,23.22,49.29,306.0,0,normal,0
32948,23.29,49.27,305.3,0,normal,0
32950,23.35,49.19,307.1,0,normal,0
32952,23.37,49.05,305.0,0,normal,0
32954,23.4,49.23,304.2,0,normal,0
32956,23.51,49.47,302.2,0,normal,0
32958,23.54,49.64,310.8,0,normal,0
32960,23.47,49.4,306.7,0,normal,0
32962,23.38,49.05,306.5,0,normal,0
32964,23.35,49.16,300.9,0,normal,0
32966,23.42,49.27,304.0,0,normal,0
32968,23.46,49.47,311.3,0,normal,0
32970,23.44,49.22,314.4,0,normal,0
32972,23.41,48.91,309.5,0,normal,0
32974,23.39,48.85,306.0,0,normal,0
32976,23.32,48.88,304.8,0,normal,0
32978,23.23,48.84,306.1,0,normal,0
32980,23.19,48.74,307.7,0,normal,0
32982,23.05,48.77,307.8,0,normal,0
32984,23.04,49.0,309.0,0,normal,0
32986,23.03,48.77,308.2,0,normal,0
32988,23.06,48.42,311.3,0,normal,0
32990,23.09,48.43,312.9,0,normal,0
32992,23.16,48.95,310.3,0,normal,0
32994,23.23,49.01,310.9,0,normal,0
32996,23.17,48.76,314.4,0,normal,0
32998,23.13,48.44,310.2,0,normal,0
33000,23.15,48.41,311.7,0,normal,0
33002,23.12,48.68,310.8,0,normal,0
33004,23.2,48.51,314.3,0,normal,0
33006,23.29,48.22,316.0,0,normal,0
33008,23.2,48.11,316.3,0,normal,0
33010,23.27,48.07,316.7,0,normal,0
33012,23.17,47.91,313.6,0,normal,0
33014,23.15,48.09,312.3,0,normal,0
33016,23.2,48.3,308.7,0,normal,0
33018,23.3,47.86,304.9,0,normal,0
33020,23.4,48.06,308.6,0,normal,0
33022,23.29,47.97,306.8,0,normal,0
33024,23.24,48.37,307.7,0,normal,0
33026,23.32,48.21,306.0,0,normal,0
33028,23.35,48.55,304.9,0,normal,0
33030,23.4,48.47,304.7,0,normal,0
33032,23.35,48.54,302.1,0,normal,0
33034,23.46,48.49,303.7,0,normal,0
33036,23.57,48.62,302.9,0,normal,0
33038,23.55,48.85,304.5,0,normal,0
33040,23.63,48.94,301.5,0,normal,0
33042,23.61,48.99,297.1,0,normal,0
33044,23.52,49.05,302.0,1,normal,0
33046,23.51,48.95,304.7,0,normal,0
33048,23.51,49.26,307.6,0,normal,0
33050,23.55,49.13,304.1,0,normal,0
33052,23.52,49.0,299.9,0,normal,0
33054,23.48,48.85,302.9,0,normal,0
33056,23.52,48.76,309.4,0,normal,0
33058,23.48,48.79,310.4,0,normal,0
33060,23.46,49.04,308.4,0,normal,0
33062,23.42,48.97,306.6,0,normal,0
33064,23.36,49.11,311.1,0,normal,0
33066,23.37,49.12,310.3,0,normal,0
33068,23.26,49.15,311.7,0,normal,0
33070,23.24,49.3,308.4,0,normal,0
33072,23.36,49.41,303.1,0,normal,0
33074,23.33,49.43,304.4,0,normal,0
33076,23.37,49.42,303.7,0,normal,0
33078,23.27,49.15,304.3,0,normal,0
33080,23.32,49.19,307.5,0,normal,0
33082,23.4,49.04,308.4,0,normal,0
33084,23.45,49.16,309.2,0,normal,0
33086,23.32,48.77,309.5,0,normal,0
33088,23.26,48.55,308.8,0,normal,0
33090,23.31,48.54,309.7,0,normal,0
33092,23.3,48.77,305.3,0,normal,0
33094,23.37,48.83,307.9,0,normal,0
33096,23.31,48.8,309.9,0,normal,0
33098,23.4,48.76,308.7,1,normal,0
33100,23.39,48.85,305.9,0,normal,0
33102,23.27,48.63,308.8,0,normal,0
33104,23.35,48.91,306.5,0,normal,0
33106,23.23,48.88,306.6,0,normal,0
33108,23.25,48.97,306.3,0,normal,0
33110,23.16,48.93,310.2,0,normal,0
33112,23.2,48.75,309.6,0,normal,0
33114,23.18,48.65,302.8,0,normal,0
33116,23.21,48.75,309.5,0,normal,0
33118,23.42,48.41,312.0,0,normal,0
33120,23.44,48.24,312.2,0,normal,0
33122,23.39,48.17,312.3,0,normal,0
33124,23.4,48.15,311.5,0,normal,0
33126,23.3,48.24,307.5,0,normal,0
33128,23.26,48.34,309.5,0,normal,0
33130,23.31,48.56,305.1,0,normal,0
33132,23.39,48.63,301.6,0,normal,0
33134,23.34,48.71,299.6,0,normal,0
33136,23.53,48.8,300.6,0,normal,0
33138,23.48,48.67,305.0,0,normal,0
33140,23.52,48.62,302.5,0,normal,0
33142,23.5,48.63,305.1,0,normal,0
33144,23.54,48.75,307.4,0,normal,0
33146,23.53,48.66,305.8,0,normal,0
33148,23.54,48.45,307.0,0,normal,0
33150,23.57,48.73,313.8,0,normal,0
33152,23.56,48.74,310.6,0,normal,0
33154,23.58,48.98,310.7,0,normal,0
33156,23.56,48.53,310.5,0,normal,0
33158,23.53,48.5,306.1,0,normal,0
33160,23.52,48.6,308.6,0,normal,0
33162,23.53,48.56,311.1,1,normal,0
33164,23.54,48.56,308.3,0,normal,0
33166,23.58,48.7,312.2,0,normal,0
33168,23.56,48.66,310.6,0,normal,0
33170,23.71,48.45,310.6,0,normal,0
33172,23.69,48.35,305.1,0,normal,0
33174,23.66,48.36,300.7,0,normal,0
33176,23.56,48.51,300.6,0,normal,0
33178,23.49,48.38,302.8,0,normal,0
33180,23.46,48.25,305.9,0,normal,0
33182,23.61,48.55,304.7,0,normal,0
33184,23.57,48.82,306.5,0,normal,0
33186,23.54,48.45,301.4,0,normal,0
33188,23.63,48.38,305.6,0,normal,0
33190,23.62,48.23,306.4,0,normal,0
33192,23.73,48.22,311.2,0,normal,0
33194,23.6,48.28,313.3,0,normal,0
33196,23.65,48.35,314.0,0,normal,0
33198,23.69,48.52,308.4,0,normal,0
33200,23.59,48.44,309.6,0,normal,0
33202,23.61,48.58,309.5,0,normal,0
33204,23.53,48.5,316.3,0,normal,0
33206,23.57,48.67,314.2,0,normal,0
33208,23.64,48.58,302.0,0,normal,0
33210,23.59,48.42,301.0,0,normal,0
33212,23.47,48.3,298.8,0,normal,0
33214,23.27,48.18,306.8,0,normal,0
33216,23.17,48.32,303.9,0,normal,0
33218,23.18,48.54,302.8,0,normal,0
33220,23.23,47.97,305.1,0,normal,0
33222,23.12,48.22,305.0,0,normal,0
33224,23.19,48.46,310.2,0,normal,0
33226,23.43,48.42,312.4,0,normal,0
33228,23.56,48.45,306.3,0,normal,0
33230,23.74,48.39,305.6,0,normal,0
33232,23.81,48.95,306.6,0,normal,0
33234,23.93,48.73,306.5,0,normal,0
33236,23.87,48.87,301.3,0,normal,0
33238,23.93,48.82,304.5,0,normal,0
33240,23.86,48.91,306.5,0,normal,0
33242,23.68,48.8,305.2,0,normal,0
33244,23.67,48.79,302.2,0,normal,0
33246,23.63,49.05,307.3,0,normal,0
33248,23.62,49.59,307.8,0,normal,0
33250,23.64,49.4,302.5,0,normal,0
33252,23.61,48.86,308.0,0,normal,0
33254,23.61,48.86,308.7,0,normal,0
33256,23.47,48.47,308.9,0,normal,0
33258,23.44,48.51,306.3,0,normal,0
33260,23.38,48.25,309.9,0,normal,0
33262,23.36,47.92,310.2,0,normal,0
33264,23.44,48.53,310.7,0,normal,0
33266,23.36,48.55,309.5,0,normal,0
33268,23.45,48.36,312.5,0,normal,0
33270,23.54,48.29,311.8,0,normal,0
33272,23.4,48.15,309.8,0,normal,0
33274,23.39,48.07,307.9,0,normal,0
33276,23.48,48.44,307.0,0,normal,0
33278,23.49,48.37,307.8,0,normal,0
33280,23.47,48.29,307.9,0,normal,0
33282,23.41,48.23,308.0,0,normal,0
33284,23.35,48.02,309.0,0,normal,0
33286,23.41,48.03,304.8,0,normal,0
33288,23.43,48.18,308.8,0,normal,0
33290,23.46,48.04,309.2,0,normal,0
33292,23.46,48.01,309.5,0,normal,0
33294,23.39,48.15,310.7,0,normal,0
33296,23.54,48.23,312.1,0,normal,0
33298,23.49,48.17,307.8,0,normal,0
33300,23.57,48.55,300.4,0,normal,0
33302,23.55,48.82,302.4,0,normal,0
33304,23.67,49.26,302.0,0,normal,0
33306,23.66,49.6,300.3,0,normal,0
33308,23.54,49.48,302.3,0,normal,0
33310,23.55,49.71,303.8,0,normal,0
33312,23.53,49.82,309.8,0,normal,0
33314,23.64,49.86,311.3,0,normal,0
33316,23.51,49.63,312.3,0,normal,0
33318,23.4,49.48,308.6,0,normal,0
33320,23.3,49.14,305.2,1,normal,0
33322,23.39,49.38,302.4,0,normal,0
33324,23.32,49.23,308.2,0,normal,0
33326,23.38,49.54,298.4,0,normal,0
33328,23.41,49.77,303.1,0,normal,0
33330,23.26,49.47,307.2,0,normal,0
33332,23.32,49.21,299.8,0,normal,0
33334,23.39,49.14,301.3,0,normal,0
33336,23.24,49.27,298.9,0,normal,0
33338,23.16,49.32,303.5,0,normal,0
33340,23.2,49.26,302.8,0,normal,0
33342,23.21,49.08,303.9,0,normal,0
33344,23.2,49.1,298.4,0,normal,0
33346,23.22,49.27,296.0,0,normal,0
33348,23.27,49.21,302.1,0,normal,0
33350,23.2,49.29,305.6,0,normal,0
33352,23.13,49.07,303.0,0,normal,0
33354,23.26,48.89,307.9,0,normal,0
33356,23.3,49.17,304.4,0,normal,0
33358,23.2,49.46,300.8,0,normal,0
33360,23.44,49.1,303.6,0,normal,0
33362,23.5,48.96,306.2,0,normal,0
33364,23.37,48.83,311.4,0,normal,0
33366,23.27,48.91,309.9,0,normal,0
33368,23.33,48.92,306.1,0,normal,0
33370,23.46,48.76,303.1,0,normal,0
33372,23.41,48.78,303.7,0,normal,0
33374,23.4,48.61,308.6,0,normal,0
33376,23.38,48.83,308.0,0,normal,0
33378,23.22,48.88,302.2,0,normal,0
33380,23.3,48.92,308.2,0,normal,0
33382,23.39,49.38,311.4,0,normal,0
33384,23.49,49.01,309.1,0,normal,0
33386,23.45,49.18,309.8,0,normal,0
33388,23.38,49.21,308.1,0,normal,0
33390,23.41,48.71,311.4,0,normal,0
33392,23.55,48.84,310.3,0,normal,0
33394,23.54,48.79,308.6,0,normal,0
33396,23.56,48.91,307.8,0,normal,0
33398,23.56,48.85,304.9,0,normal,0
33400,23.4,48.97,304.7,0,normal,0
33402,23.46,48.79,308.5,0,normal,0
33404,23.54,48.89,312.2,0,normal,0
33406,23.46,49.02,308.6,0,normal,0
33408,23.29,49.04,307.3,0,normal,0
33410,23.28,49.09,309.1,0,normal,0
33412,23.34,48.98,307.5,0,normal,0
33414,23.4,49.07,311.3,0,normal,0
33416,23.48,49.11,305.8,0,normal,0
33418,23.39,49.06,308.3,0,normal,0
33420,23.45,49.11,304.4,0,normal,0
33422,23.41,48.71,307.3,0,normal,0
33424,23.36,48.63,300.0,0,normal,0
33426,23.25,49.04,306.2,0,normal,0
33428,23.38,48.88,306.5,0,normal,0
33430,23.34,49.01,303.5,0,normal,0
33432,23.34,48.79,306.2,0,normal,0
33434,23.21,48.76,305.7,0,normal,0
33436,23.3,48.52,308.1,0,normal,0
33438,23.33,48.51,308.6,0,normal,0
33440,23.33,48.34,306.9,0,normal,0
33442,23.41,48.49,307.2,0,normal,0
33444,23.38,48.4,305.4,0,normal,0
33446,23.37,48.79,311.3,0,normal,0
33448,23.32,48.47,313.3,0,normal,0
33450,23.29,48.78,306.3,0,normal,0
33452,23.34,48.52,306.6,0,normal,0
33454,23.29,48.45,305.4,0,normal,0
33456,23.5,48.38,305.1,0,normal,0
33458,23.47,48.4,304.9,0,normal,0
33460,23.33,48.37,301.8,0,normal,0
33462,23.38,48.32,304.0,0,normal,0
33464,23.33,48.23,306.0,0,normal,0
33466,23.33,48.29,304.2,0,normal,0
33468,23.37,48.3,304.7,0,normal,0
33470,23.29,48.32,305.5,0,normal,0
33472,23.34,48.06,305.3,0,normal,0
33474,23.19,48.05,301.4,0,normal,0
33476,23.37,48.33,306.5,0,normal,0
33478,23.42,48.56,312.1,0,normal,0
33480,23.43,48.31,314.7,0,normal,0
33482,23.38,48.16,312.1,0,normal,0
33484,23.32,48.43,309.6,0,normal,0
33486,23.4,48.16,311.2,0,normal,0
33488,23.37,48.31,307.1,0,normal,0
33490,23.3,48.26,301.9,0,normal,0
33492,23.23,48.26,305.9,0,normal,0
33494,23.19,48.28,303.6,0,normal,0
33496,23.18,48.57,297.2,1,normal,0
33498,23.26,48.42,296.9,0,normal,0
33500,23.27,48.3,296.2,0,normal,0
33502,23.22,48.54,305.0,0,normal,0
33504,23.21,48.41,303.6,0,normal,0
33506,23.12,48.26,302.3,0,normal,0
33508,23.04,48.58,309.9,0,normal,0
33510,22.92,48.46,303.4,0,normal,0
33512,22.91,48.86,304.1,0,normal,0
33514,22.96,48.57,306.2,0,normal,0
33516,23.01,48.75,304.5,0,normal,0
33518,23.07,48.5,305.3,0,normal,0
33520,23.18,48.54,300.8,0,normal,0
33522,23.12,48.83,301.5,0,normal,0
33524,23.2,48.66,303.4,0,normal,0
33526,23.35,48.98,299.2,0,normal,0
33528,23.46,48.98,302.4,0,normal,0
33530,23.48,48.95,303.3,0,normal,0
33532,23.56,49.02,303.9,0,normal,0
33534,23.67,48.78,302.9,0,normal,0
33536,23.61,48.73,303.8,0,normal,0
33538,23.58,48.38,299.0,0,normal,0
33540,23.54,48.52,302.1,0,normal,0
33542,23.38,48.17,304.6,0,normal,0
33544,23.3,48.1,305.1,0,normal,0
33546,23.37,48.53,304.8,0,normal,0
33548,23.38,48.42,310.5,1,normal,0
33550,23.37,48.42,309.2,0,normal,0
33552,23.3,48.66,306.3,0,normal,0
33554,23.23,48.51,305.1,0,normal,0
33556,23.4,48.69,308.3,0,normal,0
33558,23.41,48.63,309.6,0,normal,0
33560,23.37,48.48,312.9,0,normal,0
33562,23.43,48.68,312.3,0,normal,0
33564,23.5,48.92,309.3,0,normal,0
33566,23.39,49.14,307.4,0,normal,0
33568,23.26,49.05,305.2,0,normal,0
33570,23.25,48.93,306.0,0,normal,0
33572,23.28,49.23,312.0,0,normal,0
33574,23.32,48.82,306.9,0,normal,0
33576,23.32,49.05,304.8,0,normal,0
33578,23.24,48.96,306.9,0,normal,0
33580,23.28,48.61,304.1,0,normal,0
33582,23.3,48.62,301.7,0,normal,0
33584,23.33,48.94,299.9,0,normal,0
33586,23.26,48.84,301.8,0,normal,0
33588,23.33,48.72,307.0,0,normal,0
33590,23.26,48.72,310.1,0,normal,0
33592,23.33,48.79,306.1,0,normal,0
33594,23.3,48.74,306.1,0,normal,0
33596,23.32,48.57,304.0,0,normal,0
33598,23.27,48.55,300.0,0,normal,0
33600,23.31,48.47,299.3,0,normal,0
33602,23.38,48.59,304.5,0,normal,0
33604,23.26,48.71,306.3,0,normal,0
33606,23.29,48.5,298.3,1,normal,0
33608,23.2,48.63,298.0,0,normal,0
33610,23.24,48.75,305.8,0,normal,0
33612,23.2,48.72,301.6,0,normal,0
33614,23.12,48.29,298.2,0,normal,0
33616,23.1,48.36,303.1,0,normal,0
33618,23.11,48.64,299.6,0,normal,0
33620,23.17,48.75,306.0,0,normal,0
33622,23.08,48.85,306.1,0,normal,0
33624,23.03,48.55,309.1,0,normal,0
33626,23.18,48.08,311.3,0,normal,0
33628,23.17,47.97,312.3,0,normal,0
33630,23.23,47.69,307.0,0,normal,0
33632,23.11,47.52,307.3,0,normal,0
33634,23.26,48.02,307.9,0,normal,0
33636,23.18,48.06,302.1,0,normal,0
33638,23.13,48.28,300.1,0,normal,0
33640,23.21,48.1,297.7,0,normal,0
33642,23.31,48.08,299.1,0,normal,0
33644,23.28,48.08,302.2,0,normal,0
33646,23.34,48.32,301.3,0,normal,0
33648,23.27,48.26,301.6,0,normal,0
33650,23.29,48.19,300.5,0,normal,0
33652,23.3,48.25,303.9,0,normal,0
33654,23.24,48.08,299.5,0,normal,0
33656,23.21,47.91,296.0,0,normal,0
33658,23.21,48.34,294.3,0,normal,0
33660,23.12,48.31,296.8,0,normal,0
33662,23.02,48.76,300.3,0,normal,0
33664,23.12,48.74,303.0,0,normal,0
33666,23.22,48.9,306.8,0,normal,0
33668,23.23,48.59,303.1,0,normal,0
33670,23.24,48.6,307.4,0,normal,0
33672,23.25,48.51,304.4,0,normal,0
33674,23.28,48.58,304.1,0,normal,0
33676,23.17,48.17,298.0,0,normal,0
33678,23.11,48.5,296.9,0,normal,0
33680,23.16,48.89,298.1,0,normal,0
33682,23.16,48.91,298.4,0,normal,0
33684,23.2,48.75,299.7,0,normal,0
33686,23.32,48.91,305.2,0,normal,0
33688,23.13,48.72,300.2,0,normal,0
33690,23.08,48.6,299.2,0,normal,0
33692,22.95,48.67,300.0,0,normal,0
33694,22.97,48.56,300.7,0,normal,0
33696,23.07,48.48,302.8,0,normal,0
33698,23.05,48.45,299.9,0,normal,0
33700,23.04,48.57,301.1,0,normal,0
33702,23.09,48.55,300.4,0,normal,0
33704,22.98,48.55,293.5,0,normal,0
33706,23.06,48.55,297.9,0,normal,0
33708,22.98,48.07,299.5,0,normal,0
33710,22.86,48.33,301.9,0,normal,0
33712,22.9,48.2,302.0,0,normal,0
33714,23.06,48.72,308.1,0,normal,0
33716,22.98,48.92,312.0,0,normal,0
33718,23.02,48.98,304.0,0,normal,0
33720,22.94,48.87,301.8,0,normal,0
33722,23.06,49.23,303.6,0,normal,0
33724,23.01,49.6,305.2,0,normal,0
33726,23.07,49.42,303.0,0,normal,0
33728,23.08,49.3,307.9,0,normal,0
33730,23.07,49.05,306.9,0,normal,0
33732,23.13,48.94,308.8,0,normal,0
33734,23.1,48.71,308.0,0,normal,0
33736,23.11,49.02,309.4,0,normal,0
33738,23.02,49.11,315.0,0,normal,0
33740,22.97,49.32,314.7,0,normal,0
33742,22.92,49.26,306.1,0,normal,0
33744,22.98,49.11,305.2,0,normal,0
33746,22.78,48.91,305.6,0,normal,0
33748,22.79,49.04,306.4,0,normal,0
33750,22.66,49.18,303.2,0,normal,0
33752,22.78,49.27,304.5,0,normal,0
33754,22.77,49.3,308.9,0,normal,0
33756,22.78,49.2,302.8,0,normal,0
33758,22.82,49.42,306.7,0,normal,0
33760,22.92,49.6,304.0,0,normal,0
33762,22.89,49.83,303.6,0,normal,0
33764,22.86,49.6,304.9,0,normal,0
33766,22.85,49.2,301.4,0,normal,0
33768,22.84,49.27,302.2,0,normal,0
33770,22.88,49.12,303.9,0,normal,0
33772,22.93,49.42,302.9,0,normal,0
33774,22.93,49.79,309.9,0,normal,0
33776,22.87,49.88,307.7,0,normal,0
33778,22.89,49.8,305.9,0,normal,0
33780,22.95,49.47,302.5,0,normal,0
33782,22.89,49.57,299.8,0,normal,0
33784,22.89,49.78,302.2,0,normal,0
33786,22.86,49.25,300.8,0,normal,0
33788,22.8,48.88,299.9,0,normal,0
33790,22.79,49.17,302.6,0,normal,0
33792,22.91,49.22,306.6,0,normal,0
33794,22.91,49.25,299.6,0,normal,0
33796,23.0,49.24,298.9,0,normal,0
33798,22.87,49.03,297.3,0,normal,0
33800,22.92,48.49,302.0,0,normal,0
33802,22.9,48.54,303.5,0,normal,0
33804,22.79,48.41,301.2,0,normal,0
33806,22.67,48.38,290.6,0,normal,0
33808,22.69,47.98,290.7,0,normal,0
33810,22.64,48.15,298.4,0,normal,0
33812,22.62,47.85,300.6,0,normal,0
33814,22.74,48.11,302.8,0,normal,0
33816,22.74,48.01,308.9,0,normal,0
33818,22.62,47.84,309.3,0,normal,0
33820,22.78,47.71,309.6,0,normal,0
33822,22.92,47.79,303.3,0,normal,0
33824,22.86,47.75,302.4,0,normal,0
33826,22.82,48.08,302.0,0,normal,0
33828,22.83,47.96,299.7,0,normal,0
33830,22.84,48.35,297.6,0,normal,0
33832,22.74,48.15,296.5,0,normal,0
33834,22.9,48.27,302.0,0,normal,0
33836,22.96,48.44,294.5,0,normal,0
33838,22.99,48.35,293.9,0,normal,0
33840,22.95,48.4,297.7,0,normal,0
33842,22.91,48.36,297.2,0,normal,0
33844,23.07,48.21,300.5,0,normal,0
33846,23.1,48.57,298.8,0,normal,0
33848,23.16,48.31,297.0,0,normal,0
33850,23.03,48.18,300.9,0,normal,0
33852,23.02,48.27,299.5,0,normal,0
33854,22.91,48.58,302.8,0,normal,0
33856,22.9,48.6,304.9,0,normal,0
33858,22.96,48.46,305.4,0,normal,0
33860,22.85,48.44,301.8,0,normal,0
33862,22.83,48.87,299.1,0,normal,0
33864,22.92,48.81,301.6,0,normal,0
33866,22.95,48.83,298.3,0,normal,0
33868,22.98,48.86,299.0,0,normal,0
33870,22.89,48.66,302.3,0,normal,0
33872,22.85,48.76,308.7,0,normal,0
33874,22.91,48.88,312.8,0,normal,0
33876,22.73,48.9,310.4,0,normal,0
33878,22.76,48.88,308.1,0,normal,0
33880,22.71,48.54,307.5,0,normal,0
33882,22.68,48.49,304.8,0,normal,0
33884,22.87,48.51,303.4,0,normal,0
33886,22.9,48.54,303.1,0,normal,0
33888,22.86,48.49,304.9,0,normal,0
33890,22.93,48.56,300.2,0,normal,0
33892,22.85,48.64,302.8,0,normal,0
33894,22.87,48.7,308.0,0,normal,0
33896,22.92,48.54,309.0,0,normal,0
33898,22.81,49.0,306.0,0,normal,0
33900,22.85,48.82,310.1,0,normal,0
33902,22.74,48.97,308.8,0,normal,0
33904,22.67,48.9,305.7,0,normal,0
33906,22.77,48.73,300.5,0,normal,0
33908,22.64,48.71,298.3,0,normal,0
33910,22.7,48.38,295.9,0,normal,0
33912,22.78,48.61,295.3,0,normal,0
33914,22.92,48.75,301.7,0,normal,0
33916,22.94,48.78,303.3,0,normal,0
33918,23.03,48.58,299.9,0,normal,0
33920,22.92,48.71,299.6,0,normal,0
33922,22.96,48.36,301.0,0,normal,0
33924,22.9,48.47,304.0,0,normal,0
33926,22.93,48.67,296.5,0,normal,0
33928,22.89,48.85,299.1,0,normal,0
33930,22.89,48.81,294.4,0,normal,0
33932,22.86,49.11,296.6,0,normal,0
33934,22.74,48.87,296.4,0,normal,0
33936,22.64,49.08,297.3,0,normal,0
33938,22.58,48.74,298.5,0,normal,0
33940,22.41,48.98,302.4,0,normal,0
33942,22.25,49.02,300.8,0,normal,0
33944,22.46,48.96,297.4,0,normal,0
33946,22.32,48.93,294.3,0,normal,0
33948,22.32,48.98,294.2,0,normal,0
33950,22.35,48.98,297.3,0,normal,0
33952,22.44,49.11,297.1,0,normal,0
33954,22.54,49.32,300.3,0,normal,0
33956,22.55,49.28,299.4,0,normal,0
33958,22.49,49.26,297.1,0,normal,0
33960,22.53,49.24,296.2,0,normal,0
33962,22.68,49.22,297.7,0,normal,0
33964,22.66,49.14,294.5,0,normal,0
33966,22.72,48.9,302.0,0,normal,0
33968,22.81,48.77,301.6,0,normal,0
33970,22.71,48.97,298.0,0,normal,0
33972,22.68,48.79,300.2,0,normal,0
33974,22.7,48.73,299.0,0,normal,0
33976,22.8,49.12,299.1,0,normal,0
33978,22.76,49.04,294.7,0,normal,0
33980,22.72,48.65,300.0,0,normal,0
33982,22.61,48.57,297.9,0,normal,0
33984,22.54,48.59,295.3,0,normal,0
33986,22.59,48.8,297.9,0,normal,0
33988,22.61,48.96,302.2,0,normal,0
33990,22.5,48.94,307.2,0,normal,0
33992,22.57,48.84,308.1,0,normal,0
33994,22.57,48.88,306.9,0,normal,0
33996,22.58,48.72,310.0,0,normal,0
33998,22.58,48.62,305.3,0,normal,0
34000,22.55,48.66,301.4,0,normal,0
34002,22.52,48.99,295.6,0,normal,0
34004,22.59,48.95,292.3,0,normal,0
34006,22.66,48.76,293.7,0,normal,0
34008,22.67,49.16,295.4,0,normal,0
34010,22.68,49.24,296.6,0,normal,0
34012,22.7,49.09,296.0,0,normal,0
34014,22.59,49.09,298.2,0,normal,0
34016,22.49,49.34,298.1,0,normal,0
34018,22.48,49.64,301.0,0,normal,0
34020,22.47,49.65,302.3,0,normal,0
34022,22.32,49.81,299.7,0,normal,0
34024,22.3,49.67,301.7,0,normal,0
34026,22.31,49.65,297.5,0,normal,0
34028,22.53,49.8,295.6,0,normal,0
34030,22.42,49.91,292.9,0,normal,0
34032,22.31,49.8,297.5,0,normal,0
34034,22.35,49.77,300.9,0,normal,0
34036,22.31,49.86,300.2,0,normal,0
34038,22.41,49.83,300.6,0,normal,0
34040,22.27,49.84,299.8,0,normal,0
34042,22.31,49.95,304.9,0,normal,0
34044,22.27,50.2,306.9,0,normal,0
34046,22.18,50.38,306.0,0,normal,0
34048,22.25,50.34,302.9,0,normal,0
34050,22.32,50.16,302.7,0,normal,0
34052,22.4,49.91,300.2,0,normal,0
34054,22.46,49.93,300.0,0,normal,0
34056,22.38,49.89,293.1,0,normal,0
34058,22.37,49.57,290.2,0,normal,0
34060,22.37,49.66,295.7,0,normal,0
34062,22.42,49.47,300.6,0,normal,0
34064,22.5,49.56,297.9,0,normal,0
34066,22.53,49.29,298.3,0,normal,0
34068,22.55,49.24,297.6,0,normal,0
34070,22.36,49.2,299.0,0,normal,0
34072,22.34,49.09,300.8,0,normal,0
34074,22.39,49.11,301.1,0,normal,0
34076,22.4,49.28,302.5,0,normal,0
34078,22.38,49.53,306.8,0,normal,0
34080,22.49,49.73,306.7,0,normal,0
34082,22.52,49.79,307.8,0,normal,0
34084,22.48,49.72,305.1,0,normal,0
34086,22.62,49.5,301.8,0,normal,0
34088,22.49,49.51,300.9,0,normal,0
34090,22.5,49.29,300.6,0,normal,0
34092,22.51,49.44,302.6,0,normal,0
34094,22.3,49.7,302.1,0,normal,0
34096,22.29,49.76,307.8,0,normal,0
34098,22.25,49.61,308.1,0,normal,0
34100,22.19,49.77,302.7,0,normal,0
34102,22.26,49.75,301.5,0,normal,0
34104,22.22,49.63,294.7,0,normal,0
34106,22.21,49.63,293.4,0,normal,0
34108,22.19,49.38,300.0,0,normal,0
34110,22.05,49.72,298.9,0,normal,0
34112,22.21,49.87,297.6,0,normal,0
34114,22.21,49.58,297.6,0,normal,0
34116,22.29,49.64,297.1,0,normal,0
34118,22.34,49.89,297.2,0,normal,0
34120,22.36,49.81,300.9,0,normal,0
34122,22.53,49.96,295.9,0,normal,0
34124,22.5,49.21,297.1,0,normal,0
34126,22.48,48.95,299.9,0,normal,0
34128,22.46,48.88,302.4,0,normal,0
34130,22.33,48.68,299.4,0,normal,0
34132,22.29,49.09,300.6,0,normal,0
34134,22.31,49.08,298.7,0,normal,0
34136,22.19,49.1,301.9,0,normal,0
34138,22.24,49.22,303.9,0,normal,0
34140,22.22,49.43,303.9,0,normal,0
34142,22.13,49.22,307.5,0,normal,0
34144,22.04,49.98,308.6,1,normal,0
34146,22.1,49.79,306.2,0,normal,0
34148,22.07,49.65,305.2,0,normal,0
34150,22.2,49.72,302.2,0,normal,0
34152,22.08,50.02,304.0,0,normal,0
34154,22.03,49.97,303.6,0,normal,0
34156,22.05,49.95,306.9,0,normal,0
34158,22.01,50.2,308.6,0,normal,0
34160,22.04,50.27,301.6,0,normal,0
34162,22.05,50.08,305.2,0,normal,0
34164,22.23,49.94,299.2,0,normal,0
34166,22.33,50.04,299.3,0,normal,0
34168,22.32,49.76,302.6,0,normal,0
34170,22.28,49.74,301.3,0,normal,0
34172,22.27,49.97,297.8,0,normal,0
34174,22.2,49.69,300.5,0,normal,0
34176,22.21,49.51,301.1,0,normal,0
34178,22.17,49.79,300.4,0,normal,0
34180,22.2,49.72,299.0,0,normal,0
34182,22.15,49.98,303.1,0,normal,0
34184,22.06,50.02,301.9,0,normal,0
34186,22.11,50.33,299.9,0,normal,0
34188,22.05,50.16,299.5,0,normal,0
34190,22.09,50.27,302.5,0,normal,0
34192,22.14,50.35,301.2,0,normal,0
34194,22.14,50.28,301.6,0,normal,0
34196,22.11,50.19,303.5,0,normal,0
34198,22.05,50.25,304.7,0,normal,0
34200,21.98,50.23,297.1,0,normal,0
34202,22.01,50.33,301.5,0,normal,0
34204,21.83,50.29,300.5,0,normal,0
34206,21.82,50.27,302.6,0,normal,0
34208,21.93,50.17,302.1,0,normal,0
34210,22.01,50.17,304.1,0,normal,0
34212,22.07,49.75,299.2,0,normal,0
34214,22.19,49.74,297.5,0,normal,0
34216,22.21,50.09,294.8,0,normal,0
34218,22.2,50.43,294.6,0,normal,0
34220,22.13,50.25,296.9,0,normal,0
34222,22.2,50.21,301.7,0,normal,0
34224,22.11,49.96,303.7,0,normal,0
34226,22.11,49.98,303.9,0,normal,0
34228,22.18,50.01,307.5,0,normal,0
34230,22.2,50.02,301.3,0,normal,0
34232,22.28,49.87,295.6,0,normal,0
34234,22.24,49.99,296.2,0,normal,0
34236,22.02,50.14,300.4,0,normal,0
34238,21.98,50.22,300.5,0,normal,0
34240,21.98,49.87,299.7,0,normal,0
34242,21.97,50.21,298.3,0,normal,0
34244,21.91,50.65,297.6,0,normal,0
34246,21.87,50.84,294.1,0,normal,0
34248,21.82,50.69,294.8,0,normal,0
34250,21.89,50.8,298.3,0,normal,0
34252,21.79,50.52,304.0,0,normal,0
34254,21.72,50.46,306.5,0,normal,0
34256,21.61,50.5,299.5,0,normal,0
34258,21.59,50.68,302.4,0,normal,0
34260,21.57,50.62,302.9,0,normal,0
34262,21.73,50.52,304.3,0,normal,0
34264,21.71,50.17,301.7,0,normal,0
34266,21.79,50.01,303.0,0,normal,0
34268,21.89,50.0,302.6,0,normal,0
34270,21.73,49.94,301.9,0,normal,0
34272,21.64,49.85,296.4,0,normal,0
34274,21.54,49.74,296.1,0,normal,0
34276,21.58,50.11,293.2,0,normal,0
34278,21.61,49.97,294.2,0,normal,0
34280,21.48,49.72,297.4,0,normal,0
34282,21.34,50.07,298.8,0,normal,0
34284,21.41,50.21,298.6,0,normal,0
34286,21.39,50.54,298.1,0,normal,0
34288,21.34,50.3,298.6,0,normal,0
34290,21.33,50.02,298.7,0,normal,0
34292,21.36,50.12,297.7,0,normal,0
34294,21.42,49.89,294.9,0,normal,0
34296,21.65,49.74,298.5,0,normal,0
34298,21.55,50.11,293.7,0,normal,0
34300,21.56,50.25,297.6,0,normal,0
34302,21.71,50.0,291.2,0,normal,0
34304,21.78,50.27,297.7,0,normal,0
34306,21.84,50.66,296.6,0,normal,0
34308,21.75,50.78,297.7,0,normal,0
34310,21.77,50.5,297.9,0,normal,0
34312,21.67,50.48,290.2,0,normal,0
34314,21.71,50.43,299.2,0,normal,0
34316,21.68,50.38,295.5,0,normal,0
34318,21.69,50.35,293.6,0,normal,0
34320,21.67,50.46,298.0,0,normal,0
34322,21.67,50.1,299.5,0,normal,0
34324,21.77,50.23,299.0,0,normal,0
34326,21.79,50.54,296.6,0,normal,0
34328,21.85,50.31,295.7,0,normal,0
34330,22.03,50.01,294.7,0,normal,0
34332,22.01,49.97,293.9,0,normal,0
34334,22.0,49.81,291.6,0,normal,0
34336,21.94,49.76,295.6,0,normal,0
34338,21.86,49.85,297.0,0,normal,0
34340,21.65,50.31,300.2,0,normal,0
34342,21.69,49.95,293.8,0,normal,0
34344,21.73,50.19,294.3,0,normal,0
34346,21.73,50.26,292.6,0,normal,0
34348,21.73,50.38,292.6,0,normal,0
34350,21.72,49.93,292.9,0,normal,0
34352,21.61,49.69,294.8,0,normal,0
34354,21.79,50.06,291.8,0,normal,0
34356,21.73,50.08,297.5,0,normal,0
34358,21.68,50.28,290.9,0,normal,0
34360,21.6,50.38,293.6,0,normal,0
34362,21.56,50.33,300.0,0,normal,0
34364,21.66,50.49,298.9,0,normal,0
34366,21.71,50.6,298.6,0,normal,0
34368,21.59,50.31,295.4,0,normal,0
34370,21.6,50.24,291.8,0,normal,0
34372,21.61,50.32,293.6,0,normal,0
34374,21.88,50.6,294.4,0,normal,0
34376,21.71,50.7,294.5,0,normal,0
34378,21.66,50.34,296.6,0,normal,0
34380,21.67,50.38,288.6,0,normal,0
34382,21.58,50.14,290.0,0,normal,0
34384,21.55,49.94,296.3,0,normal,0
34386,21.51,49.85,294.1,0,normal,0
34388,21.57,49.68,297.2,0,normal,0
34390,21.57,49.67,294.2,1,normal,0
34392,21.64,49.75,295.3,0,normal,0
34394,21.63,49.89,295.1,0,normal,0
34396,21.62,49.81,292.7,0,normal,0
34398,21.72,50.23,296.9,0,normal,0
34400,21.63,49.93,297.7,0,normal,0
34402,21.67,50.02,297.9,0,normal,0
34404,21.66,50.26,300.5,0,normal,0
34406,21.51,50.33,299.0,0,normal,0
34408,21.53,50.5,299.3,0,normal,0
34410,21.57,50.57,302.6,0,normal,0
34412,21.56,50.78,299.6,0,normal,0
34414,21.64,50.67,295.4,0,normal,0
34416,21.49,50.58,292.9,0,normal,0
34418,21.51,50.69,290.9,0,normal,0
34420,21.53,50.62,298.0,0,normal,0
34422,21.61,51.08,297.3,0,normal,0
34424,21.53,51.31,300.3,0,normal,0
34426,21.44,51.31,301.1,0,normal,0
34428,21.43,51.28,300.1,1,normal,0
34430,21.31,50.97,300.7,0,normal,0
34432,21.32,50.82,297.8,0,normal,0
34434,21.41,50.62,297.8,0,normal,0
34436,21.49,50.58,298.6,0,normal,0
34438,21.49,50.32,300.3,0,normal,0
34440,21.39,50.14,300.6,1,normal,0
34442,21.3,50.23,295.1,0,normal,0
34444,21.39,50.13,295.7,0,normal,0
34446,21.44,50.22,295.0,0,normal,0
34448,21.41,50.76,291.4,0,normal,0
34450,21.38,50.69,292.9,0,normal,0
34452,21.28,50.53,295.4,0,normal,0
34454,21.23,50.89,298.5,0,normal,0
34456,21.15,50.68,294.0,0,normal,0
34458,21.35,50.8,293.8,0,normal,0
34460,21.3,50.84,293.7,0,normal,0
34462,21.32,50.63,293.6,0,normal,0
34464,21.15,50.25,292.8,1,normal,0
34466,21.24,50.32,294.5,0,normal,0
34468,21.21,50.56,297.2,0,normal,0
34470,21.12,50.64,297.7,0,normal,0
34472,21.08,50.63,295.4,0,normal,0
34474,21.13,50.71,295.5,0,normal,0
34476,21.19,51.13,299.2,0,normal,0
34478,21.12,50.98,301.9,0,normal,0
34480,21.07,50.88,299.2,0,normal,0
34482,21.07,50.62,300.0,0,normal,0
34484,21.04,50.94,296.2,0,normal,0
34486,21.05,51.04,292.7,0,normal,0
34488,21.07,51.14,293.2,0,normal,0
34490,21.07,51.28,296.0,0,normal,0
34492,20.85,51.07,300.6,0,normal,0
34494,20.87,50.76,295.7,0,normal,0
34496,20.92,50.85,301.5,0,normal,0
34498,20.83,50.78,291.7,0,normal,0
34500,20.83,50.85,292.9,0,normal,0
34502,20.73,50.44,291.7,0,normal,0
34504,20.73,50.64,288.2,0,normal,0
34506,20.72,50.58,289.8,0,normal,0
34508,20.91,50.2,292.1,0,normal,0
34510,21.04,50.29,297.0,0,normal,0
34512,21.02,50.2,294.6,0,normal,0
34514,21.01,49.99,298.7,0,normal,0
34516,21.0,50.41,295.5,0,normal,0
34518,21.0,50.26,295.0,0,normal,0
34520,21.19,50.44,294.6,0,normal,0
34522,21.34,50.21,295.2,0,normal,0
34524,21.14,50.38,291.9,0,normal,0
34526,21.13,50.45,297.1,0,normal,0
34528,20.97,50.44,292.0,0,normal,0
34530,21.08,50.42,290.6,0,normal,0
34532,21.0,50.47,292.1,0,normal,0
34534,21.02,50.45,295.9,0,normal,0
34536,20.94,50.68,298.2,0,normal,0
34538,20.95,50.89,301.4,0,normal,0
34540,20.97,50.91,296.0,0,normal,0
34542,21.0,50.83,289.4,0,normal,0
34544,21.04,51.1,289.5,0,normal,0
34546,20.99,51.07,291.3,0,normal,0
34548,20.96,50.82,292.6,0,normal,0
34550,21.05,50.77,298.2,0,normal,0
34552,21.03,50.89,297.5,1,normal,0
34554,20.91,51.11,293.2,0,normal,0
34556,20.95,51.26,293.6,0,normal,0
34558,20.87,51.17,291.7,0,normal,0
34560,20.84,50.98,294.3,0,normal,0
34562,21.02,51.23,292.8,0,normal,0
34564,21.14,51.55,293.7,0,normal,0
34566,21.13,51.61,298.1,0,normal,0
34568,21.05,51.62,297.8,0,normal,0
34570,21.2,51.55,300.7,0,normal,0
34572,20.97,51.28,299.4,0,normal,0
34574,20.86,51.33,299.7,0,normal,0
34576,20.83,51.15,299.2,0,normal,0
34578,20.9,50.89,299.8,0,normal,0
34580,20.72,51.0,299.5,0,normal,0
34582,20.71,51.27,298.4,0,normal,0
34584,20.7,51.01,295.2,0,normal,0
34586,20.85,51.22,293.2,0,normal,0
34588,20.77,51.35,295.6,1,normal,0
34590,21.08,50.87,297.8,0,normal,0
34592,21.21,50.77,293.5,0,normal,0
34594,21.17,50.58,296.3,0,normal,0
34596,21.18,50.59,299.0,0,normal,0
34598,21.16,50.72,294.7,0,normal,0
34600,21.17,50.91,291.0,0,normal,0
34602,21.05,51.25,291.8,0,normal,0
34604,21.12,51.23,295.9,0,normal,0
34606,21.18,50.8,299.6,0,normal,0
34608,21.18,51.04,298.2,0,normal,0
34610,21.28,51.12,297.7,0,normal,0
34612,21.16,50.91,296.7,0,normal,0
34614,21.08,51.16,291.5,0,normal,0
34616,21.17,51.14,289.2,0,normal,0
34618,21.16,50.82,292.3,0,normal,0
34620,21.06,50.57,298.3,0,normal,0
34622,21.15,50.69,299.2,0,normal,0
34624,21.05,50.48,298.7,0,normal,0
34626,21.17,50.56,298.2,0,normal,0
34628,21.22,50.48,300.4,0,normal,0
34630,21.2,50.74,302.0,0,normal,0
34632,21.26,51.2,307.6,0,normal,0
34634,21.16,51.34,302.0,0,normal,0
34636,21.09,51.27,296.4,0,normal,0
34638,21.14,51.4,296.2,0,normal,0
34640,21.08,50.86,300.7,0,normal,0
34642,21.14,50.88,294.1,0,normal,0
34644,21.17,50.68,296.3,0,normal,0
34646,21.11,50.81,296.6,0,normal,0
34648,20.91,50.98,299.2,0,normal,0
34650,20.9,51.3,297.2,0,normal,0
34652,20.98,51.42,299.3,0,normal,0
34654,20.88,51.25,298.8,0,normal,0
34656,20.95,51.03,297.4,0,normal,0
34658,20.92,51.13,296.5,0,normal,0
34660,20.83,51.26,295.3,0,normal,0
34662,20.82,51.31,298.7,0,normal,0
34664,20.69,51.61,292.7,0,normal,0
34666,20.76,51.22,290.7,0,normal,0
34668,20.94,51.09,289.5,0,normal,0
34670,20.98,51.02,291.5,0,normal,0
34672,20.97,50.6,294.7,0,normal,0
34674,20.89,50.54,295.7,0,normal,0
34676,20.86,50.74,293.8,0,normal,0
34678,20.93,50.6,292.7,0,normal,0
34680,20.96,50.76,298.2,0,normal,0
34682,20.95,50.54,303.8,0,normal,0
34684,21.01,51.0,303.6,0,normal,0
34686,21.08,51.0,299.9,0,normal,0
34688,20.96,51.07,299.9,0,normal,0
34690,20.98,50.83,304.9,0,normal,0
34692,20.85,50.66,298.8,0,normal,0
34694,20.82,50.78,297.0,0,normal,0
34696,20.87,51.01,297.4,0,normal,0
34698,20.97,51.32,292.5,0,normal,0
34700,20.94,51.03,295.8,0,normal,0
34702,20.88,50.76,293.0,0,normal,0
34704,20.84,50.99,290.5,0,normal,0
34706,20.88,50.81,291.3,0,normal,0
34708,20.86,51.11,295.2,0,normal,0
34710,20.82,51.73,291.4,0,normal,0
34712,20.88,51.58,294.7,0,normal,0
34714,20.82,51.47,295.0,0,normal,0
34716,20.95,51.56,293.4,0,normal,0
34718,20.94,51.19,290.2,0,normal,0
34720,20.78,51.37,291.9,0,normal,0
34722,20.86,51.07,291.6,0,normal,0
34724,20.9,51.14,291.6,0,normal,0
34726,20.89,51.34,297.2,0,normal,0
34728,20.9,51.31,293.9,0,normal,0
34730,20.89,50.8,295.9,0,normal,0
34732,20.76,50.58,293.7,0,normal,0
34734,20.63,50.49,289.5,0,normal,0
34736,20.63,50.3,284.3,0,normal,0
34738,20.68,50.35,287.0,0,normal,0
34740,20.58,50.91,288.8,0,normal,0
34742,20.62,50.86,295.4,0,normal,0
34744,20.63,50.96,298.4,0,normal,0
34746,20.54,51.29,293.0,0,normal,0
34748,20.48,51.37,291.0,0,normal,0
34750,20.44,51.65,291.2,0,normal,0
34752,20.35,51.58,293.4,0,normal,0
34754,20.38,51.29,294.2,0,normal,0
34756,20.31,51.25,297.5,0,normal,0
34758,20.41,51.22,295.5,0,normal,0
34760,20.42,51.51,296.7,0,normal,0
34762,20.44,51.49,294.0,0,normal,0
34764,20.62,51.91,295.1,0,normal,0
34766,20.55,51.89,295.0,0,normal,0
34768,20.61,51.48,298.0,0,normal,0
34770,20.52,51.17,299.6,0,normal,0
34772,20.51,51.08,292.7,0,normal,0
34774,20.44,50.82,298.8,0,normal,0
34776,20.4,50.73,297.8,0,normal,0
34778,20.51,50.89,294.8,1,normal,0
34780,20.47,50.86,294.5,0,normal,0
34782,20.38,50.89,297.7,0,normal,0
34784,20.37,50.85,289.2,0,normal,0
34786,20.39,50.87,294.6,0,normal,0
34788,20.43,50.88,292.7,0,normal,0
34790,20.45,50.9,291.0,0,normal,0
34792,20.28,50.8,293.5,0,normal,0
34794,20.32,50.24,294.0,0,normal,0
34796,20.56,50.39,293.3,0,normal,0
34798,20.55,50.24,290.9,0,normal,0
34800,20.54,50.22,291.9,0,normal,0
34802,20.59,50.62,296.8,0,normal,0
34804,20.42,50.52,295.7,0,normal,0
34806,20.38,50.51,292.4,0,normal,0
34808,20.49,50.61,289.5,0,normal,0
34810,20.53,51.01,294.4,0,normal,0
34812,20.48,51.25,297.4,0,normal,0
34814,20.46,51.52,295.4,0,normal,0
34816,20.41,51.2,293.0,0,normal,0
34818,20.49,51.22,296.6,0,normal,0
34820,20.59,51.28,292.2,0,normal,0
34822,20.47,51.8,292.3,0,normal,0
34824,20.57,51.89,291.8,0,normal,0
34826,20.54,51.37,291.6,0,normal,0
34828,20.6,51.48,293.6,0,normal,0
34830,20.69,51.45,295.8,0,normal,0
34832,20.69,51.37,294.1,0,normal,0
34834,20.77,51.42,299.7,0,normal,0
34836,20.75,51.69,299.9,0,normal,0
34838,20.79,51.82,304.1,0,normal,0
34840,20.74,51.46,299.1,0,normal,0
34842,20.75,51.36,299.0,0,normal,0
34844,20.77,51.34,297.2,0,normal,0
34846,20.71,51.42,291.3,0,normal,0
34848,20.62,51.41,291.0,0,normal,0
34850,20.55,51.16,292.0,0,normal,0
34852,20.63,51.37,296.2,0,normal,0
34854,20.59,51.26,293.3,0,normal,0
34856,20.6,51.57,293.5,0,normal,0
34858,20.77,51.56,290.1,0,normal,0
34860,20.63,51.43,292.4,0,normal,0
34862,20.54,51.59,296.4,0,normal,0
34864,20.52,51.69,293.9,0,normal,0
34866,20.53,52.13,295.2,0,normal,0
34868,20.5,52.29,294.8,0,normal,0
34870,20.66,52.01,298.0,0,normal,0
34872,20.6,51.95,298.2,0,normal,0
34874,20.52,51.91,297.3,0,normal,0
34876,20.55,51.67,297.6,0,normal,0
34878,20.54,51.41,296.3,0,normal,0
34880,20.52,51.6,298.6,0,normal,0
34882,20.52,51.61,292.5,0,normal,0
34884,20.5,51.4,294.3,0,normal,0
34886,20.56,51.54,299.1,0,normal,0
34888,20.44,51.37,305.2,0,normal,0
34890,20.64,51.79,295.7,0,normal,0
34892,20.72,51.87,296.4,0,normal,0
34894,20.74,51.66,295.9,0,normal,0
34896,20.83,51.7,294.5,0,normal,0
34898,20.76,51.92,293.0,0,normal,0
34900,20.74,51.7,290.5,0,normal,0
34902,20.82,51.52,295.3,0,normal,0
34904,20.82,51.8,296.5,0,normal,0
34906,20.8,52.11,296.9,0,normal,0
34908,20.84,51.96,297.7,0,normal,0
34910,20.79,51.83,298.3,0,normal,0
34912,20.67,51.71,299.3,0,normal,0
34914,20.55,51.48,297.2,1,normal,0
34916,20.54,51.48,297.1,0,normal,0
34918,20.57,51.57,295.3,0,normal,0
34920,20.46,51.74,294.6,0,normal,0
34922,20.51,51.65,294.1,0,normal,0
34924,20.6,51.69,289.9,0,normal,0
34926,20.72,51.61,289.2,0,normal,0
34928,20.68,52.03,288.9,0,normal,0
34930,20.55,51.81,291.4,0,normal,0
34932,20.5,52.12,295.7,0,normal,0
34934,20.38,52.03,298.5,0,normal,0
34936,20.31,52.02,299.2,0,normal,0
34938,20.25,51.71,301.3,0,normal,0
34940,20.4,51.57,305.7,0,normal,0
34942,20.33,51.84,301.0,0,normal,0
34944,20.36,52.06,305.0,0,normal,0
34946,20.42,51.71,310.5,0,normal,0
34948,20.35,51.78,307.4,0,normal,0
34950,20.59,51.9,308.0,0,normal,0
34952,20.53,51.82,306.6,0,normal,0
34954,20.38,51.67,301.5,0,normal,0
34956,20.37,51.3,296.2,0,normal,0
34958,20.3,51.21,295.2,0,normal,0
34960,20.3,51.66,289.4,0,normal,0
34962,20.3,51.88,288.0,0,normal,0
34964,20.39,51.57,287.2,0,normal,0
34966,20.42,51.63,294.8,0,normal,0
34968,20.63,51.52,295.1,0,normal,0
34970,20.53,51.43,293.7,0,normal,0
34972,20.66,51.35,296.5,0,normal,0
34974,20.82,51.11,296.4,0,normal,0
34976,20.78,51.05,290.0,0,normal,0
34978,20.94,50.96,287.0,0,normal,0
34980,20.97,51.4,285.7,0,normal,0
34982,20.96,51.25,287.6,0,normal,0
34984,21.08,50.56,290.6,0,normal,0
34986,21.07,50.53,290.2,0,normal,0
34988,20.98,50.52,290.8,0,normal,0
34990,21.02,50.56,289.6,0,normal,0
34992,20.97,50.6,292.9,0,normal,0
34994,20.99,50.65,292.8,0,normal,0
34996,21.01,50.93,291.9,0,normal,0
34998,20.89,50.72,289.0,0,normal,0
35000,20.87,50.81,290.0,0,normal,0
35002,20.89,50.95,294.6,0,normal,0
35004,20.78,51.0,291.7,0,normal,0
35006,20.6,51.15,290.4,0,normal,0
35008,20.54,51.61,289.5,0,normal,0
35010,20.57,51.2,288.9,0,normal,0
35012,20.62,50.94,291.7,0,normal,0
35014,20.61,50.76,288.8,0,normal,0
35016,20.65,50.74,286.6,0,normal,0
35018,20.69,51.08,286.1,1,normal,0
35020,20.62,51.12,291.1,0,normal,0
35022,20.61,51.22,292.6,0,normal,0
35024,20.57,51.01,294.0,0,normal,0
35026,20.61,51.01,292.9,0,normal,0
35028,20.69,51.1,291.2,0,normal,0
35030,20.74,51.23,292.1,0,normal,0
35032,20.67,51.27,289.2,0,normal,0
35034,20.71,51.08,294.0,0,normal,0
35036,20.75,50.88,290.1,0,normal,0
35038,20.63,50.86,291.0,0,normal,0
35040,20.62,50.7,297.0,0,normal,0
35042,20.56,50.59,303.4,0,normal,0
35044,20.58,50.36,302.6,0,normal,0
35046,20.68,50.48,302.1,0,normal,0
35048,20.61,50.36,297.3,0,normal,0
35050,20.52,50.51,293.4,0,normal,0
35052,20.39,50.67,300.6,0,normal,0
35054,20.37,50.71,296.2,0,normal,0
35056,20.39,50.92,295.5,0,normal,0
35058,20.55,51.21,295.3,0,normal,0
35060,20.44,51.24,295.7,0,normal,0
35062,20.46,50.88,295.5,0,normal,0
35064,20.52,51.27,296.1,0,normal,0
35066,20.6,51.37,292.7,0,normal,0
35068,20.53,51.84,291.9,0,normal,0
35070,20.57,51.75,292.4,0,normal,0
35072,20.44,51.78,291.1,0,normal,0
35074,20.4,52.12,291.4,0,normal,0
35076,20.46,52.26,293.2,0,normal,0
35078,20.41,52.17,289.8,0,normal,0
35080,20.4,52.13,288.4,0,normal,0
35082,20.49,51.78,294.7,0,normal,0
35084,20.42,51.66,296.5,0,normal,0
35086,20.35,51.7,299.1,0,normal,0
35088,20.29,51.84,298.9,0,normal,0
35090,20.37,51.59,299.3,0,normal,0
35092,20.43,51.5,297.1,0,normal,0
35094,20.35,51.33,295.5,0,normal,0
35096,20.32,51.76,295.0,0,normal,0
35098,20.34,51.99,299.3,0,normal,0
35100,20.4,51.67,293.2,0,normal,0
35102,20.46,51.8,292.6,0,normal,0
35104,20.46,51.75,293.0,0,normal,0
35106,20.44,51.77,293.4,0,normal,0
35108,20.36,51.68,294.3,0,normal,0
35110,20.4,51.65,297.1,0,normal,0
35112,20.49,51.77,297.9,0,normal,0
35114,20.5,51.44,292.3,0,normal,0
35116,20.48,51.39,292.4,0,normal,0
35118,20.57,51.61,290.8,0,normal,0
35120,20.6,51.42,293.4,0,normal,0
35122,20.45,51.53,293.8,0,normal,0
35124,20.17,51.88,288.9,0,normal,0
35126,20.14,51.87,289.6,0,normal,0
35128,20.15,51.71,288.8,0,normal,0
35130,20.25,51.38,296.8,0,normal,0
35132,20.31,51.66,300.4,0,normal,0
35134,20.28,51.57,295.5,0,normal,0
35136,20.25,51.79,293.8,0,normal,0
35138,20.31,51.75,294.4,0,normal,0
35140,20.24,51.73,293.2,0,normal,0
35142,20.25,52.06,298.3,0,normal,0
35144,20.36,51.77,295.0,0,normal,0
35146,20.36,51.58,290.8,0,normal,0
35148,20.28,51.58,288.0,0,normal,0
35150,20.21,51.55,290.9,0,normal,0
35152,20.17,51.68,292.5,0,normal,0
35154,20.17,51.6,295.4,0,normal,0
35156,20.06,51.72,296.0,0,normal,0
35158,20.09,51.72,298.7,0,normal,0
35160,20.11,51.73,301.9,0,normal,0
35162,20.28,51.27,305.4,0,normal,0
35164,20.33,51.12,303.7,0,normal,0
35166,20.2,50.84,300.5,0,normal,0
35168,20.29,50.96,297.1,0,normal,0
35170,20.35,50.86,292.4,0,normal,0
35172,20.22,51.03,293.9,0,normal,0
35174,20.3,51.1,295.2,0,normal,0
35176,20.31,51.46,292.9,0,normal,0
35178,20.34,51.36,293.7,0,normal,0
35180,20.24,51.41,291.6,0,normal,0
35182,20.2,51.8,299.5,0,normal,0
35184,20.33,51.85,297.8,0,normal,0
35186,20.42,52.11,301.3,0,normal,0
35188,20.49,52.07,304.0,0,normal,0
35190,20.44,52.38,302.3,0,normal,0
35192,20.55,52.13,300.5,0,normal,0
35194,20.44,52.36,296.6,0,normal,0
35196,20.38,52.37,297.7,0,normal,0
35198,20.45,52.36,295.2,0,normal,0
35200,20.36,52.22,291.8,0,normal,0
35202,20.38,52.23,290.7,0,normal,0
35204,20.28,52.21,292.5,0,normal,0
35206,20.16,52.09,293.9,0,normal,0
35208,20.25,52.17,295.3,0,normal,0
35210,20.19,51.87,298.4,0,normal,0
35212,20.13,51.89,286.7,0,normal,0
35214,20.19,51.99,289.5,0,normal,0
35216,20.22,51.83,294.8,0,normal,0
35218,20.31,51.89,293.2,0,normal,0
35220,20.38,51.81,290.7,0,normal,0
35222,20.38,51.66,290.5,0,normal,0
35224,20.34,51.45,290.7,0,normal,0
35226,20.32,51.68,290.7,0,normal,0
35228,20.32,51.59,291.0,0,normal,0
35230,20.38,51.32,290.6,0,normal,0
35232,20.36,51.37,293.9,0,normal,0
35234,20.35,51.0,299.6,0,normal,0
35236,20.42,50.82,297.2,0,normal,0
35238,20.42,51.04,296.4,0,normal,0
35240,20.4,50.87,302.0,0,normal,0
35242,20.36,51.14,301.5,0,normal,0
35244,20.55,51.33,299.3,0,normal,0
35246,20.59,51.45,298.6,0,normal,0
35248,20.46,51.54,299.7,0,normal,0
35250,20.49,51.71,302.7,0,normal,0
35252,20.51,51.66,300.8,0,normal,0
35254,20.59,51.55,297.3,0,normal,0
35256,20.57,51.47,296.2,0,normal,0
35258,20.48,51.44,294.5,0,normal,0
35260,20.39,51.5,299.4,0,normal,0
35262,20.39,51.55,301.7,0,normal,0
35264,20.37,51.77,301.8,0,normal,0
35266,20.34,52.31,297.8,0,normal,0
35268,20.41,51.85,293.2,0,normal,0
35270,20.4,51.9,299.9,0,normal,0
35272,20.44,52.08,292.5,0,normal,0
35274,20.49,51.86,298.5,0,normal,0
35276,20.54,51.96,296.4,0,normal,0
35278,20.59,52.09,299.7,0,normal,0
35280,20.7,52.22,295.9,0,normal,0
35282,20.57,52.0,291.5,0,normal,0
35284,20.47,51.6,291.3,0,normal,0
35286,20.51,51.55,288.1,0,normal,0
35288,20.57,51.58,291.6,0,normal,0
35290,20.66,51.57,296.8,0,normal,0
35292,20.61,51.83,296.6,0,normal,0
35294,20.48,52.01,295.0,0,normal,0
35296,20.46,51.65,298.1,0,normal,0
35298,20.44,51.65,295.7,0,normal,0
35300,20.41,51.85,294.3,0,normal,0
35302,20.43,51.81,291.2,0,normal,0
35304,20.41,51.43,288.8,0,normal,0
35306,20.44,51.52,283.1,0,normal,0
35308,20.42,51.37,288.2,1,normal,0
35310,20.51,51.61,291.3,0,normal,0
35312,20.68,51.2,291.9,0,normal,0
35314,20.66,51.41,291.7,0,normal,0
35316,20.64,51.52,291.1,0,normal,0
35318,20.71,52.05,292.8,0,normal,0
35320,20.61,51.87,290.2,0,normal,0
35322,20.5,51.88,291.9,0,normal,0
35324,20.64,51.65,291.5,0,normal,0
35326,20.5,51.73,293.1,0,normal,0
35328,20.39,51.67,296.3,0,normal,0
35330,20.5,51.52,297.7,0,normal,0
35332,20.61,51.43,292.8,0,normal,0
35334,20.49,51.45,296.1,0,normal,0
35336,20.49,51.34,292.9,0,normal,0
35338,20.51,51.4,293.7,0,normal,0
35340,20.39,51.5,291.0,0,normal,0
35342,20.42,51.55,294.0,0,normal,0
35344,20.41,51.59,293.2,0,normal,0
35346,20.58,51.41,297.4,0,normal,0
35348,20.49,51.42,292.3,0,normal,0
35350,20.49,51.21,294.3,0,normal,0
35352,20.49,51.15,299.2,0,normal,0
35354,20.46,51.07,294.5,0,normal,0
35356,20.48,50.9,295.9,0,normal,0
35358,20.5,51.03,297.6,0,normal,0
35360,20.48,51.17,299.9,0,normal,0
35362,20.55,51.36,293.6,0,normal,0
35364,20.53,51.31,295.3,0,normal,0
35366,20.45,51.37,292.0,0,normal,0
35368,20.39,51.39,296.5,0,normal,0
35370,20.57,51.31,289.3,0,normal,0
35372,20.68,51.35,292.2,0,normal,0
35374,20.66,51.17,292.9,0,normal,0
35376,20.66,51.52,294.2,0,normal,0
35378,20.64,51.34,295.9,0,normal,0
35380,20.67,50.97,301.2,0,normal,0
35382,20.76,51.23,300.1,0,normal,0
35384,20.68,51.4,297.3,0,normal,0
35386,20.82,51.68,296.7,0,normal,0
35388,20.78,51.43,295.3,0,normal,0
35390,20.77,51.46,295.9,0,normal,0
35392,20.72,51.49,293.8,0,normal,0
35394,20.81,51.24,292.2,0,normal,0
35396,20.75,51.29,292.9,0,normal,0
35398,20.8,51.09,287.5,0,normal,0
35400,20.9,50.89,294.4,0,normal,0
35402,20.8,50.88,292.6,0,normal,0
35404,20.72,50.64,291.2,0,normal,0
35406,20.83,51.05,293.0,0,normal,0
35408,20.82,51.48,295.0,0,normal,0
35410,20.71,51.5,297.8,0,normal,0
35412,20.81,51.51,300.3,0,normal,0
35414,20.93,51.36,301.7,0,normal,0
35416,20.95,50.94,298.8,0,normal,0
35418,20.99,51.26,298.9,0,normal,0
35420,21.1,51.35,299.3,0,normal,0
35422,21.11,51.42,296.7,0,normal,0
35424,21.0,51.38,298.2,0,normal,0
35426,20.94,51.42,301.4,0,normal,0
35428,21.02,51.38,297.2,0,normal,0
35430,20.95,51.31,300.9,0,normal,0
35432,20.86,51.09,300.2,0,normal,0
35434,20.85,51.25,297.5,0,normal,0
35436,20.89,51.45,298.7,0,normal,0
35438,20.87,51.75,303.0,0,normal,0
35440,20.87,51.73,299.6,0,normal,0
35442,20.96,51.71,301.2,0,normal,0
35444,20.87,51.67,298.1,0,normal,0
35446,20.84,51.66,295.8,0,normal,0
35448,20.79,51.64,295.2,0,normal,0
35450,20.7,51.68,296.8,0,normal,0
35452,20.68,51.46,294.5,0,normal,0
35454,20.71,51.55,299.7,0,normal,0
35456,20.78,51.67,299.3,0,normal,0
35458,20.78,51.6,295.0,0,normal,0
35460,20.77,51.22,296.7,0,normal,0
35462,20.75,51.17,295.1,0,normal,0
35464,20.82,50.89,294.8,0,normal,0
35466,20.84,50.72,296.8,0,normal,0
35468,20.9,51.11,298.0,0,normal,0
35470,20.9,50.82,289.6,0,normal,0
35472,20.92,50.58,287.4,0,normal,0
35474,20.95,50.56,290.7,0,normal,0
35476,20.87,50.5,289.1,0,normal,0
35478,20.85,50.7,292.6,0,normal,0
35480,20.94,50.78,286.8,0,normal,0
35482,20.84,50.71,288.8,0,normal,0
35484,20.75,50.6,291.9,0,normal,0
35486,20.58,50.52,292.2,0,normal,0
35488,20.46,50.53,290.3,0,normal,0
35490,20.58,50.96,294.6,0,normal,0
35492,20.54,50.82,296.0,0,normal,0
35494,20.49,51.02,299.2,0,normal,0
35496,20.42,51.17,300.6,0,normal,0
35498,20.51,51.68,302.0,0,normal,0
35500,20.59,51.54,300.7,0,normal,0
35502,20.66,51.31,300.1,0,normal,0
35504,20.57,51.29,298.2,0,normal,0
35506,20.67,51.14,297.3,0,normal,0
35508,20.68,51.14,296.7,0,normal,0
35510,20.58,51.05,294.9,0,normal,0
35512,20.75,50.87,292.6,0,normal,0
35514,20.82,50.67,299.7,0,normal,0
35516,20.82,50.65,301.2,0,normal,0
35518,20.62,50.94,299.2,0,normal,0
35520,20.6,51.22,295.2,0,normal,0
35522,20.54,51.34,299.7,0,normal,0
35524,20.74,51.41,299.2,0,normal,0
35526,20.78,51.52,299.2,0,normal,0
35528,20.82,51.56,299.4,0,normal,0
35530,20.92,51.68,296.9,0,normal,0
35532,20.98,51.62,296.7,0,normal,0
35534,21.0,51.41,287.7,0,normal,0
35536,21.01,51.32,289.1,0,normal,0
35538,21.07,51.39,286.9,0,normal,0
35540,21.08,51.14,291.0,0,normal,0
35542,21.12,51.12,287.2,0,normal,0
35544,21.13,50.84,286.8,0,normal,0
35546,21.0,50.88,285.5,0,normal,0
35548,21.1,51.0,288.1,0,normal,0
35550,21.09,51.29,288.1,0,normal,0
35552,21.03,51.5,288.9,0,normal,0
35554,21.08,51.49,291.2,0,normal,0
35556,21.09,51.52,292.9,0,normal,0
35558,21.12,51.87,295.7,0,normal,0
35560,21.09,52.2,295.0,0,normal,0
35562,21.1,52.36,299.0,0,normal,0
35564,21.1,52.14,299.1,0,normal,0
35566,21.19,51.95,298.8,0,normal,0
35568,21.18,51.79,295.8,0,normal,0
35570,21.21,51.62,288.8,0,normal,0
35572,21.17,51.73,290.0,0,normal,0
35574,21.17,51.81,290.7,0,normal,0
35576,21.04,52.01,293.0,0,normal,0
35578,21.13,52.18,293.5,0,normal,0
35580,21.18,52.19,291.7,0,normal,0
35582,21.16,52.3,293.7,1,normal,0
35584,21.1,51.85,297.4,0,normal,0
35586,21.02,51.78,297.0,0,normal,0
35588,21.06,51.76,303.8,0,normal,0
35590,21.16,51.68,298.7,0,normal,0
35592,21.01,51.46,292.8,0,normal,0
35594,20.95,51.21,289.6,0,normal,0
35596,20.96,51.28,291.5,0,normal,0
35598,21.08,51.05,289.1,0,normal,0
35600,21.03,51.17,288.1,0,normal,0
35602,20.93,51.24,289.6,0,normal,0
35604,20.94,51.07,293.6,0,normal,0
35606,21.01,51.29,298.8,0,normal,0
35608,21.06,50.9,299.2,0,normal,0
35610,21.02,51.1,299.1,0,normal,0
35612,20.98,51.31,298.4,0,normal,0
35614,21.14,51.2,300.4,0,normal,0
35616,21.09,51.1,297.3,0,normal,0
35618,21.14,51.12,297.9,0,normal,0
35620,21.24,50.95,300.2,0,normal,0
35622,21.18,50.91,299.9,0,normal,0
35624,21.25,51.07,298.6,0,normal,0
35626,21.35,50.94,299.0,0,normal,0
35628,21.36,50.87,294.1,0,normal,0
35630,21.31,50.84,296.8,0,normal,0
35632,21.39,50.83,299.8,0,normal,0
35634,21.38,50.74,299.6,0,normal,0
35636,21.23,50.64,294.1,0,normal,0
35638,21.24,50.69,299.7,0,normal,0
35640,21.21,50.92,295.4,0,normal,0
35642,21.35,50.82,297.0,0,normal,0
35644,21.48,50.64,294.4,0,normal,0
35646,21.49,50.83,293.6,0,normal,0
35648,21.58,50.7,298.8,0,normal,0
35650,21.41,50.14,297.5,0,normal,0
35652,21.46,50.68,297.0,0,normal,0
35654,21.42,50.6,297.8,0,normal,0
35656,21.44,50.38,300.7,0,normal,0
35658,21.6,50.45,297.7,0,normal,0
35660,21.59,50.32,294.1,0,normal,0
35662,21.61,50.05,296.0,0,normal,0
35664,21.46,49.73,295.8,0,normal,0
35666,21.37,50.07,293.6,0,normal,0
35668,21.39,49.88,298.7,0,normal,0
35670,21.32,50.0,297.4,0,normal,0
35672,21.36,49.89,304.3,0,normal,0
35674,21.22,50.01,302.1,0,normal,0
35676,21.3,50.03,301.9,0,normal,0
35678,21.31,50.02,305.8,0,normal,0
35680,21.32,50.27,304.6,1,normal,0
35682,21.41,50.15,299.3,0,normal,0
35684,21.48,50.19,300.5,0,normal,0
35686,21.37,50.49,301.1,0,normal,0
35688,21.41,50.62,303.1,1,normal,0
35690,21.39,50.75,302.1,0,normal,0
35692,21.44,50.6,299.7,0,normal,0
35694,21.44,50.38,295.9,0,normal,0
35696,21.48,50.46,298.7,0,normal,0
35698,21.51,50.35,292.4,0,normal,0
35700,21.62,50.43,288.5,0,normal,0
35702,21.58,50.42,287.3,0,normal,0
35704,21.4,50.76,290.9,0,normal,0
35706,21.37,51.05,289.1,0,normal,0
35708,21.23,51.1,290.1,0,normal,0
35710,21.22,50.91,295.7,0,normal,0
35712,21.06,51.22,297.0,0,normal,0
35714,21.07,50.66,299.9,0,normal,0
35716,21.13,50.5,298.9,0,normal,0
35718,21.2,50.58,295.1,0,normal,0
35720,21.17,50.57,297.0,0,normal,0
35722,21.11,50.28,297.6,0,normal,0
35724,21.12,50.46,296.1,0,normal,0
35726,21.09,50.94,297.0,0,normal,0
35728,20.96,50.93,300.5,0,normal,0
35730,20.94,51.21,299.4,0,normal,0
35732,20.99,51.29,297.0,0,normal,0
35734,21.04,51.41,293.3,0,normal,0
35736,21.13,51.13,294.7,0,normal,0
35738,21.15,50.86,291.5,0,normal,0
35740,21.17,50.81,296.5,0,normal,0
35742,21.29,50.62,299.2,0,normal,0
35744,21.25,50.75,302.1,0,normal,0
35746,21.21,50.51,300.7,0,normal,0
35748,21.25,50.69,293.5,0,normal,0
35750,21.24,50.92,286.5,0,normal,0
35752,21.33,50.87,288.1,0,normal,0
35754,21.38,50.95,289.7,0,normal,0
35756,21.34,51.04,291.4,0,normal,0
35758,21.25,51.02,293.6,0,normal,0
35760,21.14,51.09,290.5,0,normal,0
35762,21.06,51.06,290.8,0,normal,0
35764,21.14,50.87,291.6,0,normal,0
35766,21.15,51.2,291.7,0,normal,0
35768,21.07,51.29,294.7,0,normal,0
35770,21.19,51.24,293.1,0,normal,0
35772,21.27,50.93,294.3,0,normal,0
35774,21.25,50.82,291.5,0,normal,0
35776,21.45,50.86,289.3,0,normal,0
35778,21.25,50.85,292.1,0,normal,0
35780,21.34,50.75,294.7,0,normal,0
35782,21.24,50.63,292.7,0,normal,0
35784,21.33,50.69,294.8,0,normal,0
35786,21.42,50.55,299.4,0,normal,0
35788,21.42,50.75,301.3,0,normal,0
35790,21.33,50.69,299.3,0,normal,0
35792,21.4,50.69,297.4,0,normal,0
35794,21.35,50.4,298.9,0,normal,0
35796,21.48,50.08,300.4,0,normal,0
35798,21.49,49.84,303.5,0,normal,0
35800,21.53,50.24,299.9,0,normal,0
35802,21.55,50.17,300.1,0,normal,0
35804,21.71,50.5,297.6,0,normal,0
35806,21.68,50.75,298.6,0,normal,0
35808,21.61,50.54,302.9,0,normal,0
35810,21.67,50.27,301.1,0,normal,0
35812,21.45,50.09,303.1,0,normal,0
35814,21.36,50.09,303.1,0,normal,0
35816,21.55,50.09,298.3,0,normal,0
35818,21.6,50.14,298.9,0,normal,0
35820,21.58,50.02,295.7,0,normal,0
35822,21.72,49.9,298.4,0,normal,0
35824,21.82,50.04,300.9,0,normal,0
35826,21.79,50.36,306.2,0,normal,0
35828,21.78,50.24,304.5,0,normal,0
35830,21.92,50.05,295.3,0,normal,0
35832,21.95,50.03,296.3,0,normal,0
35834,21.92,50.1,301.6,0,normal,0
35836,21.82,50.59,297.9,0,normal,0
35838,21.83,50.49,299.2,0,normal,0
35840,21.76,50.46,298.8,0,normal,0
35842,21.82,50.31,298.4,0,normal,0
35844,21.72,50.45,299.7,0,normal,0
35846,21.66,50.59,293.1,0,normal,0
35848,21.56,50.43,289.5,0,normal,0
35850,21.61,50.63,287.7,0,normal,0
35852,21.62,50.64,286.5,0,normal,0
35854,21.66,50.82,285.7,0,normal,0
35856,21.71,50.81,292.8,0,normal,0
35858,21.74,50.26,296.8,0,normal,0
35860,21.75,50.07,298.7,0,normal,0
35862,21.63,50.15,298.7,0,normal,0
35864,21.69,50.3,302.0,0,normal,0
35866,21.71,50.42,299.2,0,normal,0
35868,21.83,50.18,299.5,0,normal,0
35870,21.78,50.42,300.3,0,normal,0
35872,21.85,50.61,300.9,0,normal,0
35874,21.73,50.53,299.7,0,normal,0
35876,21.7,50.56,302.6,0,normal,0
35878,21.74,50.61,303.7,0,normal,0
35880,21.8,50.28,304.5,0,normal,0
35882,21.94,50.14,299.4,0,normal,0
35884,21.99,50.39,298.8,0,normal,0
35886,21.9,50.55,294.4,0,normal,0
35888,22.02,50.16,296.6,0,normal,0
35890,22.02,49.93,294.2,0,normal,0
35892,22.04,50.06,300.1,0,normal,0
35894,22.04,50.45,300.1,0,normal,0
35896,22.04,50.49,305.7,0,normal,0
35898,21.92,50.52,308.8,0,normal,0
35900,21.93,50.24,307.9,0,normal,0
35902,21.96,50.38,305.7,0,normal,0
35904,21.97,50.63,301.6,0,normal,0
35906,21.94,50.84,299.3,0,normal,0
35908,22.04,50.82,294.2,0,normal,0
35910,21.92,50.7,293.6,0,normal,0
35912,21.99,50.62,299.6,0,normal,0
35914,22.14,50.02,303.1,0,normal,0
35916,22.12,50.03,301.2,0,normal,0
35918,22.16,49.83,303.4,0,normal,0
35920,22.15,49.81,306.2,0,normal,0
35922,22.2,49.94,297.9,0,normal,0
35924,22.16,50.0,297.2,0,normal,0
35926,22.07,50.14,300.4,0,normal,0
35928,21.91,50.33,299.2,0,normal,0
35930,21.85,50.55,298.2,0,normal,0
35932,21.88,50.41,294.3,0,normal,0
35934,21.9,50.19,295.8,0,normal,0
35936,21.82,50.31,294.9,0,normal,0
35938,21.81,50.14,288.5,0,normal,0
35940,21.91,50.28,297.6,0,normal,0
35942,22.07,50.04,301.5,0,normal,0
35944,22.05,50.13,298.0,0,normal,0
35946,21.86,49.86,292.1,0,normal,0
35948,21.87,49.72,293.0,0,normal,0
35950,21.96,49.31,294.6,0,normal,0
35952,22.03,49.66,296.5,0,normal,0
35954,22.02,49.93,298.8,0,normal,0
35956,22.08,49.99,298.7,1,normal,0
35958,22.07,49.98,297.5,0,normal,0
35960,22.23,50.04,298.8,0,normal,0
35962,22.07,50.17,293.2,0,normal,0
35964,22.05,49.82,292.7,0,normal,0
35966,21.98,49.89,299.2,0,normal,0
35968,21.9,50.1,296.7,0,normal,0
35970,21.85,50.1,302.5,0,normal,0
35972,21.78,50.13,301.6,0,normal,0
35974,21.52,50.07,300.6,0,normal,0
35976,21.76,50.05,296.5,0,normal,0
35978,21.64,50.2,294.3,0,normal,0
35980,21.62,50.14,294.2,0,normal,0
35982,21.58,50.04,294.2,0,normal,0
35984,21.51,49.9,293.8,0,normal,0
35986,21.55,49.5,293.9,0,normal,0
35988,21.57,49.41,298.6,0,normal,0
35990,21.69,49.61,300.7,0,normal,0
35992,21.65,49.63,299.7,0,normal,0
35994,21.69,49.43,304.6,0,normal,0
35996,21.56,49.6,303.4,0,normal,0
35998,21.63,49.61,306.1,0,normal,0
36000,21.77,49.41,303.3,0,normal,0
36002,21.82,49.57,302.9,0,normal,0
36004,21.97,49.74,302.0,0,normal,0
36006,21.95,49.8,300.3,0,normal,0
36008,21.95,49.93,297.6,0,normal,0
36010,21.92,50.0,301.8,0,normal,0
36012,21.9,50.24,303.7,1,normal,0
36014,21.88,50.33,306.0,0,normal,0
36016,21.98,50.58,310.6,0,normal,0
36018,22.13,50.5,307.1,0,normal,0
36020,22.11,50.19,306.7,0,normal,0
36022,22.07,49.96,307.3,0,normal,0
36024,22.17,49.94,305.6,0,normal,0
36026,22.26,49.75,300.6,0,normal,0
36028,22.32,49.76,297.2,0,normal,0
36030,22.29,49.85,292.2,0,normal,0
36032,22.21,49.97,293.4,0,normal,0
36034,22.28,49.92,295.9,0,normal,0
36036,22.41,49.54,298.4,0,normal,0
36038,22.38,49.45,299.9,0,normal,0
36040,22.47,49.55,302.0,0,normal,0
36042,22.55,49.6,296.9,0,normal,0
36044,22.64,49.69,296.1,0,normal,0
36046,22.6,49.46,302.5,0,normal,0
36048,22.63,49.43,301.8,0,normal,0
36050,22.68,49.51,301.8,0,normal,0
36052,22.7,49.42,299.3,0,normal,0
36054,22.74,49.68,298.4,0,normal,0
36056,22.67,49.71,299.2,0,normal,0
36058,22.58,50.01,304.1,0,normal,0
36060,22.3,50.03,306.2,0,normal,0
36062,22.35,49.96,303.8,0,normal,0
36064,22.37,49.76,299.9,0,normal,0
36066,22.43,49.63,300.0,0,normal,0
36068,22.36,49.43,301.2,0,normal,0
36070,22.41,49.22,297.5,0,normal,0
36072,22.43,49.28,300.5,0,normal,0
36074,22.39,48.78,301.7,0,normal,0
36076,22.34,48.91,304.5,0,normal,0
36078,22.23,48.9,306.2,0,normal,0
36080,22.2,49.24,305.1,0,normal,0
36082,22.17,49.01,302.6,0,normal,0
36084,22.02,49.24,301.8,0,normal,0
36086,21.91,49.08,299.0,0,normal,0
36088,21.91,49.27,302.5,0,normal,0
36090,22.09,49.38,304.0,0,normal,0
36092,22.15,50.06,295.8,0,normal,0
36094,22.03,50.14,294.8,0,normal,0
36096,21.99,49.69,299.4,0,normal,0
36098,22.07,49.59,296.8,0,normal,0
36100,22.16,49.55,299.3,0,normal,0
36102,22.17,49.8,301.4,0,normal,0
36104,22.19,49.63,299.1,0,normal,0
36106,22.15,49.79,297.1,0,normal,0
36108,22.24,49.75,294.4,0,normal,0
36110,22.37,49.46,291.7,0,normal,0
36112,22.34,49.95,296.3,0,normal,0
36114,22.35,49.7,300.3,0,normal,0
36116,22.38,49.59,302.8,0,normal,0
36118,22.45,49.8,303.8,0,normal,0
36120,22.54,49.58,299.7,0,normal,0
36122,22.61,49.65,302.0,0,normal,0
36124,22.62,49.96,293.8,0,normal,0
36126,22.49,49.54,294.9,0,normal,0
36128,22.42,49.56,293.9,0,normal,0
36130,22.37,49.65,299.5,0,normal,0
36132,22.34,49.46,303.8,0,normal,0
36134,22.4,49.92,301.5,0,normal,0
36136,22.29,50.22,299.7,0,normal,0
36138,22.24,50.18,302.4,0,normal,0
36140,22.24,50.26,303.3,0,normal,0
36142,22.43,50.03,298.1,0,normal,0
36144,22.55,49.98,298.5,0,normal,0
36146,22.55,50.08,300.0,0,normal,0
36148,22.56,49.97,295.9,0,normal,0
36150,22.58,49.63,301.8,0,normal,0
36152,22.57,49.55,297.4,0,normal,0
36154,22.52,49.46,300.3,0,normal,0
36156,22.51,49.57,298.5,0,normal,0
36158,22.51,49.6,302.7,0,normal,0
36160,22.49,49.7,305.1,0,normal,0
36162,22.56,49.6,303.2,0,normal,0
36164,22.49,49.38,298.5,0,normal,0
36166,22.51,49.6,300.9,0,normal,0
36168,22.41,49.84,304.9,0,normal,0
36170,22.44,49.5,305.2,0,normal,0
36172,22.37,49.49,301.1,0,normal,0
36174,22.4,49.42,299.0,0,normal,0
36176,22.41,49.51,303.8,0,normal,0
36178,22.48,49.37,305.9,0,normal,0
36180,22.53,49.19,303.3,0,normal,0
36182,22.55,49.24,302.1,0,normal,0
36184,22.62,49.23,300.4,0,normal,0
36186,22.56,49.29,300.9,0,normal,0
36188,22.7,49.08,303.5,0,normal,0
36190,22.6,49.13,305.5,0,normal,0
36192,22.6,49.11,303.0,0,normal,0
36194,22.6,49.21,299.3,0,normal,0
36196,22.56,49.43,301.5,0,normal,0
36198,22.63,49.44,298.2,0,normal,0
36200,22.57,49.2,298.6,0,normal,0
36202,22.54,49.27,297.9,0,normal,0
36204,22.54,49.53,301.2,0,normal,0
36206,22.5,49.71,299.7,0,normal,0
36208,22.5,49.82,302.2,0,normal,0
36210,22.5,49.55,293.1,0,normal,0
36212,22.58,49.53,292.3,0,normal,0
36214,22.62,49.38,287.7,0,normal,0
36216,22.58,49.24,293.5,0,normal,0
36218,22.59,49.23,295.8,0,normal,0
36220,22.66,49.42,296.7,0,normal,0
36222,22.54,49.44,303.5,0,normal,0
36224,22.58,49.85,303.7,0,normal,0
36226,22.66,49.65,299.9,0,normal,0
36228,22.55,49.75,299.9,0,normal,0
36230,22.43,50.03,299.3,0,normal,0
36232,22.36,50.46,297.2,0,normal,0
36234,22.32,50.33,297.7,0,normal,0
36236,22.21,50.32,297.4,0,normal,0
36238,22.28,49.98,298.2,0,normal,0
36240,22.25,50.12,297.1,0,normal,0
36242,22.22,50.27,296.5,0,normal,0
36244,22.28,50.29,300.1,0,normal,0
36246,22.33,50.29,300.7,0,normal,0
36248,22.35,50.18,302.7,0,normal,0
36250,22.38,50.21,299.3,0,normal,0
36252,22.5,50.18,297.9,0,normal,0
36254,22.63,50.14,300.9,0,normal,0
36256,22.7,49.93,303.9,0,normal,0
36258,22.82,49.93,304.3,0,normal,0
36260,22.89,50.07,299.8,0,normal,0
36262,22.92,50.09,294.4,0,normal,0
36264,22.87,50.21,300.0,0,normal,0
36266,22.92,49.82,302.7,0,normal,0
36268,22.79,49.59,302.2,0,normal,0
36270,22.81,49.68,302.9,0,normal,0
36272,22.82,49.46,302.7,0,normal,0
36274,22.76,49.53,302.0,0,normal,0
36276,22.79,49.49,303.5,0,normal,0
36278,22.81,49.28,307.1,0,normal,0
36280,22.73,49.19,306.3,0,normal,0
36282,22.69,48.95,309.7,0,normal,0
36284,22.56,49.15,303.8,0,normal,0
36286,22.57,49.19,304.4,0,normal,0
36288,22.66,49.13,302.2,0,normal,0
36290,22.6,49.32,303.7,0,normal,0
36292,22.63,49.45,306.0,0,normal,0
36294,22.59,49.35,303.5,0,normal,0
36296,22.5,49.39,299.5,0,normal,0
36298,22.59,49.82,299.5,0,normal,0
36300,22.62,49.53,301.1,0,normal,0
36302,22.52,49.3,298.5,0,normal,0
36304,22.6,49.41,303.0,0,normal,0
36306,22.61,49.7,303.5,0,normal,0
36308,22.51,50.03,308.1,0,normal,0
36310,22.71,50.0,310.7,0,normal,0
36312,22.64,50.01,305.8,0,normal,0
36314,22.73,49.7,308.6,0,normal,0
36316,22.81,49.57,302.3,0,normal,0
36318,22.89,49.6,306.7,0,normal,0
36320,22.78,49.79,302.6,0,normal,0
36322,22.85,49.84,299.4,0,normal,0
36324,23.0,50.12,300.0,0,normal,0
36326,22.92,50.12,299.9,0,normal,0
36328,23.03,50.12,295.4,0,normal,0
36330,23.09,49.94,298.4,0,normal,0
36332,23.08,49.65,301.2,0,normal,0
36334,23.01,49.67,299.6,0,normal,0
36336,23.01,49.47,304.0,0,normal,0
36338,23.14,49.39,303.3,0,normal,0
36340,23.12,49.23,303.9,0,normal,0
36342,23.15,49.3,303.4,0,normal,0
36344,23.1,48.9,300.2,0,normal,0
36346,22.95,48.93,304.3,0,normal,0
36348,22.78,48.43,301.5,0,normal,0
36350,22.96,48.56,305.0,0,normal,0
36352,23.11,48.82,305.3,0,normal,0
36354,23.17,48.82,310.1,0,normal,0
36356,23.15,49.01,309.7,0,normal,0
36358,23.1,48.8,307.7,0,normal,0
36360,23.22,49.01,305.7,0,normal,0
36362,23.21,49.12,298.3,0,normal,0
36364,23.28,49.1,301.8,0,normal,0
36366,23.33,49.21,304.3,0,normal,0
36368,23.13,49.43,301.9,0,normal,0
36370,23.0,49.71,303.6,0,normal,0
36372,23.07,49.59,298.9,0,normal,0
36374,23.09,49.53,299.1,0,normal,0
36376,22.97,49.04,297.3,0,normal,0
36378,23.06,48.77,300.1,0,normal,0
36380,23.11,48.9,303.5,0,normal,0
36382,23.08,48.73,302.7,0,normal,0
36384,23.14,48.42,306.1,0,normal,0
36386,23.13,48.3,307.8,0,normal,0
36388,23.17,48.03,302.8,0,normal,0
36390,23.23,48.57,303.3,0,normal,0
36392,23.34,48.52,301.5,0,normal,0
36394,23.33,48.86,312.1,0,normal,0
36396,23.36,49.19,309.6,0,normal,0
36398,23.35,49.16,305.3,0,normal,0
36400,23.28,49.32,300.0,0,normal,0
36402,23.14,49.1,304.5,0,normal,0
36404,23.09,49.26,305.6,0,normal,0
36406,23.1,49.21,308.2,0,normal,0
36408,23.1,49.39,304.9,0,normal,0
36410,23.01,49.52,304.0,0,normal,0
36412,23.02,49.7,302.4,0,normal,0
36414,23.06,49.71,302.5,0,normal,0
36416,23.05,49.7,300.2,0,normal,0
36418,23.17,49.6,300.9,0,normal,0
36420,23.13,49.82,301.0,0,normal,0
36422,23.29,49.76,303.0,0,normal,0
36424,23.24,49.49,300.6,0,normal,0
36426,23.43,49.39,300.8,0,normal,0
36428,23.47,49.03,302.6,0,normal,0
36430,23.5,49.11,296.8,0,normal,0
36432,23.52,49.19,298.7,0,normal,0
36434,23.57,49.12,301.1,0,normal,0
36436,23.49,49.22,303.9,0,normal,0
36438,23.41,49.3,306.0,0,normal,0
36440,23.33,49.12,310.6,0,normal,0
36442,23.34,49.13,312.0,0,normal,0
36444,23.35,49.41,305.5,0,normal,0
36446,23.43,49.02,304.9,0,normal,0
36448,23.26,48.85,307.8,0,normal,0
36450,23.26,49.23,310.3,0,normal,0
36452,23.19,48.87,310.3,0,normal,0
36454,23.36,48.86,305.8,0,normal,0
36456,23.38,48.84,305.0,0,normal,0
36458,23.22,48.87,301.4,0,normal,0
36460,23.14,48.86,302.2,0,normal,0
36462,22.96,49.08,303.9,0,normal,0
36464,23.11,49.32,303.3,0,normal,0
36466,23.12,49.23,308.0,0,normal,0
36468,23.06,48.61,310.0,0,normal,0
36470,23.11,48.42,309.7,0,normal,0
36472,23.12,48.24,313.1,0,normal,0
36474,23.12,48.17,313.4,0,normal,0
36476,23.05,48.11,311.4,0,normal,0
36478,23.04,48.24,305.4,0,normal,0
36480,22.92,48.45,298.2,0,normal,0
36482,23.0,48.51,301.8,0,normal,0
36484,23.04,48.54,301.1,0,normal,0
36486,23.0,48.17,298.6,0,normal,0
36488,22.9,47.91,302.5,0,normal,0
36490,22.94,48.17,301.5,0,normal,0
36492,23.04,48.04,305.8,0,normal,0
36494,23.13,48.14,306.6,0,normal,0
36496,23.08,48.37,303.5,0,normal,0
36498,22.99,48.34,306.5,0,normal,0
36500,22.95,48.32,300.4,0,normal,0
36502,22.92,48.37,297.6,0,normal,0
36504,23.0,48.39,301.0,0,normal,0
36506,23.03,48.66,299.1,0,normal,0
36508,23.12,48.74,300.0,0,normal,0
36510,23.15,48.76,302.0,0,normal,0
36512,23.15,48.79,302.0,0,normal,0
36514,23.2,49.03,304.8,0,normal,0
36516,23.23,49.02,304.9,0,normal,0
36518,23.2,48.96,311.0,0,normal,0
36520,23.22,48.63,306.1,0,normal,0
36522,23.08,48.83,308.1,0,normal,0
36524,23.08,49.14,306.7,0,normal,0
36526,22.96,49.01,308.1,0,normal,0
36528,23.03,48.72,303.3,0,normal,0
36530,22.94,48.62,303.5,0,normal,0
36532,23.0,48.91,305.3,0,normal,0
36534,23.01,48.73,304.2,0,normal,0
36536,23.03,48.99,301.6,0,normal,0
36538,22.9,48.82,301.6,0,normal,0
36540,22.88,48.83,306.2,0,normal,0
36542,22.97,48.68,301.8,0,normal,0
36544,22.94,48.49,299.9,0,normal,0
36546,22.91,48.49,302.5,0,normal,0
36548,22.87,48.52,301.9,0,normal,0
36550,22.87,48.52,307.3,0,normal,0
36552,22.98,48.81,310.0,0,normal,0
36554,23.13,48.46,310.7,0,normal,0
36556,23.12,48.46,310.7,0,normal,0
36558,23.11,48.7,311.3,0,normal,0
36560,23.14,48.7,316.7,0,normal,0
36562,23.16,49.07,315.4,0,normal,0
36564,23.08,48.6,311.7,0,normal,0
36566,23.06,48.51,315.4,0,normal,0
36568,23.09,48.81,315.1,0,normal,0
36570,23.08,49.02,306.9,0,normal,0
36572,23.13,48.82,301.5,0,normal,0
36574,23.22,48.36,301.8,0,normal,0
36576,23.14,48.54,303.2,0,normal,0
36578,23.08,48.25,303.7,0,normal,0
36580,23.09,48.27,305.1,0,normal,0
36582,23.0,48.55,302.5,0,normal,0
36584,23.14,48.69,303.2,0,normal,0
36586,23.17,48.7,304.7,0,normal,0
36588,23.22,48.61,301.5,1,normal,0
36590,23.29,48.76,302.7,0,normal,0
36592,23.13,48.87,299.5,0,normal,0
36594,23.16,48.95,300.3,0,normal,0
36596,23.08,49.26,304.7,0,normal,0
36598,23.12,49.05,307.7,0,normal,0
36600,23.13,48.89,308.3,0,normal,0
36602,23.09,49.03,308.5,0,normal,0
36604,23.12,48.92,309.1,0,normal,0
36606,23.23,49.11,306.1,0,normal,0
36608,23.34,49.14,306.5,0,normal,0
36610,23.37,49.04,303.6,0,normal,0
36612,23.26,48.52,302.2,0,normal,0
36614,23.3,48.67,300.1,0,normal,0
36616,23.25,48.43,300.2,0,normal,0
36618,23.22,48.63,301.2,0,normal,0
36620,23.27,48.63,300.9,0,normal,0
36622,23.3,48.79,303.9,0,normal,0
36624,23.34,48.9,304.8,0,normal,0
36626,23.39,48.69,304.0,0,normal,0
36628,23.38,49.04,305.0,0,normal,0
36630,23.46,49.04,304.6,0,normal,0
36632,23.43,48.99,302.2,0,normal,0
36634,23.3,49.11,304.5,0,normal,0
36636,23.37,48.66,303.2,0,normal,0
36638,23.28,48.74,305.9,0,normal,0
36640,23.27,48.58,308.9,0,normal,0
36642,23.33,48.45,306.4,0,normal,0
36644,23.46,48.63,305.4,0,normal,0
36646,23.42,48.46,301.6,0,normal,0
36648,23.34,48.65,306.5,0,normal,0
36650,23.31,48.81,305.2,0,normal,0
36652,23.45,48.85,307.1,0,normal,0
36654,23.44,48.56,305.6,0,normal,0
36656,23.43,48.42,310.8,0,normal,0
36658,23.44,48.48,309.0,0,normal,0
36660,23.46,48.5,304.9,0,normal,0
36662,23.34,48.41,307.7,0,normal,0
36664,23.34,48.23,301.5,0,normal,0
36666,23.4,48.31,305.6,0,normal,0
36668,23.37,48.06,310.2,0,normal,0
36670,23.38,48.3,311.2,0,normal,0
36672,23.38,48.56,309.2,0,normal,0
36674,23.36,48.73,307.8,0,normal,0
36676,23.29,48.79,303.8,0,normal,0
36678,23.27,48.67,302.0,0,normal,0
36680,23.24,48.65,303.6,0,normal,0
36682,23.31,48.56,305.8,0,normal,0
36684,23.45,48.43,308.5,0,normal,0
36686,23.31,48.59,312.7,0,normal,0
36688,23.3,48.64,305.9,0,normal,0
36690,23.29,48.69,303.9,0,normal,0
36692,23.23,48.77,306.7,0,normal,0
36694,23.41,48.95,309.5,0,normal,0
36696,23.39,49.01,312.1,0,normal,0
36698,23.26,48.75,309.7,0,normal,0
36700,23.22,49.16,311.0,0,normal,0
36702,23.36,48.96,308.8,0,normal,0
36704,23.29,48.76,302.4,0,normal,0
36706,23.27,48.45,303.9,0,normal,0
36708,23.21,48.52,306.5,0,normal,0
36710,23.13,48.52,305.7,0,normal,0
36712,23.2,48.44,308.5,0,normal,0
36714,23.3,48.41,304.7,0,normal,0
36716,23.21,48.87,303.1,0,normal,0
36718,23.4,49.3,303.7,0,normal,0
36720,23.42,49.04,309.6,0,normal,0
36722,23.32,49.08,307.8,0,normal,0
36724,23.37,49.13,305.7,0,normal,0
36726,23.39,49.1,306.8,0,normal,0
36728,23.39,48.99,306.8,0,normal,0
36730,23.42,49.03,306.9,0,normal,0
36732,23.41,49.0,309.9,0,normal,0
36734,23.44,48.64,310.4,0,normal,0
36736,23.49,48.49,310.4,0,normal,0
36738,23.41,48.52,305.1,0,normal,0
36740,23.56,48.69,302.4,0,normal,0
36742,23.58,48.62,304.7,0,normal,0
36744,23.51,48.71,308.2,0,normal,0
36746,23.44,48.41,303.9,0,normal,0
36748,23.49,48.64,311.1,0,normal,0
36750,23.49,48.6,312.1,0,normal,0
36752,23.45,48.2,312.9,0,normal,0
36754,23.39,48.73,309.6,0,normal,0
36756,23.39,48.52,311.7,1,normal,0
36758,23.39,48.51,312.1,0,normal,0
36760,23.42,48.48,305.6,0,normal,0
36762,23.53,48.5,305.8,0,normal,0
36764,23.48,48.56,308.4,0,normal,0
36766,23.48,48.96,303.1,0,normal,0
36768,23.44,49.15,303.1,0,normal,0
36770,23.28,49.2,297.9,0,normal,0
36772,23.23,49.25,295.8,0,normal,0
36774,23.22,49.11,297.8,0,normal,0
36776,23.34,48.62,300.3,0,normal,0
36778,23.4,48.65,298.6,0,normal,0
36780,23.25,48.58,298.2,0,normal,0
36782,23.48,48.82,296.5,0,normal,0
36784,23.58,48.72,301.8,0,normal,0
36786,23.49,48.63,304.1,0,normal,0
36788,23.46,48.59,309.4,0,normal,0
36790,23.54,48.77,309.7,0,normal,0
36792,23.55,48.69,305.4,0,normal,0
36794,23.55,48.84,305.3,0,normal,0
36796,23.53,48.77,304.5,0,normal,0
36798,23.6,48.59,304.7,0,normal,0
36800,23.6,48.58,302.7,0,normal,0
36802,23.71,48.65,299.4,0,normal,0
36804,23.66,48.34,302.6,1,normal,0
36806,23.63,48.31,306.3,0,normal,0
36808,23.72,48.13,303.4,0,normal,0
36810,23.67,47.95,306.4,0,normal,0
36812,23.62,48.13,311.8,0,normal,0
36814,23.61,48.33,315.9,1,normal,0
36816,23.55,48.41,312.3,0,normal,0
36818,23.52,48.2,311.6,0,normal,0
36820,23.52,48.13,312.6,0,normal,0
36822,23.54,47.95,310.0,0,normal,0
36824,23.42,48.19,306.7,0,normal,0
36826,23.34,48.31,306.0,0,normal,0
36828,23.39,48.17,307.1,0,normal,0
36830,23.48,48.08,306.1,0,normal,0
36832,23.5,48.11,304.7,0,normal,0
36834,23.5,48.17,305.5,0,normal,0
36836,23.49,48.32,302.8,0,normal,0
36838,23.47,48.56,300.8,0,normal,0
36840,23.54,48.23,301.0,0,normal,0
36842,23.55,48.11,303.6,0,normal,0
36844,23.53,47.92,304.3,0,normal,0
36846,23.45,48.14,303.3,0,normal,0
36848,23.47,48.22,302.1,0,normal,0
36850,23.42,48.15,305.3,0,normal,0
36852,23.52,48.37,304.5,0,normal,0
36854,23.48,47.98,309.3,0,normal,0
36856,23.33,48.01,311.8,0,normal,0
36858,23.4,48.09,311.0,0,normal,0
36860,23.41,48.18,308.9,0,normal,0
36862,23.45,48.04,304.9,0,normal,0
36864,23.46,47.88,297.2,0,normal,0
36866,23.47,47.67,297.4,0,normal,0
36868,23.55,47.66,303.7,0,normal,0
36870,23.51,47.99,304.1,0,normal,0
36872,23.45,48.02,308.1,0,normal,0
36874,23.36,47.79,310.2,0,normal,0
36876,23.41,48.25,307.0,0,normal,0
36878,23.6,48.59,310.7,0,normal,0
36880,23.56,48.75,303.4,0,normal,0
36882,23.61,48.19,305.5,0,normal,0
36884,23.81,48.15,301.5,0,normal,0
36886,23.75,48.6,304.4,0,normal,0
36888,23.62,48.65,303.4,0,normal,0
36890,23.59,48.81,305.9,0,normal,0
36892,23.57,48.46,304.7,0,normal,0
36894,23.54,48.14,308.6,0,normal,0
36896,23.54,47.75,311.2,0,normal,0
36898,23.58,47.67,311.5,0,normal,0
36900,23.57,48.23,312.5,0,normal,0
36902,23.67,48.54,315.3,0,normal,0
36904,23.72,48.78,310.8,0,normal,0
36906,23.68,48.7,312.0,0,normal,0
36908,23.7,48.85,305.4,0,normal,0
36910,23.53,48.64,302.6,0,normal,0
36912,23.59,48.54,301.0,0,normal,0
36914,23.64,48.52,299.3,0,normal,0
36916,23.74,48.59,296.4,0,normal,0
36918,23.62,48.24,301.6,0,normal,0
36920,23.62,48.36,300.6,0,normal,0
36922,23.6,48.53,300.2,0,normal,0
36924,23.49,48.63,298.0,0,normal,0
36926,23.55,48.71,297.6,0,normal,0
36928,23.5,48.54,298.5,0,normal,0
36930,23.64,48.29,308.3,0,normal,0
36932,23.64,48.31,302.7,1,normal,0
36934,23.71,48.48,307.3,0,normal,0
36936,23.72,48.85,303.0,0,normal,0
36938,23.74,48.53,303.5,0,normal,0
36940,23.65,48.36,305.0,0,normal,0
36942,23.59,48.42,304.5,0,normal,0
36944,23.59,48.69,307.9,0,normal,0
36946,23.63,48.85,307.9,0,normal,0
36948,23.56,48.64,306.9,0,normal,0
36950,23.52,48.71,301.2,0,normal,0
36952,23.46,48.56,305.6,0,normal,0
36954,23.4,48.62,306.3,0,normal,0
36956,23.4,48.61,303.8,0,normal,0
36958,23.33,48.61,301.0,0,normal,0
36960,23.3,48.56,300.4,0,normal,0
36962,23.41,48.41,297.3,0,normal,0
36964,23.48,48.2,300.4,0,normal,0
36966,23.28,48.09,307.5,0,normal,0
36968,23.37,48.12,303.9,0,normal,0
36970,23.55,48.04,306.3,0,normal,0
36972,23.57,47.81,304.0,0,normal,0
36974,23.55,48.22,305.3,0,normal,0
36976,23.51,48.1,309.5,0,normal,0
36978,23.38,48.29,309.0,0,normal,0
36980,23.41,48.33,304.9,0,normal,0
36982,23.36,48.61,301.9,0,normal,0
36984,23.32,48.59,306.3,0,normal,0
36986,23.4,48.46,305.3,0,normal,0
36988,23.38,48.37,307.9,0,normal,0
36990,23.48,48.18,307.5,0,normal,0
36992,23.55,48.08,305.0,0,normal,0
36994,23.43,48.33,304.9,0,normal,0
36996,23.5,48.48,306.0,0,normal,0
36998,23.52,48.48,301.8,0,normal,0
37000,23.44,48.02,302.8,0,normal,0
37002,23.36,47.83,300.1,0,normal,0
37004,23.42,47.76,304.0,0,normal,0
37006,23.41,47.56,299.2,0,normal,0
37008,23.34,47.83,298.3,0,normal,0
37010,23.26,47.96,301.1,0,normal,0
37012,23.21,47.59,300.1,0,normal,0
37014,23.35,47.61,304.5,0,normal,0
37016,23.4,47.63,306.6,0,normal,0
37018,23.35,47.71,309.1,0,normal,0
37020,23.4,47.9,315.4,0,normal,0
37022,23.43,47.87,311.8,0,normal,0
37024,23.45,47.74,311.5,0,normal,0
37026,23.44,47.96,311.3,0,normal,0
37028,23.45,48.22,305.3,0,normal,0
37030,23.49,47.98,306.7,0,normal,0
37032,23.32,47.94,304.1,0,normal,0
37034,23.26,47.88,307.2,0,normal,0
37036,23.2,47.99,302.8,0,normal,0
37038,23.25,47.84,302.4,0,normal,0
37040,23.27,47.43,307.0,0,normal,0
37042,23.26,47.64,302.9,0,normal,0
37044,23.34,47.27,302.7,0,normal,0
37046,23.31,47.77,300.1,0,normal,0
37048,23.28,47.76,304.4,0,normal,0
37050,23.26,48.19,304.5,0,normal,0
37052,23.27,48.18,303.1,0,normal,0
37054,23.1,48.61,307.5,0,normal,0
37056,23.28,48.64,305.7,0,normal,0
37058,23.28,48.54,308.9,0,normal,0
37060,23.29,48.37,311.0,0,normal,0
37062,23.26,48.28,306.9,0,normal,0
37064,23.32,48.54,302.7,0,normal,0
37066,23.38,48.36,304.4,0,normal,0
37068,23.37,48.3,306.7,0,normal,0
37070,23.37,48.49,308.7,0,normal,0
37072,23.46,48.76,300.8,0,normal,0
37074,23.54,49.16,299.1,0,normal,0
37076,23.57,49.08,302.0,0,normal,0
37078,23.46,49.21,303.9,0,normal,0
37080,23.43,49.03,307.5,0,normal,0
37082,23.41,48.89,302.0,0,normal,0
37084,23.21,48.54,310.1,0,normal,0
37086,23.04,48.63,306.1,0,normal,0
37088,22.9,48.38,317.3,0,normal,0
37090,23.04,48.1,313.4,0,normal,0
37092,23.1,47.82,311.5,0,normal,0
37094,23.09,47.84,312.1,0,normal,0
37096,23.1,47.8,306.7,0,normal,0
37098,23.17,47.59,307.0,0,normal,0
37100,23.3,47.83,308.3,0,normal,0
37102,23.32,47.97,308.3,1,normal,0
37104,23.22,48.33,301.0,0,normal,0
37106,23.25,47.94,301.0,0,normal,0
37108,23.31,48.09,300.0,0,normal,0
37110,23.34,48.31,301.1,0,normal,0
37112,23.22,48.23,302.5,0,normal,0
37114,23.24,48.34,303.6,0,normal,0
37116,23.2,48.38,304.5,0,normal,0
37118,23.11,48.51,308.3,0,normal,0
37120,23.05,48.41,307.5,0,normal,0
37122,23.1,48.35,302.7,0,normal,0
37124,23.15,48.24,298.6,0,normal,0
37126,23.19,48.44,302.6,0,normal,0
37128,23.21,48.57,300.4,0,normal,0
37130,23.18,48.8,302.0,0,normal,0
37132,23.06,48.62,301.2,0,normal,0
37134,23.17,48.65,303.7,0,normal,0
37136,23.24,48.78,306.8,0,normal,0
37138,23.17,48.6,307.8,0,normal,0
37140,23.26,48.75,305.8,0,normal,0
37142,23.27,49.07,306.8,0,normal,0
37144,23.3,48.93,309.9,0,normal,0
37146,23.14,48.78,311.0,0,normal,0
37148,23.11,48.53,307.4,0,normal,0
37150,23.11,48.55,307.5,0,normal,0
37152,23.08,48.58,305.7,0,normal,0
37154,23.12,48.46,299.9,0,normal,0
37156,23.22,48.55,297.9,0,normal,0
37158,23.37,48.76,302.6,0,normal,0
37160,23.47,49.01,298.6,0,normal,0
37162,23.31,48.87,299.2,0,normal,0
37164,23.39,48.86,300.7,0,normal,0
37166,23.31,48.52,302.9,0,normal,0
37168,23.23,48.32,308.1,0,normal,0
37170,23.32,48.16,308.1,0,normal,0
37172,23.28,48.5,302.9,0,normal,0
37174,23.28,48.58,298.8,0,normal,0
37176,23.18,48.73,298.5,1,normal,0
37178,23.14,48.62,296.4,0,normal,0
37180,23.14,47.92,303.8,0,normal,0
37182,23.2,47.76,297.2,0,normal,0
37184,23.27,47.63,304.4,0,normal,0
37186,23.34,47.73,308.9,0,normal,0
37188,23.15,47.83,304.0,0,normal,0
37190,23.12,47.64,311.0,0,normal,0
37192,23.1,47.92,309.0,0,normal,0
37194,23.04,47.91,308.7,0,normal,0
37196,23.07,47.92,306.8,0,normal,0
37198,23.07,48.0,303.2,0,normal,0
37200,23.01,48.3,307.9,0,normal,0
37202,22.95,48.61,306.8,0,normal,0
37204,22.96,48.39,304.9,0,normal,0
37206,23.24,48.47,303.5,0,normal,0
37208,23.34,48.6,302.5,0,normal,0
37210,23.21,48.78,303.5,0,normal,0
37212,23.2,48.78,304.0,0,normal,0
37214,23.19,48.94,301.3,0,normal,0
37216,23.17,48.9,306.3,0,normal,0
37218,23.28,48.99,305.9,0,normal,0
37220,23.22,48.7,301.9,1,normal,0
37222,23.19,48.82,303.8,0,normal,0
37224,23.24,49.09,303.9,0,normal,0
37226,23.26,49.34,301.3,0,normal,0
37228,23.28,49.43,302.3,0,normal,0
37230,23.2,49.49,301.7,0,normal,0
37232,23.15,49.17,302.7,0,normal,0
37234,23.22,48.94,296.3,0,normal,0
37236,23.23,48.97,300.2,0,normal,0
37238,23.36,48.85,303.4,0,normal,0
37240,23.19,48.84,300.7,0,normal,0
37242,23.11,48.86,300.0,0,normal,0
37244,23.18,49.0,300.1,0,normal,0
37246,23.28,48.64,308.2,0,normal,0
37248,23.32,48.62,303.2,0,normal,0
37250,23.34,49.06,308.7,0,normal,0
37252,23.28,49.0,306.6,0,normal,0
37254,23.24,49.01,306.0,0,normal,0
37256,23.14,49.04,308.8,0,normal,0
37258,23.11,49.05,308.0,0,normal,0
37260,23.01,49.24,305.9,0,normal,0
37262,23.02,49.12,304.3,0,normal,0
37264,22.98,48.85,307.7,0,normal,0
37266,22.97,48.58,306.9,0,normal,0
37268,22.93,48.98,302.9,0,normal,0
37270,23.0,48.73,301.9,0,normal,0
37272,23.04,48.62,302.0,0,normal,0
37274,22.98,48.97,299.5,0,normal,0
37276,23.04,49.01,303.0,0,normal,0
37278,23.04,48.79,301.5,0,normal,0
37280,22.99,48.67,306.6,0,normal,0
37282,22.88,48.98,306.7,0,normal,0
37284,23.0,49.01,307.5,0,normal,0
37286,22.96,48.95,307.5,0,normal,0
37288,23.04,48.9,304.9,0,normal,0
37290,23.11,49.04,306.8,0,normal,0
37292,23.07,48.83,308.5,0,normal,0
37294,23.09,49.3,314.0,0,normal,0
37296,23.03,49.16,315.6,0,normal,0
37298,23.05,49.01,310.4,0,normal,0
37300,23.0,48.76,306.1,0,normal,0
37302,22.97,48.96,296.8,0,normal,0
37304,23.08,49.18,299.1,0,normal,0
37306,23.13,49.33,306.3,0,normal,0
37308,23.1,49.25,303.5,0,normal,0
37310,23.1,49.15,304.0,0,normal,0
37312,23.17,49.36,303.5,0,normal,0
37314,23.1,49.19,307.9,0,normal,0
37316,23.11,48.93,305.4,0,normal,0
37318,23.1,48.71,305.2,0,normal,0
37320,23.0,48.85,305.8,0,normal,0
37322,23.07,48.57,305.0,0,normal,0
37324,23.03,48.34,305.4,0,normal,0
37326,22.86,48.48,304.1,0,normal,0
37328,22.9,48.51,306.7,0,normal,0
37330,22.89,48.29,306.7,0,normal,0
37332,22.75,48.27,298.5,0,normal,0
37334,22.74,48.56,300.6,0,normal,0
37336,22.87,48.52,306.3,0,normal,0
37338,22.9,48.58,308.9,0,normal,0
37340,22.83,48.48,303.6,0,normal,0
37342,22.89,48.49,305.8,0,normal,0
37344,22.91,48.41,310.2,1,normal,0
37346,22.94,48.33,301.1,0,normal,0
37348,22.98,48.38,298.3,0,normal,0
37350,22.91,48.69,302.0,0,normal,0
37352,22.86,48.4,308.0,0,normal,0
37354,23.01,48.25,308.6,0,normal,0
37356,23.09,48.55,311.6,0,normal,0
37358,23.17,48.23,311.3,0,normal,0
37360,23.12,48.37,309.4,0,normal,0
37362,23.08,48.59,303.2,0,normal,0
37364,23.1,48.98,303.8,0,normal,0
37366,23.16,49.41,306.1,0,normal,0
37368,23.09,49.26,304.2,0,normal,0
37370,23.21,49.56,303.8,0,normal,0
37372,23.06,49.52,302.2,0,normal,0
37374,23.05,49.11,300.9,0,normal,0
37376,23.01,49.16,300.0,0,normal,0
37378,22.82,49.21,300.4,0,normal,0
37380,22.84,49.37,295.4,0,normal,0
37382,22.83,49.25,298.2,0,normal,0
37384,22.74,49.13,303.9,0,normal,0
37386,22.72,49.21,301.9,0,normal,0
37388,22.77,49.41,297.8,0,normal,0
37390,22.86,49.72,301.7,0,normal,0
37392,22.81,49.75,306.6,0,normal,0
37394,22.85,49.52,299.5,0,normal,0
37396,22.75,49.49,300.9,0,normal,0
37398,22.78,49.9,301.0,0,normal,0
37400,22.75,49.96,303.8,0,normal,0
37402,22.78,50.0,303.5,0,normal,0
37404,22.91,49.89,304.7,0,normal,0
37406,22.99,49.8,305.4,0,normal,0
37408,22.87,49.46,300.8,0,normal,0
37410,22.87,49.56,303.2,0,normal,0
37412,22.79,49.28,300.0,0,normal,0
37414,22.77,49.35,303.4,0,normal,0
37416,22.86,49.38,304.2,0,normal,0
37418,22.76,49.73,297.7,0,normal,0
37420,22.86,50.08,295.6,0,normal,0
37422,22.91,50.01,299.3,0,normal,0
37424,22.84,50.08,301.6,0,normal,0
37426,22.88,50.12,299.8,0,normal,0
37428,22.85,50.1,299.6,0,normal,0
37430,22.83,49.99,302.0,0,normal,0
37432,22.8,50.13,303.5,0,normal,0
37434,22.94,49.93,299.9,0,normal,0
37436,22.97,49.93,301.3,0,normal,0
37438,22.98,49.77,304.0,0,normal,0
37440,23.03,49.57,302.6,0,normal,0
37442,22.97,49.39,300.1,0,normal,0
37444,23.04,49.49,301.0,0,normal,0
37446,23.04,49.3,295.6,0,normal,0
37448,22.95,49.07,299.4,0,normal,0
37450,22.93,48.83,296.8,0,normal,0
37452,22.95,48.56,300.7,0,normal,0
37454,22.95,48.58,300.1,0,normal,0
37456,23.05,48.67,294.6,0,normal,0
37458,23.11,48.83,295.8,0,normal,0
37460,23.12,48.58,298.9,0,normal,0
37462,23.07,48.52,299.0,0,normal,0
37464,23.09,48.9,296.7,0,normal,0
37466,23.08,49.39,299.0,0,normal,0
37468,23.06,49.34,296.4,0,normal,0
37470,22.96,49.3,300.6,0,normal,0
37472,22.87,49.28,301.6,0,normal,0
37474,22.82,49.18,304.7,0,normal,0
37476,22.7,49.16,303.2,0,normal,0
37478,22.64,49.4,305.2,0,normal,0
37480,22.61,49.53,306.9,0,normal,0
37482,22.69,49.24,307.7,0,normal,0
37484,22.68,49.18,304.9,0,normal,0
37486,22.84,49.27,307.7,0,normal,0
37488,22.99,49.53,310.8,0,normal,0
37490,22.97,49.83,311.9,0,normal,0
37492,22.99,49.52,311.1,0,normal,0
37494,22.97,49.88,310.4,0,normal,0
37496,22.95,49.73,312.5,0,normal,0
37498,22.97,49.66,311.7,0,normal,0
37500,22.99,49.29,306.3,0,normal,0
37502,22.94,49.42,302.4,0,normal,0
37504,22.86,49.55,305.1,0,normal,0
37506,22.93,49.18,305.5,0,normal,0
37508,22.82,49.26,309.6,0,normal,0
37510,22.89,49.33,306.8,0,normal,0
37512,23.05,49.31,305.9,0,normal,0
37514,23.01,49.55,304.4,0,normal,0
37516,22.99,49.23,303.7,0,normal,0
37518,22.93,49.23,303.5,0,normal,0
37520,22.8,49.5,304.5,0,normal,0
37522,22.76,49.25,298.7,0,normal,0
37524,22.63,49.16,298.6,0,normal,0
37526,22.68,49.06,295.2,0,normal,0
37528,22.65,49.46,298.6,0,normal,0
37530,22.7,49.93,300.8,0,normal,0
37532,22.66,50.04,296.3,1,normal,0
37534,22.61,50.18,304.7,0,normal,0
37536,22.67,49.94,307.0,0,normal,0
37538,22.74,49.99,313.0,0,normal,0
37540,22.66,50.14,313.9,0,normal,0
37542,22.7,50.09,308.0,0,normal,0
37544,22.83,50.07,306.1,0,normal,0
37546,22.7,49.68,309.7,0,normal,0
37548,22.72,49.47,301.8,0,normal,0
37550,22.68,49.15,301.7,0,normal,0
37552,22.68,49.13,300.8,0,normal,0
37554,22.73,49.68,304.5,0,normal,0
37556,22.71,49.58,306.0,0,normal,0
37558,22.6,49.37,301.4,0,normal,0
37560,22.66,49.44,302.1,0,normal,0
37562,22.65,49.4,305.0,0,normal,0
37564,22.77,49.53,302.6,0,normal,0
37566,22.8,49.26,302.9,0,normal,0
37568,22.77,49.4,300.7,0,normal,0
37570,22.8,49.46,301.5,0,normal,0
37572,22.85,49.33,301.8,0,normal,0
37574,22.72,49.53,301.0,0,normal,0
37576,22.65,49.28,303.4,0,normal,0
37578,22.68,49.37,302.7,0,normal,0
37580,22.71,49.11,303.3,0,normal,0
37582,22.64,49.45,306.0,0,normal,0
37584,22.65,49.41,298.7,0,normal,0
37586,22.69,49.31,299.1,0,normal,0
37588,22.68,49.11,304.8,0,normal,0
37590,22.59,49.44,300.8,0,normal,0
37592,22.38,49.4,301.6,0,normal,0
37594,22.35,49.16,298.9,0,normal,0
37596,22.35,48.83,302.1,0,normal,0
37598,22.31,48.7,304.6,0,normal,0
37600,22.36,48.51,303.0,0,normal,0
37602,22.4,48.37,306.1,0,normal,0
37604,22.3,48.24,304.6,0,normal,0
37606,22.34,48.74,309.0,0,normal,0
37608,22.4,48.75,304.1,0,normal,0
37610,22.47,48.87,303.1,0,normal,0
37612,22.48,48.92,296.7,0,normal,0
37614,22.49,49.17,299.0,0,normal,0
37616,22.44,49.12,296.2,0,normal,0
37618,22.56,49.28,292.8,0,normal,0
37620,22.6,49.46,297.9,0,normal,0
37622,22.61,49.39,300.8,0,normal,0
37624,22.63,49.26,303.2,0,normal,0
37626,22.69,49.13,298.1,0,normal,0
37628,22.62,49.18,298.5,0,normal,0
37630,22.46,49.06,300.9,0,normal,0
37632,22.38,48.92,303.1,0,normal,0
37634,22.5,49.17,300.3,1,normal,0
37636,22.45,49.05,299.5,0,normal,0
37638,22.47,48.88,300.5,0,normal,0
37640,22.49,48.76,299.9,0,normal,0
37642,22.58,48.9,300.2,0,normal,0
37644,22.56,48.9,306.0,0,normal,0
37646,22.61,49.13,302.3,0,normal,0
37648,22.68,49.36,295.1,0,normal,0
37650,22.6,49.5,300.8,0,normal,0
37652,22.56,49.36,298.0,0,normal,0
37654,22.53,49.59,297.5,0,normal,0
37656,22.47,49.27,296.7,0,normal,0
37658,22.46,49.71,296.8,0,normal,0
37660,22.43,49.68,299.4,0,normal,0
37662,22.53,49.74,295.8,0,normal,0
37664,22.54,49.92,304.3,0,normal,0
37666,22.59,50.11,301.6,0,normal,0
37668,22.67,50.1,301.0,0,normal,0
37670,22.77,50.13,303.2,0,normal,0
37672,22.68,50.23,304.5,0,normal,0
37674,22.75,50.26,298.1,0,normal,0
37676,22.82,50.15,303.2,0,normal,0
37678,22.72,50.32,299.9,0,normal,0
37680,22.55,50.02,302.5,0,normal,0
37682,22.55,49.66,303.7,0,normal,0
37684,22.33,49.82,302.1,0,normal,0
37686,22.33,49.89,301.6,0,normal,0
37688,22.29,49.84,301.3,0,normal,0
37690,22.32,50.13,303.3,1,normal,0
37692,22.25,49.86,304.0,0,normal,0
37694,22.23,49.49,306.3,0,normal,0
37696,22.21,49.43,297.6,0,normal,0
37698,22.13,49.43,300.6,0,normal,0
37700,22.18,49.45,299.9,0,normal,0
37702,22.22,49.56,302.2,0,normal,0
37704,22.29,49.67,298.5,0,normal,0
37706,22.21,49.39,299.4,0,normal,0
37708,22.21,49.64,296.8,1,normal,0
37710,22.02,49.6,298.8,0,normal,0
37712,21.98,49.42,295.0,0,normal,0
37714,21.98,49.27,296.8,0,normal,0
37716,22.06,49.08,297.2,0,normal,0
37718,22.1,49.18,298.7,0,normal,0
37720,22.28,49.04,301.7,0,normal,0
37722,22.23,49.34,303.7,0,normal,0
37724,22.19,49.16,306.3,0,normal,0
37726,22.2,49.06,304.4,0,normal,0
37728,22.31,49.38,303.1,0,normal,0
37730,22.25,49.47,302.2,0,normal,0
37732,22.26,50.0,301.5,0,normal,0
37734,22.28,50.2,294.0,0,normal,0
37736,22.27,50.25,294.3,0,normal,0
37738,22.16,50.54,295.7,0,normal,0
37740,22.16,50.13,293.5,0,normal,0
37742,22.11,50.1,295.7,0,normal,0
37744,22.01,50.18,297.5,0,normal,0
37746,22.05,50.03,298.6,0,normal,0
37748,22.08,49.75,296.4,0,normal,0
37750,22.15,49.84,300.4,0,normal,0
37752,22.08,49.76,294.5,0,normal,0
37754,22.02,49.79,300.2,0,normal,0
37756,22.09,49.82,294.8,0,normal,0
37758,22.11,49.64,295.5,0,normal,0
37760,22.05,49.9,299.3,0,normal,0
37762,21.99,49.52,303.6,0,normal,0
37764,22.04,49.42,301.3,0,normal,0
37766,21.92,49.48,310.1,0,normal,0
37768,21.98,49.28,307.2,0,normal,0
37770,21.94,49.4,305.7,0,normal,0
37772,21.89,48.94,302.0,0,normal,0
37774,22.08,49.05,300.9,0,normal,0
37776,22.21,49.23,299.1,0,normal,0
37778,22.04,49.0,301.8,0,normal,0
37780,21.93,49.25,300.7,0,normal,0
37782,21.95,49.25,300.7,0,normal,0
37784,22.02,49.27,295.8,0,normal,0
37786,22.01,49.23,300.4,0,normal,0
37788,21.94,49.42,306.5,0,normal,0
37790,21.93,49.54,301.5,0,normal,0
37792,21.93,49.63,303.0,0,normal,0
37794,21.83,50.05,303.5,0,normal,0
37796,21.73,49.79,298.1,0,normal,0
37798,21.61,49.67,297.7,0,normal,0
37800,21.73,49.99,298.8,0,normal,0
37802,21.8,50.31,303.7,0,normal,0
37804,21.85,50.2,304.8,0,normal,0
37806,21.84,49.8,298.1,0,normal,0
37808,21.94,49.66,301.2,0,normal,0
37810,21.93,49.65,298.6,0,normal,0
37812,21.99,49.76,299.7,0,normal,0
37814,21.91,49.7,306.4,0,normal,0
37816,21.94,49.69,305.5,0,normal,0
37818,21.98,50.15,306.7,0,normal,0
37820,22.01,50.08,304.1,0,normal,0
37822,21.98,50.31,301.1,0,normal,0
37824,21.9,50.29,297.6,0,normal,0
37826,21.92,50.42,292.9,0,normal,0
37828,21.95,50.34,292.4,0,normal,0
37830,21.98,50.21,301.2,0,normal,0
37832,21.96,50.23,302.9,0,normal,0
37834,21.94,50.12,304.5,0,normal,0
37836,21.84,50.15,303.5,0,normal,0
37838,21.79,49.69,304.4,0,normal,0
37840,21.95,50.15,300.6,0,normal,0
37842,21.94,50.5,304.6,0,normal,0
37844,21.92,50.79,301.9,0,normal,0
37846,21.95,50.64,302.8,0,normal,0
37848,21.99,50.6,300.3,0,normal,0
37850,21.9,50.57,302.1,0,normal,0
37852,21.92,50.42,302.6,1,normal,0
37854,21.91,50.32,303.8,0,normal,0
37856,21.91,50.58,301.4,0,normal,0
37858,21.92,50.63,300.5,0,normal,0
37860,21.75,50.62,299.2,0,normal,0
37862,21.7,50.24,298.9,0,normal,0
37864,21.72,50.4,297.5,0,normal,0
37866,21.75,50.14,298.3,0,normal,0
37868,21.9,49.82,299.5,0,normal,0
37870,21.94,50.06,303.0,0,normal,0
37872,22.09,50.14,305.4,0,normal,0
37874,21.96,50.29,303.5,0,normal,0
37876,22.02,50.78,304.9,0,normal,0
37878,22.16,50.67,300.9,0,normal,0
37880,22.2,50.56,297.7,0,normal,0
37882,22.22,50.73,298.4,0,normal,0
37884,22.19,51.1,305.9,0,normal,0
37886,22.24,50.81,309.4,0,normal,0
37888,22.18,50.85,304.0,0,normal,0
37890,22.03,50.78,306.6,0,normal,0
37892,21.91,50.66,300.5,0,normal,0
37894,21.67,50.62,301.7,0,normal,0
37896,21.65,50.7,302.0,0,normal,0
37898,21.66,50.72,303.9,0,normal,0
37900,21.48,50.92,303.8,0,normal,0
37902,21.61,51.27,306.4,0,normal,0
37904,21.61,51.16,302.0,0,normal,0
37906,21.54,51.1,300.2,0,normal,0
37908,21.47,51.03,299.8,0,normal,0
37910,21.44,50.79,302.8,0,normal,0
37912,21.53,50.89,298.7,0,normal,0
37914,21.59,51.09,296.6,0,normal,0
37916,21.6,51.15,301.1,1,normal,0
37918,21.63,50.56,297.3,0,normal,0
37920,21.59,50.41,295.2,0,normal,0
37922,21.55,50.65,290.3,0,normal,0
37924,21.59,50.55,294.4,0,normal,0
37926,21.61,50.46,297.6,0,normal,0
37928,21.63,50.82,297.4,0,normal,0
37930,21.62,50.62,296.0,0,normal,0
37932,21.7,50.52,303.7,0,normal,0
37934,21.74,50.58,301.6,0,normal,0
37936,21.72,50.69,298.1,0,normal,0
37938,21.81,50.86,296.1,0,normal,0
37940,21.7,51.09,299.4,0,normal,0
37942,21.53,51.23,292.8,0,normal,0
37944,21.36,51.39,291.8,0,normal,0
37946,21.41,51.16,290.9,0,normal,0
37948,21.45,50.74,294.9,0,normal,0
37950,21.47,50.49,290.1,0,normal,0
37952,21.64,50.45,290.9,0,normal,0
37954,21.63,50.68,294.9,0,normal,0
37956,21.53,50.88,301.0,0,normal,0
37958,21.63,51.2,303.5,0,normal,0
37960,21.52,51.35,298.8,0,normal,0
37962,21.45,51.27,297.9,0,normal,0
37964,21.66,50.93,299.5,0,normal,0
37966,21.69,50.26,296.4,0,normal,0
37968,21.66,50.52,290.9,0,normal,0
37970,21.68,50.72,291.8,0,normal,0
37972,21.59,50.36,295.4,0,normal,0
37974,21.69,50.42,296.9,0,normal,0
37976,21.6,50.28,296.7,0,normal,0
37978,21.6,50.55,299.7,0,normal,0
37980,21.44,50.82,306.0,0,normal,0
37982,21.47,50.77,301.6,0,normal,0
37984,21.52,50.69,293.0,0,normal,0
37986,21.66,50.78,292.3,0,normal,0
37988,21.73,50.95,295.2,0,normal,0
37990,21.68,50.59,298.4,0,normal,0
37992,21.66,50.67,299.9,0,normal,0
37994,21.65,50.97,300.6,0,normal,0
37996,21.6,50.99,297.7,0,normal,0
37998,21.53,50.99,301.5,0,normal,0
38000,21.52,50.56,306.1,0,normal,0
38002,21.61,50.37,303.3,0,normal,0
38004,21.48,50.12,300.4,0,normal,0
38006,21.48,50.45,295.6,0,normal,0
38008,21.58,50.7,296.5,0,normal,0
38010,21.49,50.48,295.4,0,normal,0
38012,21.32,51.03,293.5,0,normal,0
38014,21.34,50.74,291.1,0,normal,0
38016,21.2,50.56,292.8,0,normal,0
38018,21.25,50.67,297.7,0,normal,0
38020,21.23,50.58,299.1,0,normal,0
38022,21.27,50.26,300.9,0,normal,0
38024,21.18,50.39,303.0,0,normal,0
38026,21.07,50.95,298.5,0,normal,0
38028,21.23,50.82,301.5,0,normal,0
38030,21.36,50.79,303.3,0,normal,0
38032,21.41,50.42,301.0,0,normal,0
38034,21.39,50.62,304.1,0,normal,0
38036,21.36,50.27,303.0,0,normal,0
38038,21.25,50.47,297.4,0,normal,0
38040,21.24,50.52,298.1,0,normal,0
38042,21.36,50.81,296.9,0,normal,0
38044,21.32,50.71,298.3,0,normal,0
38046,21.36,50.61,297.5,0,normal,0
38048,21.4,50.9,302.8,0,normal,0
38050,21.37,50.36,301.1,0,normal,0
38052,21.3,50.42,300.5,0,normal,0
38054,21.21,50.1,298.2,0,normal,0
38056,21.28,50.36,297.7,0,normal,0
38058,21.09,50.87,295.7,0,normal,0
38060,21.17,50.91,299.4,0,normal,0
38062,21.15,50.67,299.3,0,normal,0
38064,21.09,50.5,294.5,0,normal,0
38066,21.17,50.52,292.9,0,normal,0
38068,21.09,50.51,296.2,0,normal,0
38070,21.11,50.65,297.5,0,normal,0
38072,21.24,51.06,296.2,0,normal,0
38074,21.19,50.78,295.7,0,normal,0
38076,21.07,50.92,292.3,0,normal,0
38078,21.05,51.09,289.2,0,normal,0
38080,21.11,50.67,291.6,0,normal,0
38082,21.05,50.76,293.3,0,normal,0
38084,21.14,50.8,295.1,0,normal,0
38086,20.99,51.19,296.0,0,normal,0
38088,21.06,51.18,292.0,0,normal,0
38090,21.17,51.09,288.8,0,normal,0
38092,21.08,51.38,294.7,0,normal,0
38094,21.11,51.22,290.3,0,normal,0
38096,21.03,50.97,287.5,0,normal,0
38098,20.9,50.67,296.8,0,normal,0
38100,21.01,50.47,298.0,0,normal,0
38102,20.95,50.31,296.5,0,normal,0
38104,20.84,50.58,296.4,0,normal,0
38106,20.88,50.52,299.5,0,normal,0
38108,20.9,50.55,301.1,0,normal,0
38110,20.88,50.6,296.9,0,normal,0
38112,20.94,50.52,298.1,0,normal,0
38114,21.02,50.3,298.1,0,normal,0
38116,21.01,50.5,293.5,0,normal,0
38118,20.97,50.24,289.5,0,normal,0
38120,21.02,50.19,296.5,0,normal,0
38122,21.01,50.39,298.3,0,normal,0
38124,20.8,50.37,298.5,0,normal,0
38126,20.79,50.58,295.4,0,normal,0
38128,20.8,50.84,299.9,0,normal,0
38130,20.96,51.38,296.3,0,normal,0
38132,20.84,51.41,295.1,0,normal,0
38134,20.94,51.12,295.0,0,normal,0
38136,20.84,50.89,297.4,0,normal,0
38138,20.95,50.85,304.0,0,normal,0
38140,20.9,50.32,298.5,0,normal,0
38142,21.01,50.26,293.4,0,normal,0
38144,21.19,50.09,296.6,0,normal,0
38146,21.1,50.19,297.3,0,normal,0
38148,21.04,50.21,295.9,0,normal,0
38150,20.96,50.05,295.8,0,normal,0
38152,20.99,49.9,294.4,0,normal,0
38154,21.08,49.88,298.7,0,normal,0
38156,21.08,50.26,296.9,0,normal,0
38158,21.01,50.43,297.7,0,normal,0
38160,20.94,50.57,297.0,0,normal,0
38162,20.88,50.64,296.7,0,normal,0
38164,20.86,50.88,296.6,0,normal,0
38166,20.71,50.91,298.2,0,normal,0
38168,20.81,51.11,300.9,0,normal,0
38170,20.73,51.18,305.3,0,normal,0
38172,20.75,51.03,305.4,0,normal,0
38174,20.94,50.77,302.1,0,normal,0
38176,20.95,50.98,304.3,0,normal,0
38178,20.85,50.69,304.8,0,normal,0
38180,20.93,50.46,300.4,0,normal,0
38182,20.93,50.33,298.5,0,normal,0
38184,20.83,50.38,298.5,1,normal,0
38186,20.91,50.35,293.8,0,normal,0
38188,20.95,50.36,294.4,0,normal,0
38190,21.02,50.19,296.8,0,normal,0
38192,21.12,50.18,295.4,0,normal,0
38194,20.96,50.21,300.2,0,normal,0
38196,21.0,50.66,301.4,0,normal,0
38198,20.92,51.08,298.8,0,normal,0
38200,21.02,50.79,301.5,0,normal,0
38202,20.84,50.69,297.7,0,normal,0
38204,20.88,50.52,299.0,0,normal,0
38206,20.94,50.6,298.0,0,normal,0
38208,21.06,50.64,302.7,0,normal,0
38210,21.08,50.71,300.4,0,normal,0
38212,21.2,50.59,299.9,0,normal,0
38214,21.16,51.02,294.9,0,normal,0
38216,21.07,51.13,294.2,0,normal,0
38218,21.01,51.29,289.6,0,normal,0
38220,20.96,51.44,290.6,0,normal,0
38222,20.95,51.5,290.4,0,normal,0
38224,20.84,51.54,291.4,0,normal,0
38226,20.83,51.5,289.8,0,normal,0
38228,20.86,51.54,290.0,0,normal,0
38230,21.05,51.86,296.5,0,normal,0
38232,20.93,51.49,299.7,0,normal,0
38234,20.94,51.51,299.8,0,normal,0
38236,21.0,51.53,297.2,0,normal,0
38238,20.94,51.44,304.0,0,normal,0
38240,21.01,51.19,301.5,0,normal,0
38242,20.97,51.32,304.2,0,normal,0
38244,20.93,51.37,303.5,0,normal,0
38246,21.0,51.05,299.1,0,normal,0
38248,21.02,50.93,295.5,0,normal,0
38250,20.8,50.85,291.3,0,normal,0
38252,20.74,51.01,292.3,0,normal,0
38254,20.76,50.84,295.1,0,normal,0
38256,20.6,51.1,301.1,0,normal,0
38258,20.7,50.78,297.0,0,normal,0
38260,20.86,50.95,294.7,0,normal,0
38262,20.97,51.13,289.4,0,normal,0
38264,20.9,50.46,286.2,0,normal,0
38266,20.81,50.89,288.8,0,normal,0
38268,20.74,51.05,292.2,0,normal,0
38270,20.66,51.12,300.0,0,normal,0
38272,20.6,51.22,296.7,0,normal,0
38274,20.63,50.93,296.5,0,normal,0
38276,20.54,51.16,295.8,0,normal,0
38278,20.57,51.4,292.2,0,normal,0
38280,20.56,51.28,292.3,0,normal,0
38282,20.58,51.32,294.0,0,normal,0
38284,20.59,51.06,292.9,0,normal,0
38286,20.6,50.99,292.5,0,normal,0
38288,20.54,51.34,299.4,0,normal,0
38290,20.52,51.5,295.7,0,normal,0
38292,20.52,51.06,299.2,0,normal,0
38294,20.57,51.22,296.7,0,normal,0
38296,20.61,51.19,292.9,0,normal,0
38298,20.67,51.52,295.6,0,normal,0
38300,20.6,51.64,290.6,0,normal,0
38302,20.6,51.9,290.5,0,normal,0
38304,20.64,51.97,295.8,0,normal,0
38306,20.62,51.84,295.3,0,normal,0
38308,20.64,51.95,296.2,0,normal,0
38310,20.75,51.95,295.6,0,normal,0
38312,20.83,51.74,297.5,0,normal,0
38314,20.77,51.36,296.0,0,normal,0
38316,20.79,51.3,291.3,0,normal,0
38318,20.71,51.22,298.2,0,normal,0
38320,20.7,51.1,299.8,0,normal,0
38322,20.57,51.07,298.3,0,normal,0
38324,20.6,51.1,299.2,0,normal,0
38326,20.57,51.48,297.6,0,normal,0
38328,20.61,51.52,294.5,0,normal,0
38330,20.71,51.18,291.3,0,normal,0
38332,20.7,51.29,289.4,0,normal,0
38334,20.74,51.62,289.1,0,normal,0
38336,20.69,51.67,291.7,0,normal,0
38338,20.76,50.99,289.1,0,normal,0
38340,20.76,50.91,295.8,0,normal,0
38342,20.93,51.07,294.9,0,normal,0
38344,21.04,51.0,296.3,0,normal,0
38346,20.95,50.81,294.9,0,normal,0
38348,21.01,50.73,296.6,0,normal,0
38350,20.93,50.73,300.1,0,normal,0
38352,20.96,50.7,299.3,0,normal,0
38354,21.07,51.05,298.3,0,normal,0
38356,21.03,51.05,295.5,0,normal,0
38358,20.85,50.94,293.3,0,normal,0
38360,20.81,51.2,293.9,0,normal,0
38362,20.72,51.38,293.3,0,normal,0
38364,20.66,51.3,300.0,0,normal,0
38366,20.73,51.99,298.2,0,normal,0
38368,20.85,51.84,303.1,0,normal,0
38370,20.93,51.88,305.2,0,normal,0
38372,20.87,51.61,303.1,0,normal,0
38374,20.92,51.49,299.0,0,normal,0
38376,20.74,51.77,297.8,0,normal,0
38378,20.89,51.69,295.2,0,normal,0
38380,20.91,51.49,292.9,0,normal,0
38382,20.89,51.68,289.0,0,normal,0
38384,20.87,51.96,286.0,1,normal,0
38386,21.04,52.07,292.0,0,normal,0
38388,21.05,52.08,293.7,0,normal,0
38390,20.96,52.31,292.2,0,normal,0
38392,20.91,51.91,291.4,0,normal,0
38394,20.8,51.88,288.4,0,normal,0
38396,20.84,51.6,289.9,0,normal,0
38398,20.9,51.22,287.9,0,normal,0
38400,20.8,51.31,291.1,0,normal,0
38402,20.82,51.19,293.9,0,normal,0
38404,20.81,51.06,295.9,0,normal,0
38406,20.87,50.91,295.2,0,normal,0
38408,20.92,51.03,296.8,0,normal,0
38410,21.0,51.17,294.7,0,normal,0
38412,20.98,51.35,294.0,0,normal,0
38414,20.83,51.5,294.4,0,normal,0
38416,20.76,51.46,292.9,0,normal,0
38418,20.72,51.4,293.7,0,normal,0
38420,20.64,51.51,294.7,0,normal,0
38422,20.68,51.88,298.4,0,normal,0
38424,20.64,52.11,297.4,0,normal,0
38426,20.68,52.4,298.1,0,normal,0
38428,20.63,52.48,292.1,0,normal,0
38430,20.63,52.29,291.9,0,normal,0
38432,20.7,52.41,291.4,0,normal,0
38434,20.84,52.14,296.6,0,normal,0
38436,20.88,52.07,295.7,0,normal,0
38438,20.88,52.03,294.6,0,normal,0
38440,20.8,51.93,296.6,0,normal,0
38442,20.74,52.15,298.2,0,normal,0
38444,20.8,52.18,296.6,0,normal,0
38446,20.81,52.04,295.1,0,normal,0
38448,20.87,52.07,292.2,1,normal,0
38450,20.84,52.21,294.4,0,normal,0
38452,20.81,52.11,294.1,0,normal,0
38454,20.7,52.12,293.1,0,normal,0
38456,20.65,52.09,293.6,0,normal,0
38458,20.68,52.05,296.6,0,normal,0
38460,20.84,51.93,302.5,0,normal,0
38462,20.95,51.98,300.5,0,normal,0
38464,20.9,51.69,303.2,0,normal,0
38466,20.89,51.49,299.3,0,normal,0
38468,20.79,51.7,296.9,0,normal,0
38470,20.68,51.86,294.0,0,normal,0
38472,20.51,52.06,292.3,0,normal,0
38474,20.58,51.68,291.7,0,normal,0
38476,20.58,51.55,292.2,0,normal,0
38478,20.36,51.74,291.9,0,normal,0
38480,20.36,51.77,293.7,1,normal,0
38482,20.53,51.69,296.0,0,normal,0
38484,20.56,51.6,291.9,0,normal,0
38486,20.46,51.67,294.7,0,normal,0
38488,20.51,51.49,299.3,0,normal,0
38490,20.56,51.29,300.5,0,normal,0
38492,20.5,51.55,297.5,0,normal,0
38494,20.41,51.49,292.0,0,normal,0
38496,20.4,51.44,292.4,0,normal,0
38498,20.41,51.45,293.1,0,normal,0
38500,20.48,51.42,295.8,0,normal,0
38502,20.41,51.32,294.5,0,normal,0
38504,20.4,51.19,295.5,0,normal,0
38506,20.45,51.46,288.9,0,normal,0
38508,20.56,51.44,289.9,0,normal,0
38510,20.55,51.41,295.4,0,normal,0
38512,20.58,51.34,296.8,0,normal,0
38514,20.71,51.34,299.6,0,normal,0
38516,20.76,51.19,295.7,0,normal,0
38518,20.8,51.31,297.6,1,normal,0
38520,20.69,51.15,295.5,0,normal,0
38522,20.71,51.32,295.7,0,normal,0
38524,20.62,51.27,296.5,0,normal,0
38526,20.54,51.18,289.2,0,normal,0
38528,20.62,51.16,293.9,0,normal,0
38530,20.56,51.37,296.5,0,normal,0
38532,20.58,51.09,294.8,0,normal,0
38534,20.58,51.26,291.3,0,normal,0
38536,20.51,51.22,294.6,0,normal,0
38538,20.39,50.9,289.6,0,normal,0
38540,20.21,50.85,286.8,0,normal,0
38542,20.19,50.73,286.9,0,normal,0
38544,20.24,50.86,293.2,0,normal,0
38546,20.2,50.7,292.0,0,normal,0
38548,20.29,50.53,294.1,0,normal,0
38550,20.23,50.48,300.1,0,normal,0
38552,20.45,50.34,298.9,0,normal,0
38554,20.38,50.45,295.5,0,normal,0
38556,20.44,50.41,297.2,0,normal,0
38558,20.45,50.65,293.4,0,normal,0
38560,20.44,50.46,297.7,0,normal,0
38562,20.39,50.89,291.6,0,normal,0
38564,20.24,50.8,290.4,1,normal,0
38566,20.15,50.65,296.2,0,normal,0
38568,20.12,50.5,297.5,0,normal,0
38570,19.99,50.03,293.5,0,normal,0
38572,20.09,49.86,292.7,0,normal,0
38574,20.01,50.15,294.4,0,normal,0
38576,20.07,50.42,289.5,0,normal,0
38578,20.07,50.53,295.5,0,normal,0
38580,20.02,50.96,299.1,0,normal,0
38582,20.14,50.67,289.3,0,normal,0
38584,20.3,50.52,285.8,0,normal,0
38586,20.25,50.9,293.1,0,normal,0
38588,20.31,51.0,291.5,0,normal,0
38590,20.3,51.11,292.6,0,normal,0
38592,20.32,51.45,296.4,0,normal,0
38594,20.36,51.84,293.8,0,normal,0
38596,20.2,52.12,292.7,0,normal,0
38598,20.15,52.23,294.8,0,normal,0
38600,20.1,52.36,292.8,0,normal,0
38602,20.12,52.39,299.0,0,normal,0
38604,20.19,52.13,300.5,0,normal,0
38606,20.08,51.92,298.9,0,normal,0
38608,20.18,51.81,295.3,0,normal,0
38610,20.23,51.66,291.9,0,normal,0
38612,20.27,51.67,296.2,0,normal,0
38614,20.22,51.46,294.4,0,normal,0
38616,20.27,51.45,295.3,0,normal,0
38618,20.33,51.64,295.7,0,normal,0
38620,20.37,51.38,294.6,0,normal,0
38622,20.47,51.33,293.1,0,normal,0
38624,20.54,51.43,290.2,0,normal,0
38626,20.48,51.71,287.6,0,normal,0
38628,20.48,51.78,289.7,0,normal,0
38630,20.5,51.62,291.3,0,normal,0
38632,20.51,51.41,286.1,0,normal,0
38634,20.39,51.32,289.0,0,normal,0
38636,20.29,50.89,290.3,0,normal,0
38638,20.35,51.03,294.7,0,normal,0
38640,20.42,51.4,294.9,0,normal,0
38642,20.41,51.37,298.4,0,normal,0
38644,20.27,51.3,296.8,0,normal,0
38646,20.26,51.47,295.9,0,normal,0
38648,20.18,51.67,286.4,0,normal,0
38650,20.34,51.54,282.8,1,normal,0
38652,20.36,51.8,287.1,0,normal,0
38654,20.35,52.05,289.8,0,normal,0
38656,20.56,52.0,294.2,0,normal,0
38658,20.49,52.19,296.1,0,normal,0
38660,20.51,52.04,296.8,0,normal,0
38662,20.59,51.79,290.8,0,normal,0
38664,20.66,51.91,288.3,0,normal,0
38666,20.59,51.88,291.4,0,normal,0
38668,20.53,51.95,292.3,0,normal,0
38670,20.58,51.57,296.3,0,normal,0
38672,20.55,51.86,300.7,0,normal,0
38674,20.63,51.94,297.8,0,normal,0
38676,20.65,51.69,300.3,0,normal,0
38678,20.66,51.89,293.5,0,normal,0
38680,20.63,51.81,294.0,0,normal,0
38682,20.59,51.66,289.8,0,normal,0
38684,20.61,51.43,290.0,0,normal,0
38686,20.67,51.43,288.8,0,normal,0
38688,20.7,51.18,292.8,0,normal,0
38690,20.62,51.21,298.0,0,normal,0
38692,20.6,51.59,298.2,0,normal,0
38694,20.49,51.68,294.1,0,normal,0
38696,20.41,51.96,291.1,0,normal,0
38698,20.32,51.72,294.5,0,normal,0
38700,20.39,51.84,292.2,0,normal,0
38702,20.54,51.9,291.4,0,normal,0
38704,20.62,51.86,287.8,0,normal,0
38706,20.62,51.75,291.5,0,normal,0
38708,20.51,51.84,288.7,0,normal,0
38710,20.43,51.82,288.8,0,normal,0
38712,20.52,52.17,293.2,0,normal,0
38714,20.72,52.16,295.2,0,normal,0
38716,20.76,52.32,298.2,0,normal,0
38718,20.66,52.48,298.4,0,normal,0
38720,20.66,52.71,299.3,0,normal,0
38722,20.86,52.58,298.2,0,normal,0
38724,20.84,52.76,290.0,0,normal,0
38726,20.77,52.48,285.4,0,normal,0
38728,20.74,52.62,290.8,0,normal,0
38730,20.79,52.56,291.6,0,normal,0
38732,20.74,52.62,294.2,0,normal,0
38734,20.6,52.33,291.6,0,normal,0
38736,20.55,51.96,287.7,0,normal,0
38738,20.57,51.85,296.2,0,normal,0
38740,20.52,51.8,298.0,0,normal,0
38742,20.35,51.75,296.0,0,normal,0
38744,20.39,51.72,290.5,0,normal,0
38746,20.41,51.56,294.5,0,normal,0
38748,20.28,51.88,297.1,0,normal,0
38750,20.13,51.72,295.4,0,normal,0
38752,20.26,51.76,298.1,0,normal,0
38754,20.34,51.56,294.7,0,normal,0
38756,20.39,51.67,301.9,0,normal,0
38758,20.53,51.62,301.3,0,normal,0
38760,20.56,51.54,293.4,0,normal,0
38762,20.4,51.43,292.3,0,normal,0
38764,20.46,51.17,298.6,0,normal,0
38766,20.42,51.22,298.7,0,normal,0
38768,20.5,51.5,297.1,1,normal,0
38770,20.61,51.66,298.4,0,normal,0
38772,20.58,51.38,295.0,0,normal,0
38774,20.61,51.41,297.4,0,normal,0
38776,20.71,51.65,298.4,0,normal,0
38778,20.67,51.65,293.8,0,normal,0
38780,20.58,51.38,289.0,1,normal,0
38782,20.54,51.03,290.9,0,normal,0
38784,20.47,51.04,291.7,0,normal,0
38786,20.61,51.01,287.0,0,normal,0
38788,20.66,51.3,292.2,0,normal,0
38790,20.61,51.43,294.5,0,normal,0
38792,20.66,51.3,293.2,0,normal,0
38794,20.82,51.37,293.5,0,normal,0
38796,20.81,51.14,290.7,0,normal,0
38798,20.91,51.03,295.6,0,normal,0
38800,20.73,50.89,298.9,0,normal,0
38802,20.63,50.71,299.8,0,normal,0
38804,20.59,50.81,298.7,0,normal,0
38806,20.63,50.83,299.2,1,normal,0
38808,20.6,51.11,291.1,0,normal,0
38810,20.46,51.22,291.4,0,normal,0
38812,20.44,51.24,292.1,0,normal,0
38814,20.5,51.33,293.0,0,normal,0
38816,20.56,51.15,288.8,0,normal,0
38818,20.47,51.21,286.2,0,normal,0
38820,20.42,51.47,284.8,0,normal,0
38822,20.42,51.67,288.0,0,normal,0
38824,20.43,51.47,288.8,0,normal,0
38826,20.48,51.49,291.0,0,normal,0
38828,20.53,51.65,291.7,0,normal,0
38830,20.36,52.31,289.3,0,normal,0
38832,20.42,52.22,286.1,0,normal,0
38834,20.38,52.09,290.6,0,normal,0
38836,20.42,52.26,291.1,0,normal,0
38838,20.39,52.49,291.4,0,normal,0
38840,20.54,52.13,293.9,0,normal,0
38842,20.47,52.13,288.1,0,normal,0
38844,20.42,52.12,289.5,0,normal,0
38846,20.32,51.97,293.5,0,normal,0
38848,20.26,52.06,294.4,0,normal,0
38850,20.29,52.02,287.5,0,normal,0
38852,20.43,51.89,290.1,0,normal,0
38854,20.36,52.29,285.1,0,normal,0
38856,20.42,52.45,287.5,0,normal,0
38858,20.46,52.35,289.6,0,normal,0
38860,20.66,52.14,295.1,0,normal,0
38862,20.51,52.13,302.9,0,normal,0
38864,20.61,52.14,297.6,0,normal,0
38866,20.77,52.0,296.9,0,normal,0
38868,20.79,51.93,297.1,0,normal,0
38870,20.7,51.79,299.3,0,normal,0
38872,20.83,51.84,295.4,0,normal,0
38874,20.78,51.58,294.3,0,normal,0
38876,20.68,51.56,295.7,0,normal,0
38878,20.79,51.63,296.4,0,normal,0
38880,20.72,51.53,296.3,0,normal,0
38882,20.79,51.51,293.9,0,normal,0
38884,20.81,51.41,296.0,0,normal,0
38886,20.8,51.65,293.2,0,normal,0
38888,20.8,51.78,298.8,0,normal,0
38890,20.83,52.16,299.1,0,normal,0
38892,20.66,52.23,294.1,0,normal,0
38894,20.52,51.77,293.0,0,normal,0
38896,20.51,51.8,288.6,0,normal,0
38898,20.64,51.75,291.6,0,normal,0
38900,20.66,51.92,296.3,1,normal,0
38902,20.66,51.8,297.3,0,normal,0
38904,20.67,51.5,299.5,0,normal,0
38906,20.61,51.51,292.8,0,normal,0
38908,20.62,51.23,294.0,0,normal,0
38910,20.67,51.41,293.8,0,normal,0
38912,20.73,51.27,293.3,0,normal,0
38914,20.83,51.58,298.3,0,normal,0
38916,20.75,51.72,300.4,0,normal,0
38918,20.7,51.71,295.0,0,normal,0
38920,20.74,51.6,294.8,0,normal,0
38922,20.87,51.57,294.9,0,normal,0
38924,20.8,51.74,289.7,0,normal,0
38926,20.92,51.83,292.4,0,normal,0
38928,20.86,51.99,288.6,0,normal,0
38930,20.82,52.1,286.4,0,normal,0
38932,20.9,51.73,291.7,0,normal,0
38934,20.88,51.45,296.3,0,normal,0
38936,20.87,51.35,299.4,0,normal,0
38938,20.76,51.58,297.2,0,normal,0
38940,20.74,51.45,297.4,0,normal,0
38942,20.89,51.28,303.0,0,normal,0
38944,20.85,51.65,301.5,0,normal,0
38946,20.85,51.61,296.5,0,normal,0
38948,20.71,51.55,301.0,0,normal,0
38950,20.7,51.76,300.2,0,normal,0
38952,20.69,51.43,295.3,0,normal,0
38954,20.64,51.34,295.7,0,normal,0
38956,20.63,51.22,295.9,0,normal,0
38958,20.63,51.43,297.9,0,normal,0
38960,20.65,51.58,295.3,0,normal,0
38962,20.62,51.37,290.4,0,normal,0
38964,20.59,51.26,288.6,0,normal,0
38966,20.59,51.14,291.5,0,normal,0
38968,20.52,51.19,297.4,0,normal,0
38970,20.48,51.46,293.5,0,normal,0
38972,20.51,51.37,289.4,0,normal,0
38974,20.5,51.39,286.6,0,normal,0
38976,20.56,51.61,286.5,0,normal,0
38978,20.53,51.65,285.8,0,normal,0
38980,20.64,51.45,288.1,0,normal,0
38982,20.69,51.4,288.7,0,normal,0
38984,20.83,51.31,292.0,0,normal,0
38986,20.7,51.45,293.3,1,normal,0
38988,20.54,51.86,298.7,0,normal,0
38990,20.71,52.02,301.7,0,normal,0
38992,20.65,52.05,300.3,0,normal,0
38994,20.56,52.16,291.7,0,normal,0
38996,20.65,52.21,295.4,0,normal,0
38998,20.79,52.22,295.4,0,normal,0
39000,21.0,52.16,292.5,0,normal,0
39002,21.11,52.13,291.8,0,normal,0
39004,21.01,51.92,298.7,0,normal,0
39006,20.93,52.39,294.3,0,normal,0
39008,20.93,51.97,293.9,0,normal,0
39010,20.84,51.67,292.6,0,normal,0
39012,20.86,51.48,290.4,0,normal,0
39014,20.82,51.48,293.1,0,normal,0
39016,20.86,51.34,299.9,0,normal,0
39018,20.8,51.29,297.6,0,normal,0
39020,20.62,50.87,296.6,0,normal,0
39022,20.59,50.9,298.1,0,normal,0
39024,20.53,50.72,296.7,0,normal,0
39026,20.53,50.75,292.5,0,normal,0
39028,20.57,50.94,293.4,0,normal,0
39030,20.55,50.69,293.2,0,normal,0
39032,20.59,50.64,292.5,0,normal,0
39034,20.57,50.9,295.8,0,normal,0
39036,20.65,51.25,292.8,0,normal,0
39038,20.55,51.34,292.0,0,normal,0
39040,20.62,51.72,292.0,0,normal,0
39042,20.66,51.85,292.8,0,normal,0
39044,20.59,51.64,296.2,0,normal,0
39046,20.72,51.65,296.9,0,normal,0
39048,20.81,51.73,301.2,0,normal,0
39050,20.86,51.63,296.5,0,normal,0
39052,20.85,51.54,299.6,0,normal,0
39054,20.86,51.95,300.5,0,normal,0
39056,20.8,52.02,300.3,0,normal,0
39058,20.81,51.85,297.3,0,normal,0
39060,20.89,51.63,293.0,0,normal,0
39062,20.8,51.28,295.4,0,normal,0
39064,20.7,51.56,292.7,0,normal,0
39066,20.74,51.3,295.4,0,normal,0
39068,20.81,51.43,296.7,0,normal,0
39070,20.8,51.19,297.7,0,normal,0
39072,20.94,51.39,298.6,0,normal,0
39074,21.09,51.29,300.1,0,normal,0
39076,20.91,51.18,300.5,0,normal,0
39078,20.84,51.37,302.0,0,normal,0
39080,20.7,51.27,299.9,0,normal,0
39082,20.82,51.44,301.0,0,normal,0
39084,20.66,51.56,302.3,0,normal,0
39086,20.68,51.27,304.6,0,normal,0
39088,20.6,51.36,301.5,0,normal,0
39090,20.49,51.34,301.5,0,normal,0
39092,20.62,51.14,299.4,0,normal,0
39094,20.64,51.6,304.2,0,normal,0
39096,20.62,51.51,298.9,0,normal,0
39098,20.6,51.75,298.1,0,normal,0
39100,20.66,51.49,298.4,0,normal,0
39102,20.79,51.34,295.3,0,normal,0
39104,20.81,51.19,295.4,0,normal,0
39106,20.87,51.0,296.7,0,normal,0
39108,20.81,50.93,299.7,0,normal,0
39110,20.81,50.77,299.9,1,normal,0
39112,20.81,51.06,297.1,0,normal,0
39114,20.69,50.98,297.7,0,normal,0
39116,20.82,51.23,294.3,0,normal,0
39118,20.78,50.84,293.3,0,normal,0
39120,20.82,50.67,291.3,0,normal,0
39122,20.83,50.83,294.9,0,normal,0
39124,20.95,50.93,292.1,0,normal,0
39126,20.85,50.74,291.0,0,normal,0
39128,20.86,50.92,295.0,0,normal,0
39130,20.89,50.74,295.2,0,normal,0
39132,20.86,50.92,293.3,0,normal,0
39134,20.95,51.14,292.6,0,normal,0
39136,20.84,51.09,288.4,0,normal,0
39138,20.89,51.13,289.5,0,normal,0
39140,20.86,51.37,288.5,0,normal,0
39142,20.88,51.54,293.2,0,normal,0
39144,20.8,51.98,291.2,0,normal,0
39146,20.87,51.59,290.3,0,normal,0
39148,21.02,51.75,289.9,0,normal,0
39150,21.01,51.79,291.1,0,normal,0
39152,20.96,51.76,294.8,0,normal,0
39154,20.86,51.43,294.2,0,normal,0
39156,20.84,51.52,301.8,0,normal,0
39158,20.9,51.83,300.6,0,normal,0
39160,20.79,51.6,299.0,0,normal,0
39162,20.74,51.32,300.7,0,normal,0
39164,20.81,51.41,303.3,0,normal,0
39166,20.95,51.44,298.9,0,normal,0
39168,21.2,51.62,295.6,0,normal,0
39170,21.23,51.6,300.7,0,normal,0
39172,21.25,51.54,301.2,0,normal,0
39174,21.33,51.23,305.1,0,normal,0
39176,21.17,51.18,298.2,0,normal,0
39178,21.21,51.18,294.2,0,normal,0
39180,21.17,51.39,295.7,0,normal,0
39182,21.1,51.46,302.1,0,normal,0
39184,21.08,51.33,300.0,0,normal,0
39186,21.03,51.3,300.7,0,normal,0
39188,20.8,51.51,299.1,0,normal,0
39190,20.79,51.76,293.4,0,normal,0
39192,20.89,52.23,298.9,0,normal,0
39194,20.87,52.39,297.0,0,normal,0
39196,20.95,52.31,293.4,0,normal,0
39198,20.95,51.89,294.0,0,normal,0
39200,20.97,51.69,288.2,0,normal,0
39202,20.98,51.35,290.2,0,normal,0
39204,20.99,50.96,299.1,0,normal,0
39206,20.93,50.82,298.7,0,normal,0
39208,20.92,50.77,295.2,0,normal,0
39210,21.07,50.89,298.0,0,normal,0
39212,20.88,50.85,297.7,0,normal,0
39214,20.93,50.65,298.2,0,normal,0
39216,21.04,50.56,300.2,0,normal,0
39218,20.93,50.4,300.7,0,normal,0
39220,21.05,50.35,298.4,0,normal,0
39222,21.02,50.29,302.7,0,normal,0
39224,21.02,50.25,304.1,0,normal,0
39226,20.92,50.35,300.1,0,normal,0
39228,21.08,50.63,298.2,0,normal,0
39230,21.13,50.87,301.6,0,normal,0
39232,21.23,50.9,298.0,0,normal,0
39234,21.27,50.94,298.2,0,normal,0
39236,21.29,50.96,298.0,0,normal,0
39238,21.35,51.01,298.0,0,normal,0
39240,21.26,51.09,298.3,0,normal,0
39242,21.24,51.07,300.9,0,normal,0
39244,21.28,51.13,300.3,0,normal,0
39246,21.34,50.69,296.9,0,normal,0
39248,21.32,50.9,292.5,0,normal,0
39250,21.32,50.73,298.4,0,normal,0
39252,21.23,50.65,298.2,0,normal,0
39254,21.38,50.9,301.1,0,normal,0
39256,21.37,50.93,302.8,0,normal,0
39258,21.35,50.74,300.9,0,normal,0
39260,21.44,50.93,298.2,0,normal,0
39262,21.38,51.02,289.0,0,normal,0
39264,21.42,50.47,291.0,0,normal,0
39266,21.23,50.84,291.9,0,normal,0
39268,21.25,50.92,288.6,0,normal,0
39270,21.26,50.68,291.3,0,normal,0
39272,21.27,50.74,291.3,0,normal,0
39274,21.38,50.59,291.5,0,normal,0
39276,21.44,50.56,292.5,0,normal,0
39278,21.44,50.85,295.4,0,normal,0
39280,21.43,51.09,297.9,0,normal,0
39282,21.4,51.29,296.1,0,normal,0
39284,21.36,51.17,293.9,0,normal,0
39286,21.34,51.02,296.2,0,normal,0
39288,21.33,51.08,300.5,0,normal,0
39290,21.23,51.1,299.7,0,normal,0
39292,21.27,51.18,302.4,0,normal,0
39294,21.14,51.02,300.0,0,normal,0
39296,21.2,51.15,305.4,0,normal,0
39298,21.16,51.1,299.9,0,normal,0
39300,21.08,51.06,293.9,0,normal,0
39302,21.15,50.71,292.4,0,normal,0
39304,21.21,50.59,294.5,0,normal,0
39306,21.19,50.54,294.6,0,normal,0
39308,21.23,50.36,297.6,0,normal,0
39310,21.19,50.31,295.1,0,normal,0
39312,21.3,50.5,296.8,0,normal,0
39314,21.38,50.42,299.8,0,normal,0
39316,21.38,50.57,300.4,0,normal,0
39318,21.43,50.93,302.8,0,normal,0
39320,21.46,50.89,300.5,0,normal,0
39322,21.42,51.04,306.8,0,normal,0
39324,21.39,50.88,299.8,0,normal,0
39326,21.41,50.9,298.1,0,normal,0
39328,21.51,50.67,294.0,0,normal,0
39330,21.24,50.54,296.0,0,normal,0
39332,21.18,50.42,294.6,0,normal,0
39334,21.26,50.7,296.3,0,normal,0
39336,21.27,50.44,294.7,0,normal,0
39338,21.31,50.44,301.4,0,normal,0
39340,21.27,50.56,299.6,0,normal,0
39342,21.24,50.39,299.6,0,normal,0
39344,21.3,50.19,303.2,0,normal,0
39346,21.21,50.16,298.3,0,normal,0
39348,21.22,50.2,299.9,0,normal,0
39350,21.36,50.29,301.8,0,normal,0
39352,21.22,50.36,299.6,0,normal,0
39354,21.27,50.35,300.9,0,normal,0
39356,21.19,50.28,300.4,0,normal,0
39358,21.22,50.5,304.5,0,normal,0
39360,21.16,50.66,303.2,0,normal,0
39362,21.24,50.77,302.9,0,normal,0
39364,21.27,50.64,301.5,0,normal,0
39366,21.34,50.37,299.0,0,normal,0
39368,21.39,50.15,299.9,0,normal,0
39370,21.45,50.37,296.1,0,normal,0
39372,21.46,50.66,299.9,0,normal,0
39374,21.31,50.84,304.8,0,normal,0
39376,21.25,50.67,302.4,0,normal,0
39378,21.18,50.67,301.0,0,normal,0
39380,21.25,50.81,299.5,0,normal,0
39382,21.43,50.44,303.2,0,normal,0
39384,21.28,50.2,305.1,0,normal,0
39386,21.36,50.23,302.1,0,normal,0
39388,21.34,50.38,302.1,0,normal,0
39390,21.31,50.08,298.1,0,normal,0
39392,21.29,49.98,302.3,0,normal,0
39394,21.27,49.96,301.4,0,normal,0
39396,21.37,50.12,295.6,0,normal,0
39398,21.41,50.35,295.6,0,normal,0
39400,21.42,50.4,296.8,0,normal,0
39402,21.4,50.39,295.0,0,normal,0
39404,21.29,50.42,299.9,0,normal,0
39406,21.26,50.5,301.7,0,normal,0
39408,21.21,50.76,295.8,0,normal,0
39410,21.15,50.77,296.1,0,normal,0
39412,21.19,50.9,293.0,0,normal,0
39414,21.19,50.8,297.5,0,normal,0
39416,21.26,50.89,299.6,0,normal,0
39418,21.3,50.86,301.8,0,normal,0
39420,21.36,51.23,301.0,0,normal,0
39422,21.36,50.79,299.6,0,normal,0
39424,21.42,50.59,299.9,0,normal,0
39426,21.41,50.25,301.3,0,normal,0
39428,21.28,50.16,307.2,0,normal,0
39430,21.27,50.14,312.2,0,normal,0
39432,21.35,50.21,306.2,0,normal,0
39434,21.3,50.41,303.1,0,normal,0
39436,21.45,50.22,301.5,0,normal,0
39438,21.68,50.38,301.6,0,normal,0
39440,21.63,50.17,300.4,0,normal,0
39442,21.77,50.12,295.9,0,normal,0
39444,21.68,50.33,297.4,0,normal,0
39446,21.82,49.8,303.4,0,normal,0
39448,21.86,49.65,303.0,0,normal,0
39450,21.96,50.19,299.8,0,normal,0
39452,22.08,50.17,296.9,0,normal,0
39454,22.06,50.07,299.3,0,normal,0
39456,22.12,50.42,295.3,0,normal,0
39458,21.98,50.33,298.3,0,normal,0
39460,21.92,50.67,293.1,0,normal,0
39462,21.84,50.8,299.1,0,normal,0
39464,21.79,50.71,298.9,0,normal,0
39466,21.78,50.93,302.1,0,normal,0
39468,21.77,50.64,301.5,0,normal,0
39470,21.74,50.79,297.5,0,normal,0
39472,21.78,50.72,299.5,0,normal,0
39474,21.83,50.72,296.3,0,normal,0
39476,21.83,50.46,302.8,0,normal,0
39478,21.84,50.6,304.0,0,normal,0
39480,21.86,50.22,307.7,0,normal,0
39482,21.68,50.19,306.8,0,normal,0
39484,21.61,50.14,307.6,0,normal,0
39486,21.81,50.12,306.3,0,normal,0
39488,21.65,50.19,302.1,0,normal,0
39490,21.66,50.1,300.2,0,normal,0
39492,21.54,50.03,296.0,0,normal,0
39494,21.39,50.32,298.6,0,normal,0
39496,21.45,50.01,295.2,0,normal,0
39498,21.45,50.27,294.3,0,normal,0
39500,21.4,50.37,299.4,0,normal,0
39502,21.35,50.34,301.0,0,normal,0
39504,21.34,50.46,296.1,0,normal,0
39506,21.43,50.17,291.4,0,normal,0
39508,21.5,50.52,291.6,0,normal,0
39510,21.53,50.65,296.5,0,normal,0
39512,21.76,50.47,298.6,0,normal,0
39514,21.79,50.43,299.9,0,normal,0
39516,21.82,50.52,296.0,0,normal,0
39518,21.87,50.67,299.6,0,normal,0
39520,21.69,50.65,299.4,0,normal,0
39522,21.66,50.48,297.4,0,normal,0
39524,21.62,50.4,300.9,0,normal,0
39526,21.6,50.31,296.8,0,normal,0
39528,21.53,50.5,302.3,0,normal,0
39530,21.57,50.36,297.5,0,normal,0
39532,21.59,49.95,297.8,0,normal,0
39534,21.69,50.16,299.7,0,normal,0
39536,21.61,49.99,302.1,0,normal,0
39538,21.67,49.65,302.8,0,normal,0
39540,21.58,49.49,302.7,0,normal,0
39542,21.66,49.25,305.0,0,normal,0
39544,21.7,49.14,300.7,1,normal,0
39546,21.8,49.34,298.6,0,normal,0
39548,21.87,49.56,299.2,0,normal,0
39550,21.97,49.65,301.4,0,normal,0
39552,22.06,49.96,300.0,0,normal,0
39554,22.01,49.77,295.7,1,normal,0
39556,21.93,49.88,290.8,0,normal,0
39558,21.97,49.88,295.2,0,normal,0
39560,21.96,50.12,300.1,0,normal,0
39562,22.02,50.06,299.7,0,normal,0
39564,22.04,49.81,300.6,0,normal,0
39566,21.99,49.88,296.9,0,normal,0
39568,21.97,50.23,298.0,0,normal,0
39570,21.89,50.26,300.0,0,normal,0
39572,21.89,50.31,298.4,0,normal,0
39574,21.84,50.62,295.2,0,normal,0
39576,21.85,50.63,293.3,0,normal,0
39578,21.83,50.63,291.7,0,normal,0
39580,21.96,50.98,291.7,0,normal,0
39582,21.89,50.8,285.0,0,normal,0
39584,21.74,50.66,286.5,0,normal,0
39586,21.8,50.93,295.7,0,normal,0
39588,21.75,51.2,298.2,0,normal,0
39590,21.79,50.99,297.4,0,normal,0
39592,21.91,50.86,298.8,0,normal,0
39594,21.93,50.54,294.1,1,normal,0
39596,21.85,50.32,295.8,0,normal,0
39598,21.94,50.38,296.5,0,normal,0
39600,21.94,50.46,298.2,0,normal,0
39602,21.91,50.32,298.5,0,normal,0
39604,21.96,50.3,300.5,0,normal,0
39606,21.99,50.05,304.4,1,normal,0
39608,22.06,50.14,301.2,0,normal,0
39610,22.09,50.09,301.5,0,normal,0
39612,22.15,50.07,300.3,0,normal,0
39614,22.27,50.43,296.7,0,normal,0
39616,22.14,50.46,298.6,0,normal,0
39618,22.0,50.53,305.6,0,normal,0
39620,22.05,50.49,303.8,0,normal,0
39622,22.11,50.24,301.5,0,normal,0
39624,22.1,50.19,302.7,1,normal,0
39626,22.11,50.13,306.4,1,normal,0
39628,22.16,49.87,307.0,0,normal,0
39630,22.24,50.11,304.4,0,normal,0
39632,22.15,50.08,301.3,0,normal,0
39634,22.16,50.04,298.1,0,normal,0
39636,22.14,50.02,302.0,1,normal,0
39638,22.08,49.94,304.5,0,normal,0
39640,22.0,50.45,307.4,0,normal,0
39642,22.03,50.84,308.3,0,normal,0
39644,21.94,50.61,308.9,0,normal,0
39646,21.89,50.29,310.3,0,normal,0
39648,21.93,50.43,308.6,1,normal,0
39650,21.87,50.18,307.6,0,normal,0
39652,21.9,50.2,306.9,0,normal,0
39654,21.91,50.02,305.3,0,normal,0
39656,21.98,49.9,305.7,0,normal,0
39658,22.01,49.87,302.1,0,normal,0
39660,22.06,49.81,296.7,0,normal,0
39662,22.12,49.66,294.7,0,normal,0
39664,22.26,49.85,299.3,0,normal,0
39666,22.25,49.41,306.2,0,normal,0
39668,22.05,49.46,309.1,0,normal,0
39670,22.08,49.38,302.8,0,normal,0
39672,22.04,49.48,299.0,0,normal,0
39674,22.21,49.35,302.7,0,normal,0
39676,22.27,49.57,301.3,0,normal,0
39678,22.36,49.87,301.2,0,normal,0
39680,22.36,50.05,298.2,0,normal,0
39682,22.32,49.96,294.3,0,normal,0
39684,22.3,50.05,295.9,0,normal,0
39686,22.29,50.25,302.5,0,normal,0
39688,22.14,50.49,300.9,0,normal,0
39690,22.25,50.23,301.4,0,normal,0
39692,22.18,50.18,303.4,0,normal,0
39694,22.21,49.57,299.5,0,normal,0
39696,22.09,49.87,299.7,0,normal,0
39698,22.15,49.98,301.8,0,normal,0
39700,22.18,49.97,299.1,0,normal,0
39702,22.15,49.54,298.1,0,normal,0
39704,22.15,49.47,299.5,0,normal,0
39706,22.02,49.46,297.7,0,normal,0
39708,22.05,49.32,298.6,0,normal,0
39710,22.04,48.93,300.6,0,normal,0
39712,22.3,49.05,299.6,0,normal,0
39714,22.13,48.87,300.4,0,normal,0
39716,22.15,49.02,295.4,0,normal,0
39718,22.15,49.26,299.1,0,normal,0
39720,22.2,49.42,299.2,0,normal,0
39722,22.27,49.3,304.0,0,normal,0
39724,22.41,49.35,301.2,0,normal,0
39726,22.34,49.59,306.4,0,normal,0
39728,22.43,49.75,300.5,0,normal,0
39730,22.49,50.14,300.1,0,normal,0
39732,22.52,50.04,307.3,0,normal,0
39734,22.74,50.11,307.5,0,normal,0
39736,22.75,50.0,302.2,0,normal,0
39738,22.75,49.81,296.9,0,normal,0
39740,22.71,49.85,295.2,0,normal,0
39742,22.64,49.59,295.0,0,normal,0
39744,22.53,49.97,295.7,0,normal,0
39746,22.56,49.97,294.5,0,normal,0
39748,22.56,49.93,294.9,0,normal,0
39750,22.49,49.93,297.3,0,normal,0
39752,22.46,50.17,292.5,0,normal,0
39754,22.43,49.67,295.2,0,normal,0
39756,22.45,49.61,293.3,0,normal,0
39758,22.49,49.55,302.1,0,normal,0
39760,22.46,49.19,296.4,0,normal,0
39762,22.38,49.39,293.1,0,normal,0
39764,22.4,49.6,291.6,0,normal,0
39766,22.57,49.35,297.0,0,normal,0
39768,22.53,49.53,290.7,0,normal,0
39770,22.57,49.86,293.9,0,normal,0
39772,22.6,49.86,294.4,0,normal,0
39774,22.5,49.3,296.3,0,normal,0
39776,22.49,49.01,304.3,0,normal,0
39778,22.5,49.11,310.3,0,normal,0
39780,22.63,48.72,308.1,0,normal,0
39782,22.64,48.83,301.7,0,normal,0
39784,22.65,48.8,303.4,0,normal,0
39786,22.66,49.11,303.7,0,normal,0
39788,22.69,49.21,310.2,0,normal,0
39790,22.72,49.31,313.9,1,normal,0
39792,22.65,49.39,310.5,0,normal,0
39794,22.55,49.46,304.0,0,normal,0
39796,22.55,48.99,305.7,0,normal,0
39798,22.6,49.14,306.8,0,normal,0
39800,22.57,49.13,305.0,0,normal,0
39802,22.56,49.11,301.0,0,normal,0
39804,22.56,48.8,296.2,0,normal,0
39806,22.57,48.74,294.2,0,normal,0
39808,22.71,49.06,294.3,0,normal,0
39810,22.7,49.1,291.9,0,normal,0
39812,22.88,49.0,293.3,0,normal,0
39814,22.95,48.91,296.4,0,normal,0
39816,22.81,49.07,304.0,0,normal,0
39818,22.74,49.19,302.1,0,normal,0
39820,22.7,49.29,303.8,0,normal,0
39822,22.69,49.63,304.0,0,normal,0
39824,22.62,49.68,302.3,0,normal,0
39826,22.63,49.9,306.6,0,normal,0
39828,22.65,49.96,305.0,0,normal,0
39830,22.55,49.83,305.7,0,normal,0
39832,22.6,49.7,305.9,0,normal,0
39834,22.58,49.39,305.0,0,normal,0
39836,22.52,49.41,304.1,0,normal,0
39838,22.58,49.62,297.8,0,normal,0
39840,22.5,49.39,300.9,0,normal,0
39842,22.66,49.01,298.3,0,normal,0
39844,22.63,49.11,301.8,0,normal,0
39846,22.69,49.35,303.4,0,normal,0
39848,22.83,49.31,303.6,0,normal,0
39850,22.72,49.37,312.7,0,normal,0
39852,22.7,49.34,317.4,0,normal,0
39854,22.72,49.37,311.5,0,normal,0
39856,22.73,49.64,313.0,0,normal,0
39858,22.88,49.25,310.2,0,normal,0
39860,22.86,49.3,304.1,0,normal,0
39862,22.87,49.11,303.6,1,normal,0
39864,22.82,49.19,303.0,0,normal,0
39866,22.86,49.56,299.1,0,normal,0
39868,22.76,49.63,298.1,0,normal,0
39870,22.81,49.54,298.9,0,normal,0
39872,22.82,49.37,295.9,0,normal,0
39874,22.71,49.49,299.5,0,normal,0
39876,22.68,49.58,297.9,0,normal,0
39878,22.71,49.54,295.1,0,normal,0
39880,22.73,49.31,302.8,1,normal,0
39882,22.64,49.21,301.4,0,normal,0
39884,22.46,48.84,298.3,0,normal,0
39886,22.37,48.97,300.8,0,normal,0
39888,22.52,48.85,302.0,0,normal,0
39890,22.5,48.77,305.2,0,normal,0
39892,22.36,48.69,304.8,0,normal,0
39894,22.46,48.51,308.5,0,normal,0
39896,22.47,48.52,312.4,0,normal,0
39898,22.59,48.9,311.9,0,normal,0
39900,22.59,48.67,308.2,0,normal,0
39902,22.57,48.74,302.9,0,normal,0
39904,22.64,48.28,308.9,0,normal,0
39906,22.65,48.12,304.6,0,normal,0
39908,22.51,48.16,307.2,0,normal,0
39910,22.66,48.24,309.4,0,normal,0
39912,22.67,48.35,306.6,0,normal,0
39914,22.82,48.32,307.7,1,normal,0
39916,22.75,48.61,305.5,0,normal,0
39918,22.83,48.61,305.8,0,normal,0
39920,22.9,48.71,307.4,0,normal,0
39922,22.77,48.91,309.0,0,normal,0
39924,22.84,49.2,302.5,0,normal,0
39926,22.86,49.09,304.5,0,normal,0
39928,22.69,49.42,306.2,0,normal,0
39930,22.73,49.65,303.5,0,normal,0
39932,22.84,49.93,301.4,0,normal,0
39934,22.83,49.7,297.5,0,normal,0
39936,22.78,49.73,301.8,0,normal,0
39938,22.89,49.89,299.7,0,normal,0
39940,22.94,50.02,296.8,0,normal,0
39942,23.05,50.08,299.2,0,normal,0
39944,23.08,49.92,299.2,0,normal,0
39946,23.09,50.0,304.4,0,normal,0
39948,23.04,50.05,307.5,0,normal,0
39950,22.98,49.87,305.0,0,normal,0
39952,22.98,49.71,308.0,0,normal,0
39954,23.17,49.84,303.7,0,normal,0
39956,23.14,49.6,307.5,0,normal,0
39958,23.17,49.79,309.9,0,normal,0
39960,23.08,49.88,305.5,0,normal,0
39962,23.05,49.88,309.3,0,normal,0
39964,23.07,49.99,306.7,0,normal,0
39966,22.95,49.85,307.3,0,normal,0
39968,22.91,49.63,306.7,1,normal,0
39970,22.99,49.27,304.1,0,normal,0
39972,23.17,49.32,303.6,0,normal,0
39974,23.2,49.56,308.2,0,normal,0
39976,23.16,49.71,305.2,0,normal,0
39978,23.17,49.6,302.0,0,normal,0
39980,23.03,49.49,305.3,0,normal,0
39982,22.97,49.58,303.8,0,normal,0
39984,22.88,49.58,302.0,0,normal,0
39986,22.89,49.45,299.1,0,normal,0
39988,22.92,49.41,305.5,0,normal,0
39990,22.89,49.22,305.6,0,normal,0
39992,22.85,49.07,305.2,0,normal,0
39994,23.01,49.19,304.7,0,normal,0
39996,23.14,49.02,306.2,0,normal,0
39998,23.15,49.26,301.7,0,normal,0
